,Team,Conf,G,Rec,AdjOE,AdjDE,Barthag,EFG%,EFGD%,TOR,TORD,ORB,DRB,FTR,FTRD,2P%,2P%D,3P%,3P%D,Adj T.,WAB
0,Gonzaga,WCC,29,26–3,120.9,88.5,.9731,59.4,43.2,15.9,17,29,23,29.7,22.2,60.9,41.6,37.9,30.7,73.8,6.7
1,Houston,Amer,34,29–5,117.1,88.9,.9598,53.6,43.5,17.1,21.7,37.8,27.3,28.7,35.1,55.1,43.5,34.1,29,65.1,6.2
2,Baylor,B12,32,26–6,117.5,90.7,.9515,52.9,47.8,18.2,22.9,36.3,28.4,28.5,26.9,53.5,49.5,34.6,29.9,68.6,8.9
3,Kansas,B12,34,28–6,120.2,92.9,.9511,54.1,46.9,17.8,18.4,33.4,28.9,32.8,27.8,54.5,47.9,35.5,30.1,70.1,10.4
4,Arizona,P12,34,31–3,118.0,92.4,.9433,55.9,44.4,18,17.7,34.5,28.3,35.1,22.8,57.5,41.9,35.4,32.7,73.4,8.8
5,Duke,ACC,34,28–6,120.4,94.4,.9428,55.6,47,14.9,16.1,31.9,28.5,28.6,18.9,55.8,46.9,36.8,31.4,68.7,7.2
6,Texas Tech,B12,34,25–9,109.1,85.5,.9428,52.4,45.5,20.3,23.6,33.3,26.1,36.1,32.1,55.1,44.3,31.4,31.3,67.4,6.6
7,Kentucky,SEC,33,26–7,119.1,93.9,.9393,53.3,46.5,16.6,17.4,37.8,24.9,27.2,25.1,53.7,47.2,34.9,30.3,68.7,6.9
8,Tennessee,SEC,33,26–7,110.1,86.9,.9380,50.3,46.2,18,22.9,32.8,27.4,29.6,31.6,48,45.8,35.8,31.2,68.3,8
9,Villanova,BE,33,26–7,117.1,93.0,.9345,52,47.5,15.5,18.8,30.9,28,30.5,25.1,50.3,48.2,35.9,31,63.6,7.3
10,Auburn,SEC,32,27–5,112.7,89.6,.9333,50.3,44.1,16.7,20.7,33.2,29.3,31.6,34.8,51.9,42.6,32,31.2,71,7.4
11,Purdue,B10,34,27–7,122.6,97.5,.9332,57,49.6,17.3,14.1,35.2,23.6,36.3,21.4,55.9,49.2,39.1,33.5,66.8,7
12,UCLA,P12,32,25–7,115.1,91.6,.9325,50.6,47.7,13.4,19.7,31.9,24.8,29.8,29.2,49.6,47.3,35.2,32.2,66.8,5.1
13,Iowa,B10,35,26–9,121.1,97.7,.9216,53.6,49.8,12.9,19.3,32.2,30.2,30.4,26.2,52.6,50,36.8,32.9,70.8,4.5
14,Texas,B12,32,21–11,111.6,90.5,.9172,50.1,46.5,18.2,23.3,31.9,30,32.3,36.8,50.9,46.1,32.3,31.6,64.1,3.4
15,Illinois,B10,31,22–9,113.6,93.1,.9075,53.1,46.3,17.7,15.6,33.4,25.8,31.7,28.4,51.7,45.5,36.7,32.2,68.1,4.2
16,Virginia Tech,ACC,35,23–12,114.7,94.9,.8979,55.2,48.7,17,18.8,28.1,26.1,23.7,25.2,52.5,49.4,39.3,31.7,64,1.7
17,LSU,SEC,33,22–11,105.8,88.1,.8911,49.5,45.1,20.4,25.3,33.7,31.2,33,38.4,50.5,47.7,31.9,28,69.8,2.3
18,Saint Mary's,WCC,31,24–7,107.8,90.1,.8873,52.6,48.3,17.1,19.5,27.3,21.9,23.2,24.4,52.6,47,35.1,34.4,64.8,3.9
19,Indiana,B10,33,20–13,108.0,90.5,.8838,51.3,45.6,17.3,17.4,26.9,25,33.5,30.6,51.4,43.4,33.9,32.6,68.2,0.2
20,Arkansas,SEC,33,25–8,109.4,92.0,.8801,49.2,47.5,17.4,20.6,30.9,25.8,37.9,32.3,50.9,46.4,30.7,32.8,71.7,4.5
21,Connecticut,BE,32,23–9,112.6,94.8,.8788,49.6,45.7,17.4,18,38,27.5,30.6,31.9,47.8,42.8,35.3,34.5,66.2,3.1
22,San Francisco,WCC,32,23–9,109.4,92.2,.8781,53.1,46.9,18.1,18.5,30.3,23.8,28.4,32.2,53.9,48.4,34.7,28.9,69.8,1.6
23,Memphis,Amer,31,21–10,110.4,93.2,.8753,52.6,46.5,22.9,20.9,37.5,31,38.4,32.9,52,45.3,35.9,32.1,71.5,1.4
24,Alabama,SEC,32,19–13,115.9,98.1,.8719,51.5,49.4,19.8,17.7,35.5,30.7,33.6,35.2,56.3,49.3,30.8,33.1,72.8,2
25,Oklahoma,B12,33,18–15,109.8,93.2,.8686,54.5,49.1,22.3,20.6,25.6,26.3,28.3,26.8,57,50.5,33.9,30.9,66,1.1
26,Michigan,B10,31,17–14,113.9,96.7,.8681,52.3,50.3,17.1,15,31.2,23.8,28.9,26.6,53,50.8,34,33,67.2,0.2
27,North Carolina,ACC,33,24–9,112.8,95.9,.8663,52.1,49.8,16.5,14.1,30.4,20.8,29.6,21.5,50.7,48.3,36.2,34.9,71.2,4.3
28,Wisconsin,B10,31,24–7,110.1,93.8,.8639,48.2,49.4,12.7,16.9,25.8,24,32.3,27.7,48.9,49.9,31.3,32.3,67.5,6.5
29,San Diego St.,MWC,31,23–8,101.4,86.4,.8635,48.8,44,19.3,21.7,29.6,27,31.3,30.6,46.6,43.1,35.8,30.4,66.2,2.6
30,Ohio St.,B10,30,19–11,116.3,99.5,.8578,54.8,47.9,16.7,15.3,28.8,28.6,33.5,29.2,54,46.2,37.3,34,66.2,1.3
31,Wake Forest,ACC,32,23–9,111.3,95.3,.8563,56.2,47.5,18.8,17.4,27.1,26.2,32,28.7,58.7,46.7,35.2,32.7,71,1.5
32,Boise St.,MWC,33,26–7,106.9,91.9,.8506,51.1,48.2,18.5,20.1,30.6,21.9,35.2,25.8,51.1,48,34.1,32.4,65.7,3.5
33,Oklahoma St.,B12,30,15–15,102.6,88.2,.8501,48,45.7,21.4,22.8,32.3,31.4,33,31.2,49.8,43.7,29.5,32.4,68.9,-0.8
34,Iowa St.,B12,32,20–12,103.1,88.7,.8498,49.9,48.4,20.4,24.5,28.2,28.5,28.1,36.2,50.9,50.7,32.1,29.6,67.3,2.8
35,Michigan St.,B10,34,22–12,110.9,95.5,.8485,52,47.5,19.2,15.3,30.7,27,30.4,28.3,49.7,47.9,37.8,31.2,68.7,2.9
36,Loyola Chicago,MVC,31,24–7,109.1,93.9,.8483,56.3,47,18.4,19.9,25.1,23.9,31.9,28.4,55.8,46.9,38,31.5,65.6,1.8
37,TCU,B12,32,20–12,107.4,92.9,.8415,48.9,47.7,21.6,18.4,37.8,26.1,31.2,26.7,50.5,47.9,30.3,31.5,66.9,2.9
38,Murray St.,OVC,29,27–2,109.6,95.0,.8382,52.9,48,17.1,21,35.5,25.4,31.1,24.6,53.5,50,34.7,30.1,67,3.5
39,Xavier,BE,31,18–13,110.5,95.9,.8361,50.4,48.4,16.5,18.2,29.2,25.8,35.6,25.4,51.4,48,32.5,32.7,69.4,-1.1
40,Notre Dame,ACC,31,21–10,111.9,97.1,.8353,54,49.1,15.5,15,22.1,24,27.7,22.9,52,49.9,37.8,31.7,66.6,1.9
41,Providence,BE,30,25–5,111.6,96.9,.8346,50.3,46.7,17.3,15.8,30.5,28,38.5,26.3,49.6,46.6,34.3,31.2,66.5,5.9
42,Washington St.,P12,33,19–14,107.8,93.8,.8332,48.5,47.5,16.8,21,33.6,30,29.9,31.1,46.5,46.9,34,32.4,67.3,-4
43,North Texas,CUSA,28,22–6,104.6,91.2,.8282,51.5,46,18.8,20,31.5,24.8,38.4,32.4,49.9,47.6,35.7,28.2,60.1,0.7
44,Florida,SEC,32,19–13,110.4,96.4,.8267,49.9,49.2,18.5,21.6,31.7,32.5,34.7,30.1,53.2,49.3,30.7,32.7,66.2,-0.9
45,Texas A&M,SEC,34,22–12,108.1,94.4,.8256,49.8,47.9,19.3,23.9,33.5,33.1,35.4,34.5,49.6,48.3,33.5,31.6,67.6,1.2
46,Seton Hall,BE,30,20–10,106.8,93.3,.8256,47.6,45.4,17.5,18.5,32.7,29.1,30.8,27.8,46.2,44.8,33.3,31,68.6,1.9
47,Davidson,A10,32,26–6,115.7,101.5,.8186,55.6,49.4,14.8,16.9,23.6,22.2,32.9,28,54.2,48.4,38.4,33.8,65.7,2.1
48,Syracuse,ACC,33,16–17,115.9,101.7,.8185,52.5,50.6,15.4,16.7,29.2,32.1,28.3,23.5,49.9,51.6,37.6,33,68.7,-3.8
49,Colorado St.,MWC,29,24–5,112.5,98.7,.8179,55.2,49.9,15.1,18.4,21.9,24.9,30.4,25,56.3,50.5,35.7,32.7,66.4,4.3
50,Utah St.,MWC,32,17–15,109.6,96.3,.8173,54.5,49.4,18.3,18.5,25.7,22.9,28.7,29.3,56.6,48.6,34.2,33.8,67.5,-4.7
51,USC,P12,33,26–7,109.3,96.0,.8160,51.1,44.7,17.7,14.7,33.8,27.2,30.9,26.3,50.1,41.6,35.4,33.7,67.1,4.1
52,SMU,Amer,31,23–8,109.3,96.0,.8160,52.1,44.8,17.7,17.1,27.8,30.3,35.9,25.3,50.4,44.5,36.3,30.3,69.3,1.8
53,Dayton,A10,33,23–10,108.2,95.1,.8142,53.9,47.3,19.4,17.5,30.8,23.3,31.3,24.1,53.5,46.2,36.5,32.7,64.1,-1.2
54,Miami FL,ACC,33,23–10,114.3,100.6,.8133,54.2,53.4,14.2,20.3,23.4,30.3,28.9,24.6,54.9,53.9,35.3,35.2,68.5,2.6
55,Mississippi St.,SEC,33,18–15,108.7,95.8,.8101,49.5,49.6,19.4,19.5,34.4,25.9,38.4,28.1,51.6,50.6,29.5,32.1,66.4,-2.4
56,VCU,A10,30,21–9,98.8,87.1,.8092,51,43.8,22.2,25.2,26.7,32.2,30.5,38.2,50.8,45.2,34.3,27.5,69.4,0.5
57,Saint Louis,A10,33,22–11,108.9,96.0,.8088,50.8,47.7,18.7,18.2,33.8,26.9,32.8,32.9,49.1,47.8,36.4,31.7,69,-1.5
58,UAB,CUSA,32,25–7,111.1,98.1,.8078,52.9,47.9,16.3,21.4,33.4,27.4,29.5,31.5,50.6,47.5,38.3,32.4,69.9,-0.1
59,Marquette,BE,31,19–12,107.9,95.3,.8060,52.6,46.7,17.3,19.1,22.4,31.4,26.8,29.7,52.9,46.2,34.7,31.7,72.1,0.6
60,St. John's,BE,32,17–15,109.7,97.0,.8044,50.8,48.9,15.9,21.3,30.7,31.5,26.1,33.2,51,47.5,33.5,34.1,74.5,-3.3
61,West Virginia,B12,33,16–17,107.5,95.1,.8036,46.8,50.6,18.2,22.5,30,33.6,36.1,34.1,45.7,51.7,32.8,32.4,68.9,-1.1
62,Creighton,BE,33,22–11,104.2,92.3,.8017,50.9,44.9,20.5,15.5,28.6,28.4,26,20.3,53.9,43.5,30.7,31.7,67.9,1.7
63,Fresno St.,MWC,31,18–13,104.3,92.5,.7980,50,47.9,18.1,19.4,27.4,22.4,30.7,27.2,50.6,47.1,32.6,32.6,61.9,-4
64,Kansas St.,B12,31,14–17,108.1,96.2,.7936,49.4,49.5,16.9,19.8,25.2,28.3,29.6,32,47.5,52.4,34.6,30.2,67.4,-2.1
65,BYU,WCC,30,20–10,108.0,96.3,.7886,51.2,47.8,18.6,15.2,30.9,22.5,28.1,30.5,50.8,48.9,34.6,30.5,68.8,0.3
66,Virginia,ACC,32,19–13,106.9,95.5,.7848,49.7,48.8,16.3,18.3,28.3,29.1,28.1,23.5,50.3,47.7,32.2,33.9,60.3,-0.5
67,Oregon,P12,32,18–14,109.6,98.0,.7837,51.2,49.7,17.3,19.4,29.8,30.6,30.1,28.9,51.7,50.3,33.6,32.5,68.7,-2.4
68,Clemson,ACC,33,17–16,109.5,98.1,.7804,52.4,49.7,16.4,16.9,25.8,24.1,29.8,29.1,51.2,49.4,36.3,33.4,67.4,-3.7
69,Vanderbilt,SEC,33,17–16,105.2,94.3,.7804,50.3,48.1,19.3,21.2,27.2,28.7,39.3,35.2,49.5,50.1,34.1,30,68.5,-3.1
70,Vermont,AE,32,27–5,108.6,97.4,.7775,57.3,47.7,14.9,17.1,24,18.6,26.6,22.6,58.9,45.2,36.8,34.4,65.9,-0.8
71,Wyoming,MWC,32,24–8,108.7,97.5,.7774,52.4,47.2,16.7,15.8,25.6,24.1,37,24.5,54.5,48.3,33,30.3,66.8,1.9
72,Missouri St.,MVC,32,22–10,112.0,100.7,.7715,54.9,48.4,15.5,15.8,25.7,23.9,28,28.3,55,47.6,36.4,33.1,67.9,-2.5
73,Furman,SC,33,21–12,112.9,101.8,.7654,55.6,51.5,15.7,19.1,27.4,28.1,23.3,24.6,55,52.5,37.5,33.3,66,-4.5
74,South Dakota St.,Sum,32,28–4,115.0,104.0,.7612,59.7,51.5,15.3,15.8,24,24.2,35.2,21.3,56.3,50.6,44.2,35.2,70.7,1.5
75,Tulane,Amer,29,14–15,109.6,99.2,.7591,51.2,49.6,15,20.3,20.1,32.8,33.4,28.5,49,48.3,36.5,34.1,68.9,-5.1
76,Santa Clara,WCC,32,21–11,111.3,100.9,.7560,55.2,48.7,16.1,16.6,23.4,26.4,27.7,21.2,53.8,47,38.8,34.8,71.9,-1.7
77,Towson,CAA,33,25–8,109.1,99.0,.7538,52,47.7,18,19.3,36.1,26.5,34.2,31.2,50.8,48.1,35.9,31.4,65.6,-1.7
78,Chattanooga,SC,32,25–7,108.4,98.5,.7499,52.8,49.6,17,18,32.7,26.3,27,27.3,53.9,52.1,34.1,30.6,65.6,0.2
79,Northwestern,B10,30,14–16,106.2,96.8,.7422,49,50.8,14.1,19.3,25.6,25.1,25.1,34.8,47.2,47.7,34.6,36.8,68.8,-3.9
80,Belmont,OVC,31,24–7,107.4,98.0,.7413,55.8,49.4,16.9,21.1,24.7,27.5,26.2,23,61,48.3,32.7,34,70,-0.2
81,Wichita St.,Amer,28,15–13,103.3,94.3,.7394,46.7,47.3,18.7,20.1,32.3,28.3,31.7,30.4,46.7,47.2,31.2,31.6,68.1,-3.6
82,Rutgers,B10,31,18–13,104.6,95.6,.7365,49.5,48.3,17.3,18.2,29.3,27.1,26.9,28.8,49.1,46.5,33.6,34,66.1,-0.7
83,Maryland,B10,32,15–17,107.9,98.8,.7327,49.4,50.2,16.8,16.1,27.2,27.6,33.9,24.6,49.7,48.2,32.6,35.5,67.7,-3.8
84,New Mexico St.,WAC,29,23–6,106.1,97.5,.7262,52.2,45.5,20.7,16.9,33.3,26.2,35.4,27.8,54.1,45.8,33,30,67.3,0.7
85,Colorado,P12,32,21–11,104.3,95.9,.7243,50.4,47.7,19.8,17.6,30,24.8,35.1,27.3,47.9,47,37,32.6,68.3,-0.3
86,Cincinnati,Amer,32,17–15,104.2,95.8,.7241,46.9,45,15.2,17.9,30.1,29.6,29.6,34.5,46.7,44.2,31.4,31.2,68.6,-4.6
87,Toledo,MAC,32,25–7,109.6,100.9,.7217,53.5,47,14.9,15.4,30.6,27.4,28.7,23.5,53.4,47.1,35.9,31.2,69.9,-1.6
88,UNLV,MWC,31,17–14,106.6,98.2,.7210,49.1,48.4,17,17.2,27.1,25.9,30.7,30.8,48.6,48.8,33.2,31.9,67.3,-3.8
89,Iona,MAAC,32,25–7,106.5,98.2,.7172,50.7,46.4,17.8,19,31.6,29.4,37.6,34.1,51.1,46.9,33.3,30.3,70.3,-0.7
90,Richmond,A10,35,23–12,107.7,99.4,.7152,51.5,50.5,14.4,18.9,22.4,27.2,30.9,23.5,52.2,50,33.8,34.3,67.8,-1.6
91,Grand Canyon,WAC,29,21–8,103.9,95.9,.7149,49.9,43.5,19.2,18.6,34.8,28.4,31,33,48.3,45.1,34.8,26.9,66.6,-2.4
92,UCF,Amer,30,18–12,106.5,98.4,.7131,49.9,48.7,19.1,20.7,30.8,30.8,28.5,29.8,47.9,50,35,31.2,68.4,-1.7
93,Florida St.,ACC,31,17–14,105.2,97.3,.7126,49,52.2,18.1,21,31.7,31.1,30.3,30.4,48.7,50,33.1,36.9,68.8,-1.6
94,Drake,MVC,32,22–10,107.0,98.9,.7123,50.6,49.3,15.8,19.7,30.5,25.9,28.4,33.3,51.6,49.2,32.3,33,66.9,-2
95,Penn St.,B10,31,14–17,103.8,96.3,.7043,50.5,48.3,18.6,13.8,28.6,24.1,21.8,26.2,49.9,45.6,34.2,35.2,62.8,-3.9
96,Arizona St.,P12,31,14–17,99.8,92.7,.7007,47.1,46.3,17.3,19.6,24.9,30.3,21.2,32.3,47.7,46.1,30.7,31.1,68.3,-4.1
97,Mississippi,SEC,32,13–19,105.3,97.9,.6992,49.6,51.4,18,19.4,26.7,26.6,28.7,28,50,53.1,32.6,32.3,66.4,-7.1
98,Louisiana Tech,CUSA,31,21–10,105.0,97.9,.6922,51.9,48.2,16.9,19.3,26.1,28.1,31.1,28.1,52.5,47.4,34,33,69.4,-2.6
99,St. Bonaventure,A10,29,20–9,106.3,99.3,.6876,50,50.1,15.9,19.3,27.8,27.3,26.9,23,51.1,48.9,31.8,34.3,66.6,-0.5
100,Northern Iowa,MVC,29,18–11,108.7,101.7,.6838,52.6,53.8,16.3,18.3,21.2,21.4,34.3,23.1,53.3,54.4,34.4,35.4,68.3,-2.9
101,Bradley,MVC,30,16–14,102.8,96.4,.6778,51.1,46.9,19.9,18.2,31.9,23.5,27.3,30.2,51.1,46.1,34.1,32.2,68.3,-6.4
102,Middle Tennessee,CUSA,31,21–10,104.2,97.8,.6737,50.9,47.7,19.4,20.8,30.3,29.3,32.6,35.9,52.1,48.5,32.9,31,68.6,-3.2
103,DePaul,BE,31,15–16,106.1,99.8,.6689,48.8,48.8,17.4,16.8,31.7,28.5,33.4,26,49.4,47.8,31.7,33.7,69.7,-4.7
104,Minnesota,B10,30,13–17,106.2,100.0,.6665,50.7,51.2,14,15.8,17.7,27.5,23.6,23.3,48,51.6,36.8,33.7,66.1,-4.8
105,South Carolina,SEC,30,17–13,99.6,94.0,.6617,47.3,47.3,21.4,21.5,33.6,32.1,29.2,41.6,47.4,46.9,31.3,32,71.5,-1.1
106,Hofstra,CAA,30,19–11,109.3,103.1,.6601,53.4,54.4,14.7,20.4,23.3,26.9,21.7,26.3,55.6,52.1,33.8,38.3,69.9,-3.4
107,George Mason,A10,30,14–16,105.1,99.8,.6447,53,49.6,18,17.2,24.9,23.8,29,29.6,52.4,48.1,35.7,34.4,65.9,-8.1
108,North Carolina St.,ACC,32,11–21,109.5,104.0,.6420,47.9,53.4,14.5,18.3,30.3,31,29.1,29.4,45.9,53,34,36.1,68.1,-9
109,Liberty,ASun,30,19–11,105.1,99.9,.6417,55.5,48.3,18,17.1,22.2,22.8,28.4,31.4,54,46.3,38.1,34.2,66,-6.1
110,Utah Valley,WAC,30,18–12,102.0,97.0,.6401,50.6,45.4,22.1,15.6,32,24.5,38.1,28.3,48.7,46.6,36.8,29,66.8,-5.3
111,Louisville,ACC,32,13–19,102.6,97.7,.6377,48.8,50.3,18,16.3,27.3,24.9,25.1,30,50.5,49.1,30.9,34.9,68.2,-6.8
112,Stanford,P12,32,16–16,103.4,98.5,.6371,49.8,51.4,22.3,16.4,33.8,22.9,29.9,29,49.2,52.9,33.9,32.7,67,-3.2
113,Utah,P12,31,11–20,106.6,101.6,.6368,48.4,49.4,18.1,15.2,29.3,29.2,30,28.6,47.3,49.4,33.5,32.9,67.3,-9.4
114,Washington,P12,32,17–15,103.0,98.2,.6338,46.4,49.9,16.7,22.1,29.3,35.6,34.7,30.1,46.2,49.8,31.2,33.5,70.5,-4.4
115,Temple,Amer,29,17–12,101.4,96.8,.6307,45.4,45.5,18.5,17.2,32.7,29.3,39.7,31.7,44.7,46.3,31.1,29.4,67.3,-2.5
116,Boston College,ACC,33,13–20,103.7,99.3,.6215,47.8,51.5,17.9,18.7,29.9,25.7,29.6,31.5,48.5,49.8,30.9,36.4,66,-8.3
117,Morehead St.,OVC,31,20–11,103.0,98.7,.6192,52.4,46.5,20.4,17.3,30.7,29.5,29,23.7,51.6,45.3,35.8,32.6,65.6,-3.9
118,Stephen F. Austin,WAC,27,18–9,101.8,97.6,.6187,51.4,48.8,22.3,24.3,34.7,31.9,36.9,37.5,52.7,50.1,32.3,31.1,69.9,-3.1
119,Wofford,SC,30,17–13,105.9,101.6,.6153,53.9,53.8,17.7,19.7,26.9,22.2,28.2,28.6,55.5,53.3,34.8,36.2,65.1,-6.3
120,Princeton,Ivy,27,21–6,109.7,105.4,.6137,56.7,50.8,14.5,15.7,24.5,23.4,21.5,21.5,55.9,51.3,38.5,33.3,67.8,-2.1
121,Abilene Christian,WAC,29,19–10,102.0,98.1,.6103,47.8,51.3,17.5,28.6,27.8,31.6,38.5,48.8,48.3,51.1,31.4,34.3,71,-4.1
122,Nebraska,B10,32,10–22,105.1,101.1,.6097,50.3,51.5,17.1,18.3,20.6,31.4,33.3,29.4,51.8,51.2,32,34.7,72.4,-9.1
123,Rhode Island,A10,30,14–16,98.9,95.3,.6069,50.6,46.3,20.8,19.3,28.6,27.6,36.1,32.7,50.5,44.5,33.8,32.6,68.2,-8.5
124,Butler,BE,31,12–19,101.3,97.6,.6068,47.1,49.9,18.2,17.1,27.1,27.4,30.2,30.2,48.9,51.9,29.7,31.1,64.8,-5.3
125,Nevada,MWC,30,12–18,105.3,101.5,.6048,50.6,52.4,18.4,18.3,24.5,26.1,32,29.7,51.3,51.2,33,35.9,71.3,-7
126,Saint Peter's,MAAC,29,18–11,97.6,94.1,.6044,47.8,44.1,20.8,20.9,31.5,28,37.5,41,45.9,44,34.8,29.4,66.8,-5.6
127,Ohio,MAC,32,23–9,102.9,99.3,.5989,50.8,49.7,15.4,20.6,26.9,25.9,30.5,27.9,50.4,51.6,34.1,31,68.4,-3.5
128,Southern Illinois,MVC,30,15–15,101.4,98.0,.5984,51.5,49.7,18.1,18.7,23.2,23.3,29.1,27.6,50.6,50.2,35.1,32.4,63.1,-7.5
129,Western Kentucky,CUSA,30,17–13,105.2,101.6,.5980,52.8,50.7,17.6,19.9,25.1,30.4,31.3,16.5,52.1,48.6,35.9,35.6,69.7,-6.3
130,College of Charleston,CAA,32,17–15,104.6,101.1,.5974,50.3,51.2,20.9,19.1,35.7,25,30.4,37.6,50,51.3,33.9,34.1,74.6,-7.5
131,Delaware,CAA,33,21–12,106.8,103.2,.5972,53.5,49.3,18.4,18.5,26.8,31.2,34.6,29.3,54.2,47.5,35,34.9,67.6,-5.5
132,Florida Atlantic,CUSA,30,16–14,105.2,101.7,.5941,53.6,50.5,19.8,19.3,31.2,26,29.6,32.3,54.4,47.8,35,37.3,68.1,-8.1
133,California,P12,32,12–20,100.3,97.2,.5902,46.9,47.5,17.1,14.7,25.5,23.4,25.3,31.5,47.2,48.1,30.8,30.9,65.1,-8.8
134,Georgia Tech,ACC,31,11–20,100.3,97.4,.5847,49.6,50.1,18.9,18.8,25,28.1,25,31.5,48.6,51.4,34.4,32.1,69.1,-8.3
135,Longwood,BSth,28,22–6,105.6,102.6,.5811,51.7,50.6,18.2,20.1,33.6,24.5,35.9,26.8,48,53.6,38.6,31.1,66.8,-2.3
136,Colgate,Pat,33,22–11,106.4,103.6,.5778,55.9,49,16.9,16.2,26.5,24.8,26.8,24.3,52.7,48.2,40.2,33.7,68.2,-6.1
137,Seattle,WAC,30,21–9,99.0,96.4,.5776,48.3,46.4,16.3,20.5,26,25.6,28.8,40.5,47.1,46,33.1,31.4,71.4,-3.6
138,Texas St.,SB,25,18–7,105.0,102.2,.5769,51.3,50.8,19,22,30.8,29.1,32.6,34.5,48.8,49.7,38,34.9,64.7,-2.3
139,Kent St.,MAC,31,21–10,101.0,98.5,.5716,49.7,48.5,18.7,19.6,31,26.6,32.5,36,50.7,49.6,32.1,31.3,66.6,-4.5
140,Jacksonville St.,ASun,29,19–10,104.0,101.7,.5650,54.2,48,20,17.1,28.3,26.2,32.2,21.1,51.8,47.4,38.2,32.5,66.2,-5.2
141,Drexel,CAA,28,14–14,104.1,101.8,.5641,52,50.4,16.4,16.2,25.6,26.1,25.4,26.1,52,50.6,34.7,33.4,67.2,-7.7
142,Sam Houston St.,WAC,30,16–14,99.8,97.7,.5621,48.3,48.6,18.5,20.8,30.6,26.3,25,34.7,46.8,49.1,33.6,31.9,65.8,-7.1
143,Buffalo,MAC,28,17–11,105.7,103.4,.5616,51.6,48.2,18.6,15.8,37,27.9,25.6,29.4,51.6,48.3,34.4,31.9,72,-5.4
144,Montana St.,BSky,32,25–7,103.0,100.8,.5608,54.1,48.6,18.5,18.3,26.7,23.3,40.5,36.2,53.2,48.2,37.2,32.8,68,-2.8
145,Akron,MAC,31,22–9,104.8,102.7,.5594,52.8,49.3,17.7,17.6,29.1,26.3,40.1,26.2,52.4,47.8,35.6,34.7,63,-4.3
146,Saint Joseph's,A10,30,11–19,100.6,98.6,.5590,49.7,47.7,19.6,13.7,27,24.1,22.9,26.9,49,47.6,33.6,31.8,69.2,-11
147,Wagner,NEC,26,20–6,101.3,99.4,.5548,49.9,48.1,18,22.3,33.5,27.5,32.1,39.3,53,50.4,28.5,29.7,67.5,-2.5
148,UC Irvine,BW,23,13–10,97.9,96.1,.5531,47.6,44.1,20.6,17.2,29.9,27.6,29.7,31.2,47.4,46,32.1,26.6,66,-4.8
149,UC Santa Barbara,BW,26,15–11,103.3,101.5,.5526,53.5,48.1,19.3,19.5,28.4,27.2,37.2,30.4,55,48.2,33.4,32,66.4,-6.8
150,Appalachian St.,SB,30,16–14,101.0,99.1,.5520,48.1,49.7,15.8,18,26.6,26.1,26.9,21.9,46.7,50.2,33.3,32.6,65.2,-7
151,Gardner Webb,BSth,28,15–13,97.2,95.6,.5477,49.9,45.5,20,19,26.9,26.3,28.5,36.3,50.2,47.4,33,28.5,68.5,-7.7
152,Georgia St.,SB,25,15–10,100.8,99.4,.5409,45.1,49.7,16.9,22.7,32.8,30.7,30.2,32.8,43.1,45.4,32.3,37.9,68.2,-5.1
153,Yale,Ivy,29,18–11,99.8,98.4,.5390,50.1,48.9,18.3,18.2,25.6,26.5,32.7,31.1,50.5,51.1,32.9,30.4,69.8,-4.9
154,New Mexico,MWC,30,11–19,105.7,104.4,.5355,49.4,52,16.1,18,24,29.1,32.8,35.6,48.1,53.5,34.4,32.9,72.2,-9.6
155,UC Riverside,BW,26,14–12,100.0,98.8,.5341,50.7,47.1,18.4,16.1,22.4,22.4,26.9,28.2,52.2,47.8,32.3,30.2,66.3,-6.8
156,South Alabama,SB,26,15–11,101.8,100.6,.5339,51.7,47.3,19.4,20.8,26.7,31.5,31,30.7,51.9,46.7,34.2,32.1,67.6,-6.3
157,Tulsa,Amer,31,11–20,103.3,102.5,.5220,49.6,52.2,19,20.1,26.7,30.1,31,29,48.5,50.5,34.2,36.2,67.4,-10.6
158,East Tennessee St.,SC,30,13–17,107.3,106.5,.5212,51.8,53.1,17,16.6,30.6,31.1,21.7,26.1,51.1,54.7,35.1,34.2,66.4,-9.4
159,Monmouth,MAAC,34,21–13,101.5,100.8,.5201,47.5,47.3,17.3,17.8,29.4,27.9,36.9,33.6,46.3,46.6,33.1,32.3,67.2,-6.1
160,Missouri,SEC,32,11–21,101.5,100.8,.5191,47.1,50.8,21.6,17.9,31.4,29.7,29.9,35.6,49.4,49.7,28.1,35.1,66.7,-7
161,Mercer,SC,31,14–17,105.6,104.9,.5186,52.9,52.8,18.3,15.8,24.5,26.5,29.3,28.5,52.9,53.2,35.3,34.9,65.9,-9.7
162,Coastal Carolina,SB,25,12–13,102.0,101.4,.5175,49.7,46.1,20.5,16.9,33.9,29.8,32.5,26.3,47.6,48,35.7,29.3,66.9,-8.8
163,UTEP,CUSA,30,17–13,99.9,99.4,.5148,49,49.9,17,20.9,22.5,30.1,28.4,38.2,46.9,49.8,35,33.5,67.5,-5.9
164,Jacksonville,ASun,27,17–10,99.0,98.5,.5135,48.6,47.2,18.6,16.4,33.6,23.4,30.5,30.8,47.2,49.9,34.5,29.3,62.4,-5.6
165,Oakland,Horz,30,18–12,102.5,102.1,.5124,49.1,50.2,18,20.5,30.7,33.4,34,21.5,52.5,52.9,29.7,31,68.7,-6.1
166,East Carolina,Amer,30,15–15,102.1,101.7,.5120,47.1,50.5,18.7,18.5,27.6,28.5,33.5,31,45.3,48.8,33.3,35.3,68.8,-6.4
167,VMI,SC,28,13–15,109.6,109.3,.5075,55.5,51,16.6,14.1,22.6,29.8,25.6,24.8,54.5,50.1,37.6,34.6,69.3,-8.8
168,Navy,Pat,31,20–11,95.0,95.3,.4914,47.5,47.3,19.9,20.4,33.8,24.8,30.8,31.7,47,45.7,32.3,33.2,65.7,-6
169,North Dakota St.,Sum,31,21–10,101.0,101.4,.4897,51.8,47.6,17,12.7,24.8,23.1,33.4,25.5,51.1,47,35.3,32.5,67.2,-4.5
170,Hawaii,BW,26,15–11,100.9,101.3,.4887,50.4,46.9,19.7,15.9,29,25.1,32.5,31.7,49.5,47.2,34.6,30.9,66,-7.1
171,Oral Roberts,Sum,28,16–12,107.8,108.2,.4885,53.9,51.1,13.2,12.7,26.6,24.7,23,24.8,52.3,50.8,37.2,34.4,71.2,-6.8
172,Georgetown,BE,31,6–25,104.2,104.7,.4879,46.2,53.6,18.8,18,32.3,29.9,29,27.6,43.3,52.4,34.2,36.9,71,-13
173,Cleveland St.,Horz,28,18–10,104.0,104.5,.4877,53.4,49.6,19.5,22,33.8,31.9,36.2,34.1,55.4,50.1,33.1,32.6,68.5,-6.3
174,Cornell,Ivy,24,13–11,103.6,104.3,.4791,53.5,51.1,19.6,18.1,26.1,28.1,32.2,31.3,55.6,53,34.1,32.3,72.9,-6.3
175,Louisiana Lafayette,SB,29,14–15,100.3,101.0,.4784,48.6,46.9,22,18.4,33.6,27.6,35.5,35.5,47,46.2,34.3,32.2,70.6,-9.2
176,Samford,SC,29,18–11,103.3,104.1,.4766,51.8,52.1,19.3,17.8,30.1,29,28.9,32,53.4,52.6,33.1,34.4,70.1,-4.6
177,Portland,WCC,30,16–14,102.0,102.8,.4765,49.9,50.2,18.2,17.2,24,27.2,33.5,25.8,48.3,48.5,34.9,35.1,69.6,-6.6
178,Bellarmine,ASun,29,16–13,107.2,108.3,.4708,53.3,54.4,15,17.7,22.4,30.5,22.1,30.2,54.8,56.1,34.2,35,63.3,-5.6
179,Fordham,A10,32,16–16,93.7,94.7,.4696,45.7,47.9,18.9,19.6,27.2,26.3,29.7,30.4,46.7,48.5,29.7,31.2,68.7,-8.4
180,UNC Greensboro,SC,30,16–14,98.8,100.0,.4669,49.8,50.4,20.3,18.7,32.3,24.9,27.2,28.5,48.7,48.8,34.2,34.7,63.3,-7.4
181,Cal St. Fullerton,BW,29,19–10,102.0,103.2,.4663,49.2,50.8,18.1,20.2,29,28,35.7,26.1,48.7,48,33.5,37.1,67.1,-5
182,Winthrop,BSth,29,20–9,103.9,105.2,.4658,56.4,51,21.2,19.3,25.3,27.5,37.5,33.5,57,49.1,37,35.9,69.4,-3.2
183,Charlotte,CUSA,31,17–14,104.9,106.4,.4604,52.9,52.6,17.2,16.9,22.7,25.6,28,26.5,53.6,51.7,34.5,36.2,66.4,-7.4
184,Bryant,NEC,30,21–9,102.7,104.2,.4586,49.7,47.4,19.1,16.5,33,31.6,32.7,24.4,52.6,47,30.7,32.1,73.1,-4.8
185,Georgia,SEC,32,6–26,106.5,108.1,.4579,50.2,54.6,20.7,15.7,25.8,30.1,39,24.1,51.3,56.1,32.1,34.9,69.7,-13.7
186,Pittsburgh,ACC,32,11–21,99.0,100.5,.4560,46.7,52,21.2,16.5,30.5,26.1,39.4,29.4,46.5,49.5,31.4,36.8,65,-8.9
187,Weber St.,BSky,31,19–12,101.4,103.1,.4533,53.5,52.3,16.3,20.2,20,24.9,37.8,26.9,54.5,49.2,34.6,38.1,70.6,-7.7
188,Campbell,BSth,26,13–13,101.0,102.7,.4521,51.3,50.6,16.4,18.3,22.2,26.1,26.3,27.6,52.4,49.1,33,35.3,63.3,-8.8
189,UNC Wilmington,CAA,30,21–9,101.7,103.4,.4518,47.4,50.6,15.4,20.2,28.6,31.9,33.4,34.1,46.8,48.7,32.3,36.4,66.4,-3.6
190,Texas Southern,SWAC,30,18–12,96.9,98.6,.4492,48.7,44.9,21.4,17.4,33.8,28.2,32.7,34.3,49.2,45.2,31.7,29.5,68.7,-6.8
191,Massachusetts,A10,32,15–17,110.7,112.9,.4433,51.3,55.2,16.6,18,29.3,29.7,32.8,29.3,48,54.7,37.1,37.4,70,-9
192,Florida Gulf Coast,ASun,30,19–11,104.0,106.0,.4432,52.9,50.4,18.9,15.8,30.2,27.2,29.6,24.2,53.1,50.3,35.1,33.7,70.8,-6.7
193,Tarleton St.,WAC,28,11–17,99.1,101.1,.4431,46.3,52.4,18.2,24.7,27,34,33.7,35.6,46.3,54.7,30.9,32.9,64.2,-9.5
194,Long Beach St.,BW,30,18–12,100.7,102.7,.4430,49.2,51.6,18.2,20,27.4,27,37,27.9,47.2,50.7,35.7,35.5,71.9,-4.9
195,Troy,SB,28,17–11,97.3,99.3,.4407,47.4,48.4,21.9,20.4,31.9,27.5,34.9,34.4,46.9,47.8,32.2,32.9,67.9,-5.8
196,Arkansas St.,SB,26,15–11,98.6,100.7,.4389,49.3,49.2,20.6,19.3,29.4,28.4,34.5,28.2,50,48.8,31.9,33.3,69.2,-5.9
197,Norfolk St.,MEAC,27,21–6,99.9,102.1,.4372,51.5,45.1,19.9,18.5,29.8,27.2,39.1,33.3,51.3,46.3,34.5,29.1,68.2,-3.1
198,Indiana St.,MVC,28,8–20,99.0,101.2,.4370,50.6,51.7,19.2,15.8,17.3,22.5,26.4,26.2,52.8,50.1,32,36.1,70.4,-12.3
199,Illinois St.,MVC,31,11–20,104.1,106.6,.4335,51.8,51,19.5,17.2,28.5,29.8,31.3,31.9,49.7,50.5,36.9,34.5,69,-12.4
200,Southern Utah,BSky,29,18–11,103.3,105.7,.4334,52.1,51.8,17.1,17.7,28,22.7,34.7,28,53.1,52.5,33.7,33.9,69.4,-6.5
201,Wright St.,Horz,33,20–13,104.2,106.9,.4282,52,51.2,17.9,18.4,31.3,30,31.1,26,53.2,51.6,33,33.7,69.6,-8.4
202,Northern Kentucky,Horz,30,18–12,99.9,102.5,.4274,49.5,49.5,19.9,21.1,36,31,26.6,25,48.3,50,34.1,32.4,65,-8
203,Old Dominion,CUSA,31,12–19,99.6,102.2,.4273,46.9,49.7,18.4,17.1,32.3,27.3,34.3,29.4,48.1,48.4,29,34.2,65.2,-12.3
204,Loyola Marymount,WCC,28,10–18,104.5,107.3,.4241,51.9,54.7,19.2,18.1,24.4,27.3,31.1,31.9,52.3,55,34.2,36,66.8,-9.4
205,Nicholls St.,Slnd,28,17–11,100.1,103.2,.4134,52.5,48.5,17.3,19.6,30,30.7,21.9,36.3,54.8,47,32.4,33.9,70.7,-5.8
206,Fort Wayne,Horz,30,19–11,98.8,101.9,.4117,53.3,52.9,19.2,21.7,22.3,27.2,26.8,26.5,52.2,53.2,36.5,34.9,69.2,-7.4
207,UC Davis,BW,22,12–10,97.6,100.7,.4108,48.6,47.3,17.9,19.2,26.2,28.9,29.4,36.9,48.7,45.4,32.3,33.9,68.2,-7.1
208,Fairfield,MAAC,32,14–18,99.8,103.0,.4107,49.3,48.1,16.8,17,27.4,27.7,26.6,31.2,48.6,48.1,33.5,32.2,65.2,-12.7
209,Northern Colorado,BSky,32,18–14,106.7,110.3,.4081,56,52.9,16.9,14.4,21.3,24.5,31.6,31.3,55.2,50.9,38,37.9,70.4,-8
210,Valparaiso,MVC,30,12–18,101.6,104.9,.4079,51,52.3,16.5,16.5,20.3,24.8,26.9,22.6,52.1,51.6,32.9,35.6,66.2,-10.8
211,San Diego,WCC,29,13–16,96.3,99.5,.4076,46.7,49.2,18.6,16,26.3,26.4,25.5,23.7,46.2,49,32.1,33.2,66.7,-7.8
212,Brown,Ivy,27,11–16,99.2,102.4,.4073,49.4,51.1,19.1,19.5,28.2,28.1,31.6,33.2,50.6,51.3,31.7,33.9,68.5,-9.9
213,James Madison,CAA,27,13–14,102.4,105.8,.4067,51.1,53.3,17.7,20.6,25.9,31.5,30.6,27.5,50.9,55.7,34.2,33.7,69.9,-8.3
214,UMKC,Sum,27,15–12,99.2,102.6,.4042,52.3,52,15.6,21,21.5,26.6,31.6,44.4,51.6,52.8,35.8,33.6,68.3,-7.3
215,Harvard,Ivy,23,10–13,97.6,101.0,.4040,49.6,52.1,17.5,20.7,25.2,23.8,24.5,32.6,50,49.8,32.6,37.1,68.1,-9.5
216,Oregon St.,P12,31,3–28,104.7,108.4,.4021,49.2,55,18.2,17.5,26.2,34,27.6,29.1,49.8,55.8,31.9,35.9,67.6,-16.1
217,Niagara,MAAC,29,13–16,98.3,101.8,.3994,49.3,48.2,16.7,17.1,23.1,27.1,28.1,28.8,48.2,46.9,34,33.6,65.3,-10.5
218,Boston University,Pat,32,20–12,104.3,108.2,.3967,52.4,50.4,18.3,16.7,30.9,24.1,28.9,29.1,52.1,50.7,35.3,33.2,66.1,-8.3
219,Marist,MAAC,30,14–16,99.5,103.2,.3961,50.4,48.3,18.2,16.7,26.4,27.1,25,28.5,49.7,47.1,34.4,33.4,67.2,-11.6
220,Cal Baptist,WAC,30,15–15,98.7,102.6,.3890,50.3,48.1,20.5,17.3,27.9,27.8,37.4,33.3,50.4,47.8,33.4,32.5,68.5,-9.1
221,Penn,Ivy,28,12–16,104.5,108.8,.3863,51.3,52.1,17,15.3,25.4,28,24.1,28.8,52,52.1,33.5,34.7,68.9,-8.8
222,Detroit,Horz,28,13–15,104.6,109.1,.3829,52.6,54,18.1,19.1,28,29.5,23,31,50,54.9,36.8,35.1,65.8,-9.6
223,South Dakota,Sum,29,17–12,102.5,107.2,.3757,52,52.7,15.1,15.5,26.5,22.4,34.1,34.2,50,51.7,37.3,36.2,66.7,-7.6
224,Kennesaw St.,ASun,27,9–18,103.3,108.2,.3717,51.8,53.1,17.4,18.2,28.7,27.9,29.7,35.3,50.3,52.1,36.2,36.2,67.2,-12
225,Rice,CUSA,30,14–16,104.5,109.5,.3675,53,51.1,18.3,14.3,25.7,28.1,32,21,51.8,51.6,36.5,33.4,68.7,-9.6
226,Southern,SWAC,29,15–14,94.8,99.4,.3672,49.2,49.2,20.4,25.2,27.5,31.1,33.6,45.7,47.5,52.9,35,28.4,71.3,-8.7
227,High Point,BSth,29,11–18,98.5,103.3,.3657,48.9,49.5,19.5,17.7,27.4,30.2,33.9,35.3,49.4,52.1,32,30.1,67.4,-12.5
228,Western Illinois,Sum,29,14–15,100.6,105.5,.3651,50.2,52.7,16.1,17.3,29.3,22.6,29.4,31.8,50.1,50.8,33.5,37.7,71.4,-10.2
229,UNC Asheville,BSth,27,13–14,99.8,104.9,.3628,50,49.3,18.3,19,26.3,33.4,38.1,27.9,50.1,52.4,33.3,28.3,67.4,-9.4
230,George Washington,A10,30,12–18,97.9,102.9,.3608,48.9,49.6,17.9,18,23.2,31.1,26,29.2,48,51.4,33.7,30.7,70,-10.9
231,Dartmouth,Ivy,24,8–16,96.3,101.3,.3607,48.2,50.8,17.4,19,23.6,26.6,24.5,28.4,46.6,50.5,33.4,34.2,65.6,-11.2
232,Stony Brook,AE,30,17–13,103.9,109.3,.3588,50.3,52.6,15.5,17.4,27.4,29.7,27.7,23.8,49.9,54.1,34,33.6,69.1,-8
233,UT Arlington,SB,27,9–18,96.2,101.3,.3565,45.7,49.4,20.3,20.3,30.5,31.7,29.7,32.3,45.3,46.8,31,35.5,66.4,-11
234,La Salle,A10,30,11–19,97.6,102.8,.3552,47.8,50,19,16.7,29,27.4,25.1,31,47.6,47.8,32,35.9,68.4,-11.7
235,Howard,MEAC,26,13–13,100.1,105.4,.3544,50.4,49.4,20.7,23.5,28,34.5,36.2,33.9,47.8,48.6,36.2,34,71.3,-9.5
236,Eastern Washington,BSky,31,16–15,101.9,107.4,.3532,52.7,50.3,18.3,15.7,25.4,25.9,33.1,30.9,51.9,50,35.9,33.8,70.5,-9.8
237,South Florida,Amer,31,8–23,91.1,96.0,.3532,41.3,48.3,19.1,18.9,29.8,27,25.4,33.6,42.8,46.6,25.2,33.8,65.9,-12.9
238,Northeastern,CAA,31,9–22,97.2,102.4,.3527,50.1,51.7,21.2,15.7,26.3,23.7,30.6,25.6,51.6,51.9,32,34.3,65.6,-15.4
239,Rider,MAAC,32,13–19,97.4,102.9,.3481,45.6,49.2,17.3,18.4,29.4,28.3,27.2,33.2,44.9,47.3,31.6,34.4,68,-13.4
240,UMBC,AE,31,17–14,102.7,108.6,.3464,52.6,52.8,16.2,16.6,21.9,28.8,31.1,19.7,48.9,52.7,38.3,35.2,69.3,-9.4
241,Montana,BSky,29,15–14,99.4,105.0,.3460,50.2,51.8,15.7,19.1,18.1,26.8,38.5,42.8,49.9,49.9,33.9,37.5,66.2,-9.9
242,New Hampshire,AE,26,13–13,102.8,108.7,.3460,50.9,50.4,14.8,14,27.9,21.9,25.4,26.6,48.1,49.8,36.6,34.2,62.9,-9.3
243,Marshall,CUSA,31,10–21,100.2,106.1,.3420,49.4,52,18.1,17.8,27.3,28.1,24.3,28.3,52.1,51.6,30.1,35.3,73.4,-14.1
244,Quinnipiac,MAAC,30,13–17,101.5,107.6,.3381,50,50.6,18.7,17.2,28.6,28.6,27,27.2,49.2,47.6,34,37.1,69.9,-12.3
245,LIU Brooklyn,NEC,29,15–14,98.6,104.6,.3353,48.4,48.5,18.5,18.2,30.6,29.7,30.4,29.7,49.6,48.8,31,32,73.5,-8.6
246,Georgia Southern,SB,26,10–16,96.0,102.0,.3334,47.8,48.2,21.1,18.9,27.7,31,31.6,35.5,50.1,47.3,29.2,33,67,-11.1
247,Southeast Missouri St.,OVC,30,12–18,103.7,110.2,.3309,51.6,52.4,17.8,18.1,25.8,28.9,36.7,39.6,50.6,52.8,35.4,34.6,72.6,-12.4
248,The Citadel,SC,28,10–18,100.7,107.1,.3290,52,50.4,17.1,13.8,23.7,29.4,29.9,26.3,51.7,50.9,34.8,33.1,71.4,-11.7
249,Siena,MAAC,29,15–14,97.2,103.4,.3286,48.7,49.1,18.4,17.3,24.5,28.5,28.9,29.2,46.3,48.7,35.6,33.3,67.2,-9.3
250,Youngstown St.,Horz,30,16–14,102.6,109.3,.3274,51.3,51.1,17.1,17.2,30.1,28.3,29.7,29.7,50.9,50.4,34.5,35,67.3,-10.4
251,Ball St.,MAC,30,13–17,101.3,108.0,.3245,51.3,52.4,19.5,17.1,26.8,28.3,38.1,32.8,49.8,50.8,35.7,36.3,71,-12.2
252,Tennessee Tech,OVC,30,9–21,100.2,106.9,.3225,49.2,51.5,18.9,18.1,30.9,30.5,24,24,49.2,53.4,32.9,32.4,70.1,-14.2
253,Texas A&M Corpus Chris,Slnd,30,19–11,96.4,102.9,.3223,47.3,49.1,19.9,22.7,34.7,29,38.4,41.6,47.3,50.5,31.6,31.5,70,-7.6
254,Miami OH,MAC,29,11–18,103.8,110.9,.3196,50.3,53.5,15,18,26,30.2,23.7,30.4,49.5,52.5,34.3,36.7,68.5,-13.2
255,Eastern Kentucky,ASun,27,9–18,100.6,107.5,.3189,48.4,54.6,15.6,22.3,28.7,31.8,21.7,28.1,46,56.6,33.9,34.4,72,-13.7
256,Elon,CAA,30,8–22,98.9,105.8,.3162,49,50.6,19.9,16.6,25.4,28.8,25.9,43.8,48.6,49.9,33,34.5,66.9,-13.5
257,Air Force,MWC,29,11–18,95.4,102.1,.3133,50.9,51.5,21.5,20.3,19.6,29.4,26.8,38.9,51.6,53.8,33.3,31.2,64.2,-10.1
258,Lipscomb,ASun,30,11–19,102.1,109.3,.3133,52.3,51.5,19,14.1,22.7,28,33.9,22.7,53.2,48.1,34,37.5,70.3,-12.4
259,Alcorn St.,SWAC,33,17–16,97.4,104.4,.3114,46,51.1,20.2,19.1,31.5,27.5,33.1,36.3,45.4,50.5,31.7,34.8,68.4,-8.2
260,Pepperdine,WCC,31,6–25,97.2,104.5,.3034,47.5,52.7,20.4,18,26.3,31,23.9,31.5,45.6,54.6,34.1,32.9,71.1,-15.3
261,Mount St. Mary's,NEC,29,13–16,95.1,102.6,.2951,48.6,48.6,20.1,18.9,31,29.1,26.3,26.2,47.6,47.4,33.9,33.9,64.5,-11.2
262,Louisiana Monroe,SB,28,10–18,100.8,108.8,.2938,50.2,52.9,18.9,19.4,24.7,33.4,26,34.7,50.5,52,33.2,36.2,68.8,-11.9
263,Bowling Green,MAC,29,11–18,102.8,111.3,.2863,48.6,53.5,16.5,17.3,29.9,30.7,31.9,30.8,48,53.1,33.1,36,73.7,-13.4
264,Manhattan,MAAC,29,14–15,99.7,108.0,.2850,48.3,52.2,20.5,19.9,30,30.9,41.4,34.7,50,52.9,29.9,33.9,69.5,-10.4
265,Portland St.,BSky,29,12–17,94.9,102.8,.2843,47.1,52.7,17,23.4,26.1,31.8,31.6,39.4,48.4,51.2,29.7,36.7,71.6,-12.8
266,New Orleans,Slnd,28,15–13,96.3,104.4,.2828,50,49.7,19.3,19.6,25.4,31.1,42.1,32.8,51,51.1,31.2,31.6,72.6,-9.1
267,North Florida,ASun,28,8–20,96.3,104.4,.2823,48.1,48.8,21.6,16.7,25.2,36.9,30.4,28.7,47.7,48,32.4,33.9,69.1,-11.7
268,Tennessee St.,OVC,30,12–18,97.8,106.1,.2821,49,50.1,19.8,19.7,29.7,28.6,30.4,39.2,47.6,49.8,34.6,33.7,68.4,-13.5
269,UC San Diego,BW,27,11–16,99.9,108.4,.2804,52,52.7,18.9,17.2,18.6,27.6,32.7,22,50.3,54.3,36,32.9,68.9,-11.6
270,USC Upstate,BSth,28,12–16,100.1,108.7,.2789,51.3,51.1,18.8,17.7,21.7,31.2,28.9,37.6,49.6,52.4,35.9,32.8,69.3,-10.6
271,FIU,CUSA,30,13–17,96.6,105.0,.2756,49.9,50.2,20.1,18.5,27,29.8,24.6,31.4,49,50.2,34,33.4,67.6,-12
272,Duquesne,A10,30,6–24,98.5,107.2,.2730,45.4,54,16.9,19,29.2,31.5,21.9,21.9,45.2,51.3,30.5,39.8,66.9,-16.4
273,St. Thomas,Sum,27,7–20,106.7,116.1,.2727,52,58.9,12.6,16.1,20.7,27.1,23.7,32.5,52.5,58,34.4,40.1,66.4,-15.8
274,San Jose St.,MWC,30,7–23,98.6,107.5,.2719,49.7,53.5,20,15.7,22,30.5,22.5,27,48.2,53.4,34.3,35.8,66.5,-13.6
275,Presbyterian,BSth,29,9–20,95.0,103.5,.2718,45.4,53.5,19.5,21.1,33.1,24.6,30.2,40.7,49,51,26.1,38.4,65.1,-14.2
276,Southeastern Louisiana,Slnd,29,15–14,101.9,111.1,.2704,52,53.8,19.9,19.7,25.4,33.2,39,27.5,52.1,55.2,34.5,34.2,71.3,-8.9
277,UMass Lowell,AE,28,12–16,94.5,103.0,.2703,48,48.9,18.3,19.5,29.2,29.9,26.5,32.5,49.3,45.6,30.2,37,68.5,-11.8
278,Illinois Chicago,Horz,29,13–16,99.8,109.0,.2668,51.1,51.6,17.2,16.8,25,27.2,22.9,34.2,53.3,50,32.4,37.4,69.9,-11.7
279,North Carolina A&T,BSth,29,9–20,96.6,105.5,.2661,46.6,51,18.1,19.9,29.2,30.8,28.2,37.8,46.3,50.1,31.5,34.8,68.7,-14.5
280,Pacific,WCC,28,6–22,94.8,103.8,.2613,46.2,54.9,17.4,18.7,22.6,22.6,32.3,28.1,45.8,52.1,31.4,39.2,69,-15.5
281,Utah Tech,WAC,27,9–18,94.6,103.7,.2585,46.5,50.9,21,17.8,26.7,28.9,35.2,30.7,47.8,51.7,29.5,33,72.6,-11.5
282,Radford,BSth,27,9–18,94.5,103.7,.2573,46.5,52,20.6,20.2,28.9,26,27.8,37.4,47.7,51.3,29.8,35.4,65.3,-12.1
283,Prairie View A&M,SWAC,27,8–19,96.7,106.0,.2572,48.4,51,24,20.6,31.7,34.2,38.5,44.8,46.8,49.6,34.5,35.7,71.7,-11.9
284,SIU Edwardsville,OVC,30,9–21,94.7,103.9,.2560,46.7,49,21.6,19.2,31.1,30.6,34.5,37.6,48.1,48.7,29.5,33,69.4,-15.2
285,Canisius,MAAC,31,10–21,95.9,105.3,.2533,45.4,51.5,16.9,17.8,28,26.3,30.2,32.2,45.5,53.7,30.2,31.2,69.2,-15
286,Austin Peay,OVC,27,10–17,95.0,104.4,.2522,46.6,52.5,21.3,20.9,29.5,30.4,25.7,36.1,46.9,54.1,30.8,33.2,65.6,-10.8
287,Loyola MD,Pat,29,13–16,94.7,104.3,.2496,50.4,51.4,19.5,20.6,25.2,26.1,25,30.7,51.7,51.3,32.1,34.3,66.3,-12.1
288,Jackson St.,SWAC,30,11–19,92.4,101.9,.2453,45.3,47.7,19.9,18.3,31.4,27.9,26.5,36.6,45.5,47.5,30,32.2,64.9,-12.7
289,Hartford,AE,32,12–20,100.5,111.0,.2407,53.3,51.6,18.2,16.5,23.8,28.4,27.6,28.9,51.5,50.4,36.9,35.7,68.1,-16
290,Army,Pat,29,13–16,96.2,106.3,.2406,48.8,52.8,18.9,19.4,29.8,27.2,32.1,22.9,49.3,51.6,31.9,36.4,70,-12.2
291,Tennessee Martin,OVC,28,6–22,96.4,106.7,.2370,46.1,50.8,19.4,18.4,29.8,31.8,26.3,37.2,47,51.2,29.7,33.4,70.1,-15.7
292,Cal St. Bakersfield,BW,25,6–19,95.9,106.5,.2310,44.4,51.4,18,20.1,32,26.1,29.5,48,44.9,50.5,28.3,35.2,65.3,-13.8
293,Albany,AE,31,13–18,91.8,102.0,.2292,46.2,50.7,18.7,20.7,26.1,27.2,24.9,31.8,45.2,49.1,32.3,35.5,66.3,-12.8
294,Western Carolina,SC,31,10–21,98.3,109.5,.2237,47.9,53.2,17.7,14.3,28.6,28.5,27.8,28.7,49,52.6,31.3,36,69.4,-14.1
295,Eastern Michigan,MAC,30,9–21,94.6,105.5,.2227,48.2,51.6,19.2,16.9,23.3,28.4,29.8,29.3,49.3,50.6,30.7,35.6,70.4,-15.4
296,Central Arkansas,ASun,29,9–20,99.3,111.0,.2163,48.2,54.8,18.8,16.4,26.2,30.9,23.1,29.8,50.3,55.8,29.5,35.3,73,-13
297,Cal Poly,BW,27,6–21,92.9,103.9,.2157,46.1,48.1,22.6,17,27.3,26.9,36.3,36.8,47.2,44.5,29.5,36.2,65.6,-16.4
298,North Alabama,ASun,26,5–21,90.8,101.6,.2157,43.2,50.2,17,18.9,25.5,29.9,23.8,40,42.8,50.1,29.2,33.7,68.6,-15.2
299,Merrimack,NEC,29,13–16,92.9,104.0,.2147,48.6,49.1,18.5,22.6,22.5,36.2,26,33.9,47.8,48.8,33.3,33.2,63.2,-11.1
300,Denver,Sum,30,10–20,98.3,110.2,.2110,52.7,52.4,18.6,16.5,23.7,28.1,32,32.2,51.1,50.9,37.1,36.4,67.5,-15.2
301,McNeese St.,Slnd,29,7–22,97.0,109.2,.2043,48.6,52,22,17.7,33.2,28.9,37.5,40.2,49.9,52,30.6,34.7,70.7,-16.4
302,Northern Illinois,MAC,30,9–21,91.7,103.3,.2028,47.2,50.6,19.9,19.7,24.3,29.4,33,40.7,47,51.8,31.7,32.3,68,-14.7
303,UT Rio Grande Valley,WAC,29,6–23,99.2,111.9,.2004,49.5,51.9,20.7,17.9,24.7,33.5,41.4,35.7,51.9,53.7,30.3,32.7,72.6,-16.3
304,Lehigh,Pat,31,12–19,96.9,109.3,.1991,52.1,49.3,19.2,14.7,21.5,26.4,25.1,31.8,48.9,47.4,38.2,36.4,69.2,-14.5
305,Binghamton,AE,27,10–17,93.7,105.7,.1990,48.8,49.9,18.8,15.9,26.7,27.1,23.2,30.1,47,49.6,34.7,33.6,68,-12.7
306,Florida A&M,SWAC,28,11–17,94.2,106.5,.1971,46.1,48.2,18.7,18.5,25.7,34.4,29.8,38.9,46.6,46.4,29.7,34.3,66.3,-12.2
307,Stetson,ASun,26,7–19,95.5,108.2,.1935,48.8,53,19.5,16.1,28.2,27.5,25.6,26.8,46.5,53.5,34.9,34.9,66.5,-14.6
308,North Carolina Central,MEAC,27,12–15,94.7,107.2,.1927,47.7,50.5,23.8,22,32.6,30.5,37.8,43.4,48.3,51.4,31.1,32.9,68.6,-10.4
309,Robert Morris,Horz,31,7–24,98.7,111.9,.1919,50.9,53.1,20.8,16.9,28.2,32.2,28.2,28.9,51.6,51.9,32.9,36.9,67.8,-18.7
310,Morgan St.,MEAC,23,9–14,93.4,106.3,.1848,46.4,51.6,21.4,23.3,31.5,29.9,31.1,43.7,46.5,51.3,30.7,34.7,72.6,-10.8
311,Maryland Eastern Shore,MEAC,23,8–15,90.4,102.9,.1826,46,51,21.9,23.8,27.7,30.4,31.8,36.4,44.6,51.2,31.9,33.7,68.4,-11.4
312,Coppin St.,MEAC,32,9–23,90.6,103.2,.1818,46,49.3,19.4,21.2,20.1,32,34.6,28.1,47.6,46.7,29.7,35.2,73.9,-16.7
313,Sacramento St.,BSky,27,9–18,94.6,107.8,.1812,48.8,52.6,16.7,17.7,21.4,27.6,28.3,33.7,46.9,53.4,35.1,34.2,65.4,-14.1
314,Western Michigan,MAC,28,6–22,97.1,110.8,.1796,49.3,53.4,20.3,15,27.2,32.3,24.3,29.8,48.9,55.3,33.2,33.8,65.2,-15.9
315,Lafayette,Pat,29,9–20,96.6,110.5,.1766,50.6,53.7,16.4,17.2,22.4,30,20.9,25.8,51.9,51.8,32.8,38,65.8,-15.4
316,Little Rock,SB,25,6–19,96.4,110.3,.1764,47.9,56.3,20.3,20,23.5,30.6,32.3,31,46.6,55.5,33.3,38.4,67.8,-13.6
317,South Carolina St.,MEAC,28,12–16,92.1,105.3,.1762,43.3,49.9,20.2,20.6,34.3,29,31.9,37.4,42.1,47.7,30.6,35.7,71.3,-12.5
318,St. Francis NY,NEC,29,9–20,94.4,108.1,.1744,46,51.9,17.9,18.9,29.4,29.8,23.3,32.4,45.4,52.7,31.3,33.3,67.7,-15.6
319,Evansville,MVC,29,5–24,92.0,105.4,.1737,46.9,56.1,17.2,17.9,14.4,22.3,24.6,31,45.2,55.3,32.6,38.4,64.9,-16.4
320,UTSA,CUSA,28,7–21,93.6,107.3,.1721,43.6,54.3,17.6,17,29.5,25.8,25.4,33,43.9,53,28.7,37.7,69.7,-14.7
321,Bucknell,Pat,32,9–23,99.9,115.1,.1646,52.8,53.8,19.3,13.7,21.8,30,28.3,22.9,50.6,52.3,37.6,37.4,68.8,-18.4
322,Alabama St.,SWAC,30,9–21,95.2,109.7,.1638,47.7,50.4,21.5,19.4,29.5,33.5,36.9,33.8,46.8,50.8,33,33.2,70.7,-14.3
323,St. Francis PA,NEC,29,8–21,94.7,109.2,.1624,46.9,52.4,18.1,18.3,30.5,31.9,29.8,25.6,46.7,51.4,31.5,35.9,68.1,-16.6
324,Grambling St.,SWAC,30,10–20,92.2,106.4,.1612,44.6,48.9,20,19.2,27.4,31.4,33.4,40.8,43.8,46.3,31.1,35.7,70.2,-13.6
325,Sacred Heart,NEC,29,9–20,100.0,115.7,.1575,50.8,53.2,19.6,15.7,30.8,31.3,24.9,25.5,50.5,53.6,34.2,35,68.4,-16.7
326,Hampton,BSth,26,7–19,90.4,104.8,.1558,44.1,47.4,18,16.2,22.1,31,36.5,37.9,44.1,48.8,29.3,29.8,69.9,-15.3
327,Central Michigan,MAC,30,7–23,94.9,110.1,.1535,47.8,53,19.6,16.6,25.4,31.4,30.5,36,45.5,53.6,34.1,34.8,68.5,-16.1
328,Southern Miss,CUSA,31,5–26,94.3,109.6,.1500,46.9,54.1,19.7,15.9,23.7,28.4,26.7,28.1,47,52.6,31,37.4,68.1,-18.9
329,Milwaukee,Horz,31,9–22,92.2,107.7,.1430,47.7,47.5,19.6,14.9,25.9,30.1,28,29.1,47.5,45.3,31.9,33.8,67.9,-17.8
330,Idaho,BSky,29,7–22,97.5,114.0,.1430,50.2,54.6,18.5,14.5,23.3,26.3,33.8,33.9,47.4,55.5,36.7,35.1,71.1,-17.7
331,Northern Arizona,BSky,30,7–23,94.8,110.8,.1423,47.9,53,20.4,13.8,28.9,23.5,27.7,34.1,45.4,52.2,34.3,36.3,66.2,-18
332,Green Bay,Horz,29,4–25,92.6,108.4,.1410,46.5,53,19.9,18.1,26.6,28.7,32,31.7,48.9,53.6,28,34.7,65.5,-20.4
333,Cal St. Northridge,BW,28,6–22,93.1,109.1,.1400,44.4,51.9,18.5,19.9,26.8,33,29.6,36.5,44,53.1,30.2,33.2,65.8,-16.4
334,Alabama A&M,SWAC,30,12–18,85.7,100.7,.1351,41.3,46.3,19.6,19.6,28.7,31,33.5,28.6,41.5,45.2,27.1,32,67.5,-14
335,Northwestern St.,Slnd,29,6–23,96.5,113.9,.1296,49.5,53.2,20.1,17.1,27.8,32.2,25,34.1,48.4,54.4,34.4,34,72.2,-16.4
336,William & Mary,CAA,31,4–27,90.4,106.8,.1292,46,53.6,23.1,17.9,27.1,27.7,30.3,27.2,45.5,55.7,31.1,33.7,69.8,-20.4
337,Bethune Cookman,SWAC,29,8–21,92.2,108.9,.1288,45.4,51.5,19.7,20.4,27.9,30.9,28.8,35.5,43.7,52.7,33.7,32.9,66.9,-16.7
338,Idaho St.,BSky,28,5–23,92.9,110.1,.1247,47.4,53.2,21.1,16.7,27.6,27.5,33,35.2,49.6,54.5,29.6,34.1,64.8,-18.9
339,Chicago St.,WAC,32,7–25,95.0,112.6,.1242,45.9,53.6,22,18.6,31.6,32.2,29.3,38.5,45.2,50,31.1,40.1,67.1,-18.1
340,NJIT,AE,28,10–18,89.5,106.3,.1226,46.5,51,18.7,16.7,23.2,27.9,31,27,45.1,51,32.6,34,67.2,-13.3
341,American,Pat,32,10–22,93.0,110.6,.1201,49.6,53.3,20.2,17.4,25,29,25.6,28.9,49.6,53.9,33.1,34.7,65.9,-18.1
342,Houston Christian,Slnd,25,7–18,94.0,112.4,.1138,48.8,55.3,20.6,19.1,29.3,27.2,37.8,37.8,50.5,53.7,30.5,38.8,69.3,-14.3
343,North Dakota,Sum,29,4–25,96.4,115.8,.1076,47.2,56.3,17.5,13.6,26.8,25.8,31.6,30.5,44.7,55.8,33.5,38.1,68.4,-20.7
344,Charleston Southern,BSth,28,3–25,92.2,111.0,.1053,46.2,55.4,21.4,17.3,26.2,25.7,28.4,30,47.1,56.1,30.1,36.1,70.2,-20
345,Fairleigh Dickinson,NEC,26,4–22,94.0,113.4,.1031,46.4,53.8,19.3,18.1,27.7,34.1,27.8,34.1,45.2,54.5,32.4,35.1,70.6,-17.2
346,Lamar,WAC,27,0–27,91.9,111.1,.1011,44.5,52.9,21.5,17.8,30,31.7,26.2,38.5,44.1,52.7,30.2,35.5,67,-21.1
347,Nebraska Omaha,Sum,29,4–25,96.1,116.3,.1010,49.3,56.3,19.3,14.7,24.6,30,28.3,37.4,46.9,54,35.8,39.9,70.7,-18.5
348,Arkansas Pine Bluff,SWAC,29,5–24,96.8,118.9,.0861,46.6,55.5,19.5,18.7,24.8,36.3,33.6,34.6,48,56.1,29.8,36,68.4,-17.4
349,Holy Cross,Pat,29,7–22,90.7,111.7,.0841,45.1,53.2,18.2,17.6,27.3,29.4,28.6,30.8,43.2,52.7,33.1,36.1,67.9,-18.7
350,Incarnate Word,Slnd,29,5–24,93.7,116.2,.0776,48.4,56.8,19.9,18,22.3,32.4,27.4,30,46.5,57.4,33.8,37.1,66,-18.4
351,Central Connecticut,NEC,32,8–24,90.0,111.9,.0756,46,52.9,20.6,18.8,26.3,31.8,29.1,28.8,42.6,53.3,34.2,34.8,66,-19
352,Columbia,Ivy,25,3–22,92.0,114.5,.0748,48.5,54.8,21.5,16.4,27.5,28.8,26.1,25.1,46.4,53.4,34.9,37.8,70.5,-18.1
353,Maine,AE,26,3–23,91.3,113.6,.0745,46.9,54.9,19.3,18.3,24,30.4,20.4,32.8,47,53.3,31,38.6,67.1,-18.3
354,Mississippi Valley St.,SWAC,28,2–26,92.7,115.7,.0724,44.5,56.7,18.1,20.7,23.4,33.9,31.4,36.5,43.8,55.1,30.5,40,71.8,-21.3
355,Delaware St.,MEAC,25,0–25,85.8,110.7,.0509,45,51.1,25.6,19.3,27,34.7,32.4,34.2,43.4,48.6,32.2,36.1,69.1,-21.8
356,Eastern Illinois,OVC,29,3–26,82.5,107.8,.0444,44.2,53.4,24.1,18.2,20.6,32.6,31.2,24.2,42.3,55.8,31.8,33.5,65.9,-20.3
357,IUPUI,Horz,27,1–26,80.1,109.6,.0266,42.4,52.8,26.1,20.5,30.1,33,24.9,37.5,41.6,52.4,29.2,35.5,63.5,-22.4
