,School,G,W,L,W-L%,SRS,SOS,,W,L,,W,L,,W,L,,Tm.,Opp.,,Pace,ORtg,FTr,3PAr,TS%,TRB%,AST%,STL%,BLK%,eFG%,TOV%,ORB%,FT/FGA
0,Abilene Christian,24,13,11,.542,-2.28,-0.38,,5,6,,9,2,,4,6,,1838,1664,,71.6,106.9,.316,.336,.555,49.9,58.0,13.0,7.5,.527,16.0,29.6,.224
1,Air Force,25,12,13,.480,1.40,1.04,,3,9,,9,7,,3,6,,1660,1651,,63.2,104.1,.312,.461,.565,47.2,64.8,9.0,11.6,.538,16.6,22.4,.222
2,Akron,24,17,7,.708,4.77,-1.14,,9,2,,12,1,,4,3,,1729,1526,,66.5,107.7,.336,.447,.545,52.4,53.9,9.5,7.4,.510,14.6,30.1,.245
3,Alabama,24,21,3,.875,23.80,8.80,,11,0,,12,0,,7,1,,2009,1649,,73.7,111.3,.380,.475,.564,54.1,54.2,8.2,11.3,.528,16.0,33.4,.276
4,Alabama A&M,23,9,14,.391,-11.15,-5.34,,5,6,,8,7,,1,7,,1622,1689,,71.3,98.3,.299,.323,.528,46.5,50.5,11.8,11.5,.504,18.7,29.1,.197
5,Alabama State,23,6,17,.261,-15.20,-4.42,,5,6,,5,2,,1,15,,1476,1719,,69.7,91.5,.316,.315,.463,48.1,44.5,8.2,8.7,.417,16.0,31.3,.231
6,Albany (NY),26,6,20,.231,-14.61,-3.28,,1,10,,3,6,,2,13,,1724,1957,,67.9,97.6,.313,.403,.508,49.5,50.8,8.5,4.7,.473,17.0,29.7,.221
7,Alcorn State,21,10,11,.476,-8.28,-3.37,,9,2,,6,1,,5,9,,1388,1515,,67.8,95.0,.335,.300,.478,49.7,39.4,11.2,6.8,.436,16.1,34.7,.236
8,American,24,15,9,.625,-5.30,-6.97,,7,6,,7,3,,8,6,,1594,1554,,63.3,104.4,.286,.382,.588,51.3,57.6,11.6,11.4,.563,20.5,27.4,.209
9,Appalachian State,25,13,12,.520,-0.73,-0.23,,6,6,,9,6,,4,5,,1791,1606,,68.4,103.8,.299,.397,.536,50.3,51.2,10.1,12.8,.511,14.7,25.9,.203
10,Arizona,24,21,3,.875,20.20,7.61,,10,3,,13,1,,4,2,,1999,1697,,73.4,113.5,.379,.385,.591,55.2,67.1,8.8,9.4,.558,16.6,33.3,.278
11,Arizona State,24,16,8,.667,10.69,6.32,,7,6,,9,4,,4,4,,1712,1607,,69.6,101.5,.325,.389,.519,49.7,59.0,10.1,14.1,.486,15.3,29.6,.226
12,Arkansas,24,17,7,.708,16.69,7.27,,6,5,,12,1,,2,5,,1799,1573,,70.2,106.3,.381,.278,.556,52.6,49.6,12.1,13.4,.523,16.4,31.3,.268
13,Arkansas State,25,10,15,.400,-8.90,-3.04,,2,10,,9,7,,1,8,,1634,1683,,65.3,99.6,.316,.323,.513,50.9,56.8,10.4,9.3,.484,16.1,29.8,.212
14,Arkansas-Pine Bluff,22,10,12,.455,-11.36,-2.81,,6,5,,8,1,,2,13,,1455,1501,,72.5,91.2,.317,.415,.495,49.4,59.2,11.4,8.2,.455,19.8,28.0,.231
15,Army,26,14,12,.538,-6.08,-7.50,,8,5,,8,4,,6,5,,1928,1818,,68.2,108.3,.309,.385,.578,53.8,48.4,7.8,5.8,.556,17.1,28.5,.212
16,Auburn,24,17,7,.708,14.72,7.01,,7,4,,11,1,,4,5,,1735,1550,,68.9,105.0,.356,.360,.528,52.0,55.7,12.0,15.3,.494,15.7,34.4,.245
17,Austin Peay,25,8,17,.320,-11.09,-1.65,,2,10,,6,7,,1,9,,1690,1799,,67.6,99.5,.287,.376,.515,47.1,53.1,10.7,8.6,.480,15.5,27.9,.210
18,Ball State,24,17,7,.708,-0.09,-3.40,,8,3,,9,1,,6,4,,1813,1656,,68.0,110.4,.453,.357,.568,52.4,49.6,9.0,10.7,.538,15.9,31.8,.304
19,Baylor,24,18,6,.750,19.02,9.15,,7,4,,12,2,,3,3,,1897,1660,,68.8,114.3,.385,.439,.567,53.5,57.4,10.3,7.5,.526,14.7,36.3,.288
20,Bellarmine,25,11,14,.440,-6.48,-0.75,,6,6,,7,5,,4,9,,1662,1635,,62.7,105.1,.252,.455,.567,48.3,61.3,9.0,5.4,.542,16.2,22.0,.186
21,Belmont,26,17,9,.654,1.26,-1.42,,10,5,,9,2,,6,6,,1935,1838,,68.1,108.3,.252,.421,.568,47.6,55.5,10.4,8.6,.546,15.2,25.6,.181
22,Bethune-Cookman,23,9,14,.391,-16.13,-6.52,,6,6,,6,2,,3,12,,1569,1734,,70.1,96.9,.303,.311,.510,46.4,45.8,10.8,9.3,.478,16.5,26.9,.210
23,Binghamton,23,10,13,.435,-10.87,-4.96,,6,4,,6,5,,4,8,,1569,1634,,67.6,100.3,.314,.303,.526,50.4,44.3,7.1,8.5,.492,16.8,29.2,.223
24,Boise State,24,18,6,.750,14.25,4.95,,8,3,,10,1,,4,4,,1718,1468,,67.2,105.9,.286,.381,.554,53.2,44.4,7.4,8.4,.525,14.9,26.2,.208
25,Boston College,25,12,13,.480,1.40,4.60,,6,8,,8,5,,2,6,,1662,1742,,66.7,98.8,.278,.310,.513,49.1,50.3,9.9,10.9,.481,15.6,27.6,.200
26,Boston University,26,12,14,.462,-8.22,-5.58,,5,8,,7,4,,5,8,,1735,1756,,66.5,99.4,.292,.399,.513,51.4,45.1,10.1,7.1,.476,16.0,29.1,.217
27,Bowling Green State,24,10,14,.417,-6.91,-3.59,,4,7,,6,6,,4,8,,1843,1860,,71.1,108.0,.319,.353,.552,50.9,51.4,8.3,8.2,.518,14.7,29.3,.236
28,Bradley,26,18,8,.692,7.60,-0.92,,11,4,,12,1,,6,5,,1871,1624,,66.6,107.6,.288,.400,.559,52.9,50.4,10.9,11.9,.539,16.2,29.6,.193
29,Brigham Young,26,16,10,.615,9.43,4.39,,6,5,,11,3,,2,4,,1957,1773,,71.9,104.3,.317,.416,.550,54.6,56.7,10.8,11.9,.522,18.0,31.4,.223
30,Brown,22,12,10,.545,-2.16,-3.16,,5,4,,6,4,,6,6,,1503,1481,,69.0,98.4,.282,.407,.527,51.2,55.6,10.7,8.5,.511,17.2,25.3,.174
31,Bryant,24,16,8,.667,-1.55,-4.05,,7,4,,9,2,,6,5,,1968,1751,,74.0,110.2,.343,.396,.576,53.3,50.0,9.8,9.2,.540,16.0,29.9,.262
32,Bucknell,26,10,16,.385,-8.77,-6.73,,3,10,,5,6,,3,10,,1775,1781,,66.8,101.1,.281,.379,.550,51.5,55.4,8.1,10.3,.523,18.1,26.7,.202
33,Buffalo,24,12,12,.500,-0.83,1.31,,6,5,,9,3,,2,6,,1925,1867,,75.4,105.8,.324,.345,.550,52.3,53.0,10.9,8.0,.522,16.7,32.8,.224
34,Butler,25,12,13,.480,7.04,8.24,,4,10,,9,4,,2,7,,1663,1693,,67.6,98.3,.274,.355,.533,46.3,52.3,10.2,11.2,.503,16.1,20.8,.200
35,Cal Poly,24,7,17,.292,-8.23,-0.28,,1,11,,6,7,,1,10,,1453,1580,,64.7,93.0,.285,.356,.510,50.6,46.0,8.5,7.6,.472,19.3,26.7,.215
36,Cal State Bakersfield,23,8,15,.348,-8.29,-0.67,,4,8,,5,5,,2,9,,1392,1478,,62.9,94.8,.303,.238,.502,50.4,47.3,9.1,10.4,.460,17.8,29.3,.228
37,Cal State Fullerton,25,13,12,.520,1.35,0.30,,7,6,,10,2,,3,8,,1721,1624,,66.1,101.1,.370,.385,.529,48.9,45.6,9.6,7.6,.496,16.3,27.7,.254
38,Cal State Northridge,23,5,18,.217,-9.05,-0.38,,2,10,,5,6,,0,10,,1465,1553,,65.5,96.7,.320,.333,.492,48.4,44.8,10.3,9.2,.449,15.5,28.9,.237
39,California,23,3,20,.130,-1.51,7.45,,2,10,,3,10,,0,8,,1357,1563,,63.6,92.3,.313,.320,.495,48.3,46.6,7.1,9.5,.454,18.5,26.4,.229
40,California Baptist,25,13,12,.520,0.35,-1.24,,5,7,,9,5,,4,5,,1693,1634,,65.2,102.8,.313,.437,.520,51.8,55.2,6.4,8.9,.497,15.2,30.0,.201
41,Campbell,25,11,14,.440,-6.62,-4.40,,6,7,,6,6,,4,7,,1708,1703,,65.0,104.0,.383,.399,.557,50.0,52.7,9.7,8.7,.523,16.7,24.7,.269
42,Canisius,22,5,17,.227,-9.01,-2.20,,3,10,,3,6,,2,11,,1535,1632,,67.9,100.4,.239,.422,.508,48.5,56.0,7.7,6.7,.478,15.1,30.5,.172
43,Central Arkansas,25,8,17,.320,-12.87,-2.50,,3,9,,5,5,,2,11,,1852,2050,,72.8,100.3,.249,.416,.516,48.2,46.5,8.5,8.2,.485,15.6,28.4,.184
44,Central Connecticut State,26,7,19,.269,-12.65,-8.38,,4,7,,4,6,,3,12,,1692,1803,,65.9,98.8,.211,.361,.507,49.3,52.3,9.3,10.8,.485,15.6,27.9,.146
45,Central Florida,23,14,9,.609,10.93,5.63,,5,6,,9,4,,3,4,,1647,1525,,65.7,105.0,.301,.411,.539,52.4,55.3,10.2,11.4,.501,17.6,35.4,.230
46,Central Michigan,24,8,16,.333,-9.98,-1.75,,3,8,,6,5,,1,10,,1591,1726,,69.4,95.0,.352,.385,.508,49.5,47.3,8.5,11.8,.472,19.5,31.6,.242
47,Charleston Southern,24,8,16,.333,-8.38,-3.75,,4,9,,5,6,,3,10,,1777,1789,,67.1,109.7,.281,.406,.550,51.5,45.8,7.7,7.5,.520,15.2,33.5,.209
48,Charlotte,23,13,10,.565,4.29,-0.80,,4,8,,8,3,,3,6,,1534,1417,,62.1,106.3,.245,.399,.571,51.5,53.9,9.4,8.0,.545,15.9,24.3,.185
49,Chattanooga,26,13,13,.500,-2.38,-2.51,,5,8,,8,5,,5,8,,2001,1851,,68.5,111.7,.316,.518,.573,52.2,58.3,8.6,11.0,.545,15.2,30.0,.228
50,Chicago State,26,8,18,.308,-10.07,-3.53,,,,,5,0,,3,18,,1774,1876,,66.6,102.0,.338,.427,.530,50.2,49.3,8.3,7.8,.493,17.8,32.9,.245
51,Cincinnati,25,16,9,.640,11.55,4.46,,7,5,,12,3,,3,4,,1930,1717,,70.4,109.0,.245,.404,.539,51.9,55.6,9.1,10.4,.517,13.0,30.7,.169
52,Clemson,24,18,6,.750,9.58,2.87,,10,3,,12,1,,4,3,,1771,1610,,68.3,106.9,.322,.393,.574,51.0,55.6,7.8,9.4,.533,15.3,22.6,.259
53,Cleveland State,25,14,11,.560,-2.42,-4.85,,9,5,,8,3,,6,8,,1773,1691,,65.7,106.4,.298,.291,.530,49.5,49.4,10.7,9.0,.502,14.6,34.0,.205
54,Coastal Carolina,24,10,14,.417,-8.33,-1.85,,4,8,,7,5,,3,9,,1770,1726,,68.7,106.2,.276,.371,.531,51.8,47.5,8.8,10.1,.496,14.9,33.2,.209
55,Colgate,26,18,8,.692,1.96,-5.32,,12,1,,9,2,,8,4,,2008,1793,,68.1,113.4,.271,.356,.592,51.6,60.6,10.4,7.2,.577,13.9,25.8,.183
56,College of Charleston,26,23,3,.885,8.11,-2.97,,11,2,,14,1,,9,2,,2088,1782,,70.8,112.4,.320,.477,.549,54.5,49.0,10.2,8.3,.514,14.6,36.3,.236
57,Colorado,25,14,11,.560,11.98,6.38,,6,8,,11,2,,1,7,,1781,1641,,70.3,101.3,.322,.337,.525,53.5,49.8,11.7,10.2,.496,17.1,32.7,.219
58,Colorado State,25,11,14,.440,5.60,5.27,,3,9,,7,6,,3,6,,1845,1794,,67.0,108.6,.297,.394,.588,47.7,64.3,9.0,8.0,.561,14.7,18.5,.219
59,Columbia,24,6,18,.250,-14.10,-2.47,,1,8,,5,7,,1,11,,1616,1779,,70.1,95.0,.288,.403,.495,47.3,48.5,9.6,5.0,.461,16.8,28.5,.203
60,Connecticut,25,19,6,.760,21.18,6.62,,8,6,,12,2,,4,4,,1990,1626,,69.5,114.6,.336,.419,.569,56.2,63.3,9.7,12.6,.535,15.3,37.9,.250
61,Coppin State,24,6,18,.250,-13.78,-1.49,,1,6,,4,4,,2,14,,1757,2052,,74.0,96.9,.356,.454,.544,41.7,44.0,10.7,7.5,.507,17.9,17.9,.258
62,Cornell,22,15,7,.682,3.38,-2.72,,5,4,,9,1,,6,6,,1865,1664,,73.0,116.2,.262,.489,.595,50.0,61.4,13.3,6.6,.574,14.4,30.6,.192
63,Creighton,24,16,8,.667,18.55,8.85,,10,3,,11,1,,3,4,,1842,1609,,69.8,109.9,.279,.414,.574,53.3,57.3,7.6,10.4,.546,14.6,26.1,.207
64,Dartmouth,23,8,15,.348,-8.36,-2.36,,4,5,,5,5,,3,8,,1601,1614,,70.5,97.6,.286,.420,.527,49.5,48.3,7.9,10.5,.502,17.7,24.0,.194
65,Davidson,23,11,12,.478,2.21,1.71,,4,7,,5,6,,4,5,,1623,1589,,66.8,104.0,.333,.366,.544,48.3,53.0,8.3,3.9,.507,15.1,25.2,.245
66,Dayton,25,16,9,.640,8.88,1.20,,8,4,,12,1,,3,5,,1726,1534,,64.7,105.6,.363,.366,.560,54.3,60.7,7.7,13.7,.530,17.5,30.9,.253
67,Delaware,26,12,14,.462,-4.63,-2.59,,4,9,,8,5,,2,9,,1800,1827,,67.5,102.0,.336,.358,.533,47.8,49.9,10.2,11.2,.496,15.3,25.7,.243
68,Delaware State,22,5,17,.227,-16.25,-3.30,,3,4,,3,4,,2,12,,1402,1630,,68.6,92.3,.265,.311,.497,49.6,51.9,9.9,9.3,.468,19.6,30.3,.182
69,Denver,26,13,13,.500,-8.42,-4.75,,4,9,,7,4,,4,9,,1891,1946,,68.8,103.7,.439,.247,.564,53.6,43.0,7.4,8.7,.527,18.9,31.0,.308
70,DePaul,25,9,16,.360,2.49,7.49,,3,11,,7,5,,2,9,,1777,1902,,69.8,100.8,.288,.398,.530,45.7,54.1,9.1,10.4,.494,15.9,25.8,.216
71,Detroit Mercy,25,10,15,.400,-2.63,-1.96,,6,8,,7,3,,3,11,,1903,1891,,67.9,111.0,.269,.431,.551,51.0,46.6,8.6,4.9,.520,14.5,33.6,.202
72,Drake,26,20,6,.769,6.36,-1.52,,11,4,,11,1,,5,5,,1968,1695,,67.4,109.1,.290,.371,.565,52.5,50.4,7.6,7.4,.531,14.0,25.5,.224
73,Drexel,25,14,11,.560,-2.06,-4.89,,8,5,,10,2,,3,7,,1660,1552,,64.2,102.3,.263,.414,.518,51.4,49.8,9.1,8.1,.494,15.0,30.4,.177
74,Duke,23,17,6,.739,14.56,6.77,,8,5,,12,0,,2,5,,1667,1458,,66.5,109.0,.303,.350,.534,56.3,55.9,8.5,13.0,.496,15.2,38.0,.231
75,Duquesne,24,16,8,.667,5.51,0.05,,6,5,,13,3,,2,5,,1801,1670,,68.9,108.6,.255,.388,.534,50.2,56.4,11.5,11.0,.511,14.4,34.4,.176
76,East Carolina,24,12,12,.500,-1.62,-1.04,,3,8,,8,5,,1,6,,1669,1683,,68.5,101.6,.368,.427,.514,52.1,56.9,9.6,6.8,.476,16.3,33.8,.256
77,East Tennessee State,26,9,17,.346,-5.72,-3.97,,5,8,,4,9,,4,7,,1799,1791,,67.5,102.1,.291,.345,.530,51.6,47.9,9.4,9.2,.508,17.3,31.6,.192
78,Eastern Illinois,25,7,18,.280,-13.94,-5.55,,3,9,,5,7,,2,10,,1703,1784,,70.9,96.1,.342,.282,.502,46.9,55.4,12.2,10.1,.477,16.5,27.0,.213
79,Eastern Kentucky,25,16,9,.640,-2.36,-1.18,,9,3,,12,1,,3,7,,1963,1805,,73.0,107.6,.256,.399,.529,51.1,54.1,11.7,12.6,.509,14.0,33.3,.169
80,Eastern Michigan,24,6,18,.250,-9.91,-1.69,,3,8,,4,5,,2,10,,1796,1976,,71.1,104.1,.320,.342,.543,46.1,38.2,9.0,6.1,.504,14.4,24.7,.243
81,Eastern Washington,25,18,7,.720,1.39,-1.82,,12,0,,9,1,,7,5,,1926,1773,,69.3,111.1,.307,.431,.599,53.9,55.5,7.9,9.1,.569,17.7,29.5,.234
82,Elon,25,5,20,.200,-11.49,-2.76,,3,9,,3,7,,2,11,,1652,1796,,67.8,97.5,.275,.409,.514,48.2,53.2,9.6,6.1,.482,16.3,25.9,.199
83,Evansville,26,5,21,.192,-13.20,-1.01,,1,14,,3,8,,1,11,,1629,1946,,69.7,89.9,.304,.339,.480,46.1,46.0,9.7,5.6,.456,16.0,21.2,.188
84,Fairfield,23,10,13,.435,-5.56,-3.02,,6,7,,5,5,,3,7,,1474,1489,,65.1,97.4,.376,.375,.496,49.5,43.1,8.6,9.9,.451,15.3,29.8,.266
85,Fairleigh Dickinson,25,14,11,.560,-11.11,-9.76,,7,3,,7,4,,6,6,,1964,1906,,70.8,109.9,.263,.397,.551,49.8,52.4,11.8,5.5,.521,14.1,31.7,.199
86,Florida,24,13,11,.542,13.14,8.14,,6,5,,8,3,,3,5,,1708,1588,,70.0,101.7,.355,.360,.530,48.8,50.1,9.3,14.2,.488,14.6,24.3,.263
87,Florida A&M,21,5,16,.238,-17.82,-2.47,,3,8,,4,3,,1,14,,1213,1474,,66.3,86.5,.305,.337,.475,47.0,46.5,9.6,9.3,.441,21.2,29.5,.204
88,Florida Atlantic,24,22,2,.917,12.26,0.71,,12,1,,13,0,,9,2,,1848,1536,,68.4,112.1,.286,.444,.569,54.2,54.1,9.8,6.2,.546,14.9,31.2,.202
89,Florida Gulf Coast,25,14,11,.560,-2.18,-2.39,,4,8,,7,3,,4,8,,1786,1737,,66.5,106.3,.277,.451,.543,50.6,51.8,10.1,10.2,.512,15.4,30.3,.204
90,Florida International,24,12,12,.500,-2.67,0.46,,6,7,,10,4,,2,8,,1722,1765,,71.0,100.0,.274,.375,.549,46.0,46.5,12.5,11.3,.526,18.6,25.1,.189
91,Florida State,25,8,17,.320,0.67,5.99,,6,8,,5,8,,3,5,,1750,1883,,69.2,101.2,.310,.344,.532,47.0,56.3,8.6,11.5,.498,15.8,25.9,.225
92,Fordham,24,19,5,.792,2.55,-2.57,,7,4,,15,2,,4,3,,1737,1614,,70.3,102.4,.378,.413,.536,51.8,53.1,11.0,13.0,.489,16.7,29.2,.286
93,Fresno State,23,9,14,.391,1.26,4.90,,5,7,,6,4,,3,7,,1425,1492,,63.7,97.2,.273,.392,.520,47.5,51.5,9.7,10.3,.486,16.7,24.7,.204
94,Furman,26,20,6,.769,5.26,-3.48,,11,2,,11,2,,7,2,,2143,1851,,70.3,116.1,.298,.467,.596,52.4,61.0,10.0,8.6,.568,14.5,29.9,.225
95,Gardner-Webb,24,13,11,.542,-2.48,-4.52,,8,4,,7,3,,5,8,,1705,1523,,67.6,104.0,.315,.338,.544,52.4,50.3,10.7,15.2,.527,16.1,29.0,.197
96,George Mason,25,13,12,.520,1.90,0.58,,5,7,,11,2,,1,7,,1741,1708,,68.2,101.5,.350,.392,.548,52.4,57.7,6.7,9.2,.527,18.2,28.4,.226
97,George Washington,24,12,12,.500,-1.64,-0.68,,6,5,,10,4,,2,5,,1836,1831,,69.8,107.9,.351,.408,.572,50.2,47.6,8.0,8.5,.538,16.2,27.1,.259
98,Georgetown,25,6,19,.240,0.15,6.47,,1,13,,5,9,,0,9,,1769,1927,,69.2,101.3,.301,.297,.513,49.4,44.7,8.4,12.5,.481,15.0,30.0,.212
99,Georgia,24,14,10,.583,3.97,3.18,,4,7,,11,2,,1,7,,1677,1658,,68.1,102.1,.385,.382,.524,51.8,49.9,9.7,7.5,.480,16.8,32.8,.280
100,Georgia Southern,25,12,13,.480,-4.31,-1.99,,5,7,,8,4,,3,9,,1704,1662,,67.0,101.2,.265,.340,.516,50.7,38.6,10.4,9.0,.491,14.7,28.8,.180
101,Georgia State,24,10,14,.417,-4.64,-0.64,,3,9,,10,6,,0,8,,1596,1598,,67.9,97.4,.311,.324,.498,51.9,46.3,8.4,9.9,.460,16.7,32.9,.223
102,Georgia Tech,24,9,15,.375,0.07,5.38,,2,12,,8,6,,1,7,,1613,1705,,67.8,98.5,.231,.361,.495,48.9,52.6,8.6,11.1,.470,14.4,29.4,.159
103,Gonzaga,24,19,5,.792,17.31,7.87,,8,2,,10,1,,5,2,,2057,1762,,72.6,117.4,.308,.322,.600,53.6,49.8,10.7,8.4,.582,13.8,30.5,.212
104,Grambling,22,14,8,.636,-4.56,-6.04,,8,3,,7,1,,7,6,,1521,1412,,69.1,100.0,.399,.291,.532,52.2,52.0,10.5,13.0,.506,19.1,32.1,.255
105,Grand Canyon,24,16,8,.667,4.59,1.09,,7,4,,12,2,,3,4,,1761,1576,,66.0,110.0,.356,.423,.562,52.5,47.8,7.6,7.5,.526,15.9,32.8,.263
106,Green Bay,24,2,22,.083,-20.27,-2.71,,2,12,,2,6,,1,14,,1396,1836,,65.9,88.2,.340,.405,.499,43.4,52.0,7.5,6.0,.461,20.2,21.7,.238
107,Hampton,25,6,19,.240,-14.39,-3.85,,3,9,,5,5,,1,10,,1705,1929,,69.6,98.0,.348,.372,.491,46.6,47.4,6.5,8.9,.453,13.6,26.8,.238
108,Hartford,24,5,19,.208,-22.54,-7.76,,,,,5,9,,0,9,,1544,1702,,66.8,96.4,.248,.405,.518,47.7,55.2,9.7,10.7,.498,18.4,26.7,.163
109,Harvard,23,12,11,.522,-0.48,-1.15,,3,6,,5,5,,6,5,,1548,1512,,67.7,98.3,.307,.382,.520,52.9,53.9,10.9,11.1,.494,17.7,30.3,.204
110,Hawaii,24,17,7,.708,3.09,-2.04,,8,4,,11,3,,3,3,,1631,1489,,65.4,102.9,.344,.361,.536,52.2,45.3,7.5,9.4,.495,16.0,30.1,.256
111,High Point,25,11,14,.440,-11.04,-4.69,,3,10,,8,4,,1,10,,1876,1967,,73.5,102.0,.403,.391,.532,49.8,47.0,8.5,11.9,.508,17.3,31.1,.251
112,Hofstra,26,18,8,.692,3.55,-0.82,,11,2,,8,1,,8,5,,1922,1765,,67.9,108.3,.207,.402,.574,47.2,50.1,9.0,10.6,.554,14.5,22.3,.154
113,Holy Cross,25,8,17,.320,-12.77,-5.19,,5,8,,5,8,,3,8,,1658,1778,,68.6,96.2,.258,.331,.518,45.9,48.1,9.6,7.3,.500,16.2,21.9,.161
114,Houston,25,23,2,.920,24.76,4.20,,11,1,,13,2,,8,0,,1890,1376,,64.1,117.9,.258,.368,.561,55.3,52.6,12.5,17.7,.539,12.5,37.9,.182
115,Houston Christian,24,7,17,.292,-16.38,-4.61,,4,7,,6,7,,1,10,,1880,2006,,74.0,105.4,.373,.377,.569,50.2,54.2,8.0,6.8,.533,18.9,30.7,.273
116,Howard,24,14,10,.583,-5.87,-3.58,,6,1,,10,2,,3,6,,1787,1746,,72.3,103.1,.345,.365,.563,51.1,55.6,10.9,8.9,.530,19.9,31.3,.251
117,Idaho,25,9,16,.360,-6.96,-4.00,,3,9,,5,7,,4,9,,1898,1818,,67.7,110.5,.355,.376,.589,48.5,46.7,7.5,4.5,.554,15.2,22.4,.268
118,Idaho State,23,8,15,.348,-6.11,-2.75,,6,5,,5,5,,4,9,,1608,1638,,66.2,102.3,.312,.432,.547,47.4,49.0,9.0,7.0,.513,15.8,23.7,.230
119,Illinois,23,16,7,.696,16.93,5.85,,7,5,,11,2,,3,3,,1729,1474,,69.8,107.1,.330,.430,.548,54.3,49.8,10.0,14.8,.523,16.4,33.7,.222
120,Illinois State,26,10,16,.385,-5.48,-2.37,,5,10,,7,6,,3,6,,1727,1808,,65.4,99.7,.328,.405,.546,51.5,46.9,8.6,10.1,.500,19.6,28.8,.262
121,Illinois-Chicago,26,10,16,.385,-7.39,-2.67,,2,13,,6,6,,2,10,,1740,1824,,69.3,95.6,.358,.442,.516,45.3,55.7,9.7,12.7,.485,16.8,22.5,.236
122,Incarnate Word,24,11,13,.458,-14.34,-7.39,,5,7,,6,4,,3,10,,1698,1749,,70.0,100.1,.343,.311,.536,47.9,49.3,11.9,7.4,.496,17.4,26.9,.255
123,Indiana,24,17,7,.708,17.04,7.21,,8,5,,13,1,,3,5,,1851,1615,,69.3,111.4,.303,.283,.575,53.1,54.6,8.4,14.7,.551,15.3,30.2,.214
124,Indiana State,26,17,9,.654,5.17,-3.55,,10,5,,10,3,,5,5,,2050,1795,,71.6,109.6,.292,.474,.588,51.3,56.4,9.6,5.0,.561,15.3,22.9,.217
125,Iona,23,16,7,.696,7.43,-1.23,,9,3,,8,1,,3,4,,1734,1535,,70.0,107.1,.276,.314,.533,49.4,52.4,10.7,16.4,.502,12.9,30.4,.200
126,Iowa,23,15,8,.652,15.88,7.93,,7,5,,12,2,,2,4,,1874,1691,,70.6,114.2,.356,.370,.561,51.2,57.2,9.0,8.9,.523,12.5,31.9,.266
127,Iowa State,23,16,7,.696,17.59,8.50,,7,4,,12,0,,2,6,,1627,1418,,66.4,105.4,.267,.332,.542,52.4,56.4,13.8,11.6,.521,16.5,33.7,.179
128,IUPUI,26,4,22,.154,-19.51,-5.51,,1,14,,3,8,,0,11,,1669,1969,,67.7,94.3,.305,.299,.521,48.5,47.0,8.5,7.3,.492,20.3,28.0,.209
129,Jackson State,23,6,17,.261,-11.93,-2.31,,6,5,,5,1,,2,14,,1526,1761,,71.2,92.9,.297,.354,.488,50.6,51.5,10.5,7.1,.457,19.0,33.5,.198
130,Jacksonville,23,12,11,.522,-6.22,-2.42,,5,7,,7,2,,5,9,,1487,1447,,62.5,103.4,.237,.381,.554,52.3,56.2,8.3,9.0,.527,16.9,25.7,.179
131,Jacksonville State,25,10,15,.400,-8.32,-2.36,,3,9,,8,3,,1,11,,1719,1748,,65.9,103.7,.314,.432,.542,52.4,52.5,8.7,8.5,.515,17.1,30.6,.214
132,James Madison,25,17,8,.680,6.27,-2.50,,8,4,,8,2,,7,5,,2048,1661,,72.3,111.0,.376,.371,.571,52.9,46.6,13.6,6.3,.541,15.9,33.3,.263
133,Kansas,23,18,5,.783,19.14,11.51,,7,4,,12,1,,4,3,,1738,1563,,70.0,106.8,.297,.355,.553,51.7,61.0,12.3,11.5,.524,15.6,30.0,.215
134,Kansas City,25,10,15,.400,-5.37,-1.50,,6,6,,6,6,,2,8,,1651,1684,,65.9,98.7,.331,.358,.490,52.7,42.8,9.8,12.2,.449,17.0,37.7,.236
135,Kansas State,24,19,5,.792,17.55,8.67,,7,4,,13,1,,3,4,,1846,1633,,70.5,106.8,.380,.346,.559,51.6,64.6,10.8,7.5,.517,16.9,31.8,.285
136,Kennesaw State,25,18,7,.720,-0.32,-2.36,,10,2,,10,0,,7,6,,1902,1731,,70.3,106.6,.372,.387,.560,51.3,55.4,12.3,8.0,.536,15.9,28.2,.246
137,Kent State,24,19,5,.792,7.82,-0.91,,9,2,,12,0,,6,5,,1802,1539,,70.0,107.3,.300,.396,.543,49.6,45.6,13.2,11.6,.511,14.0,29.1,.218
138,Kentucky,24,16,8,.667,13.81,6.43,,7,4,,12,3,,3,3,,1802,1625,,66.9,111.1,.299,.306,.542,55.5,56.8,9.9,10.8,.515,14.2,37.7,.207
139,La Salle,24,11,13,.458,-3.26,0.04,,5,6,,6,6,,5,5,,1654,1733,,68.7,98.7,.285,.358,.506,49.1,49.1,10.4,8.4,.475,16.1,30.1,.199
140,Lafayette,25,7,18,.280,-6.75,-3.44,,6,7,,3,6,,4,12,,1516,1616,,62.9,94.6,.225,.503,.501,46.6,69.2,9.4,9.9,.483,16.1,22.3,.143
141,Lamar,24,7,17,.292,-16.81,-5.48,,3,8,,5,7,,1,9,,1620,1792,,68.1,98.1,.326,.308,.508,50.8,53.6,9.4,10.3,.474,18.0,34.5,.225
142,Lehigh,24,14,10,.583,-8.05,-4.69,,9,4,,8,3,,6,7,,1688,1665,,70.4,99.9,.289,.357,.539,48.6,50.7,9.3,6.2,.507,15.9,21.2,.212
143,Liberty,25,19,6,.760,8.78,-2.04,,10,2,,13,1,,4,4,,1864,1470,,65.3,114.1,.243,.513,.593,52.8,65.0,9.7,6.5,.572,14.5,25.8,.177
144,Lindenwood,25,9,16,.360,-13.91,-5.14,,4,8,,7,3,,2,11,,1711,1795,,69.2,98.0,.243,.360,.521,47.8,47.9,9.2,9.0,.493,16.8,25.3,.178
145,Lipscomb,25,15,10,.600,-1.97,-3.79,,7,5,,12,1,,3,9,,1860,1704,,69.5,106.6,.253,.386,.564,52.6,49.9,7.6,7.9,.539,16.2,28.0,.185
146,Little Rock,25,7,18,.280,-12.59,-5.98,,3,9,,6,4,,1,14,,1867,1979,,72.8,102.6,.344,.308,.529,49.4,53.5,9.0,5.5,.490,16.1,30.1,.250
147,Long Beach State,24,14,10,.583,0.91,0.63,,8,4,,7,3,,5,6,,1849,1769,,73.2,102.6,.311,.234,.511,54.7,50.4,10.0,9.5,.483,15.5,36.0,.207
148,Long Island University,23,3,20,.130,-24.74,-4.38,,1,10,,2,7,,1,12,,1533,1842,,73.7,90.4,.328,.260,.497,47.5,57.9,8.9,8.2,.468,19.6,25.9,.213
149,Longwood,26,17,9,.654,-0.65,-6.53,,9,4,,11,2,,6,7,,1922,1697,,67.3,109.8,.333,.377,.558,53.2,48.9,9.4,7.3,.527,15.6,32.9,.238
150,Louisiana,24,20,4,.833,4.10,-1.42,,10,2,,11,0,,7,4,,1926,1690,,70.0,114.1,.368,.325,.582,54.9,54.2,10.4,8.2,.558,15.3,34.8,.251
151,Louisiana State,24,12,12,.500,4.74,6.94,,1,10,,9,5,,0,6,,1597,1650,,66.8,99.6,.324,.387,.513,49.9,53.6,10.9,8.7,.477,16.4,30.3,.229
152,Louisiana Tech,23,13,10,.565,1.55,0.45,,6,6,,8,3,,4,7,,1716,1577,,68.7,106.9,.291,.431,.561,51.2,51.1,11.6,8.1,.532,16.9,30.4,.214
153,Louisiana-Monroe,25,11,14,.440,-7.09,-0.32,,7,5,,7,5,,4,7,,1737,1730,,67.9,101.3,.309,.360,.523,49.7,55.4,11.0,10.3,.491,16.6,30.5,.217
154,Louisville,24,3,21,.125,-6.73,5.57,,1,12,,3,11,,0,7,,1515,1810,,68.3,92.4,.339,.370,.511,49.0,43.0,7.1,8.0,.471,20.5,27.7,.245
155,Loyola (IL),23,8,15,.348,-4.68,0.37,,2,9,,6,5,,1,6,,1554,1670,,66.7,99.7,.309,.403,.562,49.0,56.1,7.8,8.7,.539,20.7,25.4,.212
156,Loyola (MD),26,8,18,.308,-13.26,-5.10,,3,10,,5,6,,2,11,,1686,1808,,66.6,97.3,.274,.385,.529,48.4,56.7,11.9,7.6,.513,19.0,27.7,.169
157,Loyola Marymount,25,16,9,.640,6.40,3.86,,6,5,,11,2,,3,6,,1895,1784,,69.5,107.9,.302,.432,.559,53.3,45.5,7.7,7.7,.540,15.9,30.1,.201
158,Maine,24,10,14,.417,-6.71,-3.62,,4,7,,6,4,,4,9,,1677,1664,,67.1,103.1,.221,.353,.553,47.5,54.3,14.0,5.9,.528,16.1,23.2,.165
159,Manhattan,22,8,14,.364,-9.82,-4.44,,6,7,,4,7,,3,6,,1499,1565,,67.6,98.0,.325,.377,.530,45.9,51.4,11.2,9.7,.504,18.1,25.7,.216
160,Marist,22,8,14,.364,-9.55,-5.82,,4,9,,4,8,,3,6,,1376,1458,,65.5,95.0,.263,.437,.503,48.8,47.6,9.7,10.6,.473,16.1,24.3,.185
161,Marquette,25,19,6,.760,17.48,7.12,,11,3,,13,1,,5,4,,2022,1763,,69.7,114.3,.276,.413,.591,47.3,58.6,13.5,10.1,.570,13.8,26.3,.196
162,Marshall,25,19,6,.760,8.46,-2.67,,8,4,,13,2,,6,4,,2037,1744,,72.2,111.2,.234,.363,.542,50.7,57.0,12.7,13.2,.526,13.5,34.2,.154
163,Maryland,24,16,8,.667,15.29,7.20,,7,6,,12,1,,2,6,,1695,1501,,65.7,107.5,.345,.383,.543,51.4,44.9,8.6,9.5,.504,14.4,30.5,.255
164,Maryland-Baltimore County,26,16,10,.615,-4.52,-6.12,,6,5,,12,2,,4,8,,1957,1890,,68.6,109.7,.257,.402,.555,50.4,53.8,8.2,6.7,.528,13.3,27.2,.190
165,Maryland-Eastern Shore,22,14,8,.636,-6.99,-2.88,,6,1,,9,0,,5,8,,1541,1449,,70.2,99.2,.248,.389,.528,49.5,54.7,15.3,5.3,.503,17.6,30.0,.175
166,Massachusetts,24,13,11,.542,0.07,0.49,,4,8,,7,4,,2,6,,1718,1728,,71.2,100.5,.337,.302,.510,51.9,56.9,9.6,11.0,.473,16.5,33.6,.236
167,Massachusetts-Lowell,25,19,6,.760,-0.27,-8.86,,7,4,,13,0,,7,6,,1947,1646,,70.5,109.9,.294,.315,.567,56.7,51.4,9.8,12.7,.540,17.6,37.4,.212
168,McNeese State,24,5,19,.208,-12.77,-2.29,,2,9,,3,7,,2,12,,1618,1803,,67.9,98.8,.251,.431,.514,48.9,46.2,12.1,6.3,.498,18.5,32.4,.157
169,Memphis,24,18,6,.750,12.58,4.87,,8,3,,10,1,,5,4,,1944,1759,,73.5,108.5,.357,.281,.562,50.9,55.9,12.1,13.9,.525,15.7,31.8,.265
170,Mercer,26,12,14,.462,-5.48,-3.77,,5,8,,6,6,,4,7,,1814,1763,,65.9,104.4,.288,.303,.531,51.0,51.9,8.8,5.7,.505,14.5,30.0,.197
171,Merrimack,25,9,16,.360,-13.61,-6.22,,7,4,,5,6,,4,8,,1484,1579,,66.3,89.5,.358,.450,.512,42.0,57.1,16.0,11.4,.475,20.4,20.0,.250
172,Miami (FL),23,18,5,.783,13.49,4.90,,10,4,,13,0,,5,4,,1801,1617,,68.5,113.7,.302,.362,.579,51.4,52.2,10.8,9.3,.547,14.6,31.9,.231
173,Miami (OH),24,8,16,.333,-8.04,-1.23,,2,9,,7,8,,1,7,,1786,1811,,70.5,105.6,.314,.417,.560,48.9,52.6,9.0,7.9,.521,17.3,28.7,.244
174,Michigan,24,14,10,.583,11.74,7.20,,8,5,,10,3,,2,4,,1780,1671,,68.2,107.6,.308,.376,.545,49.9,48.8,7.1,11.3,.518,12.5,25.1,.214
175,Michigan State,24,15,9,.625,13.29,10.74,,7,6,,10,2,,3,5,,1635,1574,,65.7,102.6,.253,.324,.531,52.5,58.1,7.3,8.4,.501,14.8,27.1,.187
176,Middle Tennessee,24,15,9,.625,3.12,0.71,,8,5,,9,2,,3,7,,1703,1600,,67.5,104.0,.288,.360,.546,51.9,42.3,11.7,14.3,.524,17.6,32.7,.194
177,Milwaukee,23,16,7,.696,-3.69,-4.21,,10,4,,10,3,,6,5,,1792,1621,,72.4,106.4,.334,.378,.562,52.2,50.4,10.1,16.2,.528,18.0,33.3,.246
178,Minnesota,22,7,15,.318,-1.21,6.97,,1,11,,5,8,,1,6,,1344,1524,,65.1,92.8,.309,.369,.492,47.7,60.3,7.5,9.5,.470,17.2,25.9,.188
179,Mississippi,24,10,14,.417,6.41,6.95,,2,9,,6,7,,2,6,,1625,1638,,66.7,101.0,.287,.341,.506,51.5,52.2,10.1,11.9,.476,15.7,34.0,.200
180,Mississippi State,24,16,8,.667,12.38,5.42,,4,7,,10,3,,2,4,,1571,1404,,65.4,99.6,.332,.359,.496,52.7,60.7,14.5,12.1,.470,15.9,35.1,.207
181,Mississippi Valley State,24,3,21,.125,-18.45,-2.09,,2,9,,2,3,,1,17,,1414,1812,,68.3,86.2,.383,.255,.474,46.7,44.1,11.5,6.9,.434,20.4,28.8,.253
182,Missouri,24,18,6,.750,12.14,4.97,,6,5,,14,2,,2,4,,1967,1795,,71.6,114.0,.315,.432,.589,45.5,58.6,14.8,8.9,.558,14.3,27.9,.238
183,Missouri State,25,13,12,.520,1.03,0.36,,9,6,,9,3,,3,7,,1637,1586,,63.2,102.1,.275,.429,.525,52.4,47.5,10.3,12.9,.508,16.8,32.9,.171
184,Monmouth,25,5,20,.200,-15.70,0.02,,4,8,,2,8,,3,12,,1476,1869,,67.9,86.9,.322,.266,.462,47.1,50.3,12.4,9.4,.430,19.0,30.0,.205
185,Montana,24,12,12,.500,-1.27,-1.18,,6,6,,8,4,,3,8,,1640,1630,,64.2,105.9,.297,.404,.562,50.1,50.9,7.0,7.1,.527,15.5,24.3,.230
186,Montana State,25,17,8,.680,2.65,-1.22,,10,2,,9,1,,8,4,,1871,1655,,68.6,109.2,.391,.361,.576,52.2,50.8,9.6,8.8,.536,15.4,27.0,.293
187,Morehead State,25,16,9,.640,-8.20,-4.15,,9,3,,11,2,,5,7,,1770,1686,,67.7,104.1,.370,.379,.547,53.3,57.2,8.8,9.3,.508,16.7,29.7,.272
188,Morgan State,23,12,11,.522,-9.10,-4.31,,4,3,,8,1,,2,9,,1779,1641,,73.5,103.6,.282,.304,.540,48.9,55.7,13.6,13.0,.517,18.1,34.2,.192
189,Mount St. Mary's,24,8,16,.333,-8.47,-3.86,,4,9,,3,7,,5,9,,1493,1577,,65.8,94.5,.232,.345,.508,49.4,56.4,9.0,7.6,.478,18.8,29.0,.172
190,Murray State,25,13,12,.520,-3.39,-0.39,,8,7,,9,2,,2,9,,1770,1805,,67.1,104.5,.337,.328,.534,50.7,47.0,7.7,8.3,.495,14.3,28.5,.248
191,Navy,25,14,11,.560,-3.32,-5.37,,7,6,,7,4,,7,7,,1761,1673,,65.4,106.7,.221,.374,.555,52.0,56.2,10.1,7.9,.537,16.0,30.1,.153
192,NC State,25,19,6,.760,13.12,4.00,,9,5,,13,1,,3,4,,1960,1732,,70.3,111.0,.284,.375,.542,51.9,47.1,11.6,12.9,.512,12.0,31.1,.205
193,Nebraska,25,11,14,.440,6.01,9.37,,4,10,,8,3,,2,9,,1649,1733,,67.0,97.5,.273,.363,.522,49.6,53.3,8.1,6.8,.504,16.8,25.9,.171
194,Nevada,25,19,6,.760,12.57,6.99,,9,3,,12,0,,5,5,,1840,1662,,66.9,108.4,.399,.393,.567,50.4,57.8,9.1,9.5,.515,14.0,23.8,.317
195,Nevada-Las Vegas,24,16,8,.667,8.97,4.10,,5,7,,8,5,,4,3,,1827,1643,,70.5,106.8,.368,.390,.549,48.5,51.3,13.3,12.6,.514,14.8,28.5,.261
196,New Hampshire,23,11,12,.478,-8.03,-5.84,,6,5,,7,4,,4,8,,1547,1518,,66.1,100.7,.280,.409,.500,50.1,51.4,7.8,6.3,.471,13.0,28.0,.192
197,New Mexico,24,19,5,.792,13.34,4.56,,6,5,,14,2,,4,3,,1962,1721,,72.2,111.5,.404,.272,.575,53.5,48.5,9.6,11.0,.537,14.5,29.2,.297
198,New Mexico State,24,9,15,.375,-0.91,3.09,,2,10,,6,4,,1,9,,1769,1720,,71.6,102.9,.336,.374,.535,51.4,46.1,10.2,7.3,.506,15.6,29.0,.229
199,New Orleans,22,6,16,.273,-15.70,-5.00,,3,8,,5,8,,1,8,,1564,1768,,72.7,97.1,.361,.304,.546,47.4,58.7,8.8,5.7,.517,21.4,27.4,.246
200,Niagara,22,13,9,.591,-5.86,-4.43,,8,5,,7,2,,4,7,,1425,1417,,63.3,101.8,.297,.353,.543,49.5,47.6,8.1,7.1,.513,16.2,25.9,.213
201,Nicholls State,22,11,11,.500,-7.79,-1.63,,7,4,,7,0,,4,10,,1658,1604,,72.7,103.6,.274,.362,.534,48.9,49.8,12.3,8.9,.518,15.9,30.8,.171
202,NJIT,23,6,17,.261,-11.87,-4.92,,3,7,,4,6,,2,11,,1535,1660,,67.0,98.0,.303,.339,.508,48.0,50.2,8.0,8.3,.483,15.0,24.9,.196
203,Norfolk State,23,16,7,.696,-3.30,-3.98,,5,2,,8,1,,4,6,,1755,1589,,68.0,112.0,.339,.373,.578,53.0,51.7,9.7,12.5,.545,15.9,33.7,.252
204,North Alabama,25,14,11,.560,-9.32,-4.19,,6,6,,7,2,,6,9,,1881,1859,,69.3,107.5,.312,.339,.557,50.1,43.6,8.6,8.6,.533,14.3,26.0,.213
205,North Carolina,24,15,9,.625,13.45,7.75,,7,6,,10,1,,2,6,,1870,1733,,70.3,108.0,.391,.354,.539,53.5,45.9,8.1,9.3,.495,13.2,30.1,.289
206,North Carolina A&T,26,12,14,.462,-8.84,-1.71,,7,6,,7,4,,4,7,,1854,1900,,70.8,100.3,.299,.419,.526,47.5,46.8,10.5,7.1,.499,15.2,23.7,.203
207,North Carolina Central,21,10,11,.476,-4.04,-2.75,,3,4,,9,1,,1,10,,1597,1411,,70.1,107.3,.326,.351,.567,52.3,53.2,11.2,8.5,.540,18.2,32.2,.230
208,North Dakota,25,8,17,.320,-9.35,-2.09,,2,10,,5,7,,3,10,,1752,1837,,67.9,102.8,.259,.448,.534,48.4,46.5,6.6,6.9,.512,15.3,25.9,.174
209,North Dakota State,24,9,15,.375,-5.67,-1.04,,6,6,,5,4,,4,9,,1746,1782,,69.3,105.0,.308,.406,.549,51.3,43.1,5.9,7.3,.524,15.0,25.3,.209
210,North Florida,24,10,14,.417,-8.67,-1.63,,5,7,,8,1,,2,13,,1790,1865,,69.8,105.8,.301,.487,.553,47.2,49.9,7.0,8.6,.526,15.6,25.8,.213
211,North Texas,24,19,5,.792,7.51,1.33,,10,3,,8,2,,7,2,,1495,1323,,59.7,104.4,.318,.415,.524,53.4,50.9,11.0,9.0,.490,16.4,35.2,.226
212,Northeastern,23,8,15,.348,-8.45,-3.76,,4,8,,4,6,,3,8,,1517,1625,,67.6,97.1,.276,.386,.514,52.6,54.4,7.4,9.9,.489,18.4,31.1,.185
213,Northern Arizona,24,6,18,.250,-6.26,0.95,,2,10,,5,6,,1,12,,1717,1791,,68.5,102.8,.281,.380,.522,50.1,55.9,7.8,4.9,.489,14.2,27.9,.206
214,Northern Colorado,23,7,16,.304,-5.42,0.67,,3,9,,3,6,,3,10,,1624,1799,,68.8,101.5,.310,.420,.537,47.7,47.8,7.3,3.7,.502,16.0,24.0,.230
215,Northern Illinois,24,10,14,.417,-7.16,-1.75,,6,5,,3,5,,6,8,,1712,1811,,71.0,100.5,.337,.382,.546,46.5,45.8,9.4,7.3,.520,18.1,25.5,.227
216,Northern Iowa,25,12,13,.480,-1.43,-1.31,,8,7,,8,5,,3,6,,1760,1707,,68.0,102.5,.312,.389,.549,50.7,44.9,9.5,4.5,.523,16.3,23.7,.215
217,Northern Kentucky,25,15,10,.600,-2.21,-2.78,,10,4,,12,3,,3,4,,1679,1586,,64.0,102.4,.277,.397,.516,48.9,56.0,14.9,7.7,.490,15.4,32.0,.187
218,Northwestern,23,16,7,.696,12.57,6.26,,7,5,,10,4,,5,2,,1572,1427,,66.3,103.1,.316,.408,.512,50.7,56.7,12.0,14.9,.472,13.3,29.4,.235
219,Northwestern State,24,16,8,.667,-2.91,-4.82,,8,3,,7,2,,8,6,,1785,1730,,68.7,107.2,.250,.402,.530,47.9,48.8,12.1,5.9,.506,14.6,33.2,.175
220,Notre Dame,24,10,14,.417,1.35,2.89,,2,11,,10,6,,0,6,,1688,1725,,65.3,107.1,.232,.429,.553,47.1,47.8,7.2,7.1,.526,12.2,20.3,.176
221,Oakland,25,10,15,.400,-6.97,-1.06,,8,6,,6,4,,4,8,,1834,1911,,69.3,103.9,.311,.403,.540,45.4,47.2,10.5,7.4,.501,14.1,24.5,.237
222,Ohio,24,13,11,.542,-0.43,-2.09,,5,6,,10,1,,3,9,,1874,1767,,69.5,111.8,.274,.381,.557,52.3,45.7,8.8,6.3,.531,14.2,33.1,.197
223,Ohio State,23,11,12,.478,14.91,7.35,,3,9,,8,3,,1,7,,1738,1564,,67.6,110.6,.280,.302,.547,53.4,42.5,7.6,10.0,.518,13.6,33.5,.203
224,Oklahoma,24,12,12,.500,11.55,10.51,,2,9,,7,5,,1,6,,1632,1607,,66.1,102.4,.285,.357,.562,50.0,53.0,8.1,8.1,.536,17.8,23.2,.206
225,Oklahoma State,24,15,9,.625,14.97,9.22,,6,5,,11,2,,2,5,,1666,1528,,68.4,100.9,.317,.379,.533,52.5,52.7,8.9,14.8,.501,17.9,31.7,.224
226,Old Dominion,24,14,10,.583,0.13,-0.74,,6,6,,10,4,,3,4,,1623,1589,,65.4,102.8,.368,.292,.508,52.1,43.4,9.8,12.6,.472,14.3,33.1,.249
227,Omaha,25,7,18,.280,-9.27,0.27,,3,10,,4,6,,1,12,,1722,1919,,68.4,100.7,.292,.289,.542,48.0,48.8,8.3,9.0,.504,17.2,25.2,.225
228,Oral Roberts,25,21,4,.840,11.78,-1.46,,12,0,,14,0,,7,4,,2131,1749,,72.6,117.5,.241,.459,.594,50.7,49.0,9.4,14.8,.571,12.3,25.9,.183
229,Oregon,24,14,10,.583,13.25,9.67,,8,5,,10,4,,3,4,,1698,1612,,67.3,105.2,.334,.406,.542,53.2,52.4,9.0,14.5,.513,16.6,32.3,.232
230,Oregon State,24,9,15,.375,0.19,5.84,,3,10,,8,4,,1,8,,1489,1602,,65.6,94.6,.340,.373,.524,47.7,50.2,8.4,10.0,.484,18.8,23.6,.249
231,Pacific,25,12,13,.480,-0.65,0.96,,5,5,,5,9,,7,4,,1894,1913,,71.0,105.6,.338,.388,.553,46.4,46.7,8.0,7.4,.521,14.9,24.6,.242
232,Penn State,24,14,10,.583,11.57,6.90,,5,8,,11,3,,1,6,,1742,1630,,65.1,109.8,.181,.481,.573,47.8,54.5,7.5,6.2,.554,12.1,17.6,.136
233,Pennsylvania,24,13,11,.542,0.05,-1.30,,5,4,,8,4,,5,7,,1785,1722,,67.5,108.4,.293,.403,.562,52.2,57.9,7.7,9.3,.532,16.1,30.2,.215
234,Pepperdine,25,8,17,.320,-0.27,4.29,,1,10,,7,6,,0,10,,1937,2005,,74.1,102.5,.266,.361,.548,49.2,51.9,7.6,9.7,.523,16.7,26.1,.188
235,Pittsburgh,24,17,7,.708,10.81,3.77,,10,3,,11,3,,6,2,,1790,1621,,68.3,109.1,.301,.451,.565,52.0,55.1,7.7,12.6,.532,15.5,30.0,.229
236,Portland,26,12,14,.462,1.64,3.64,,4,7,,9,5,,2,8,,2008,2008,,71.4,107.1,.424,.445,.578,48.3,61.0,7.1,6.4,.540,16.7,25.0,.309
237,Portland State,24,10,14,.417,-4.44,0.43,,4,7,,5,5,,4,7,,1828,1779,,72.0,105.8,.341,.377,.544,47.7,52.3,10.7,9.0,.506,15.0,27.8,.251
238,Prairie View,23,8,15,.348,-8.10,-5.10,,5,7,,6,4,,3,11,,1545,1600,,70.2,93.6,.335,.311,.480,51.6,41.5,11.2,10.1,.441,16.8,33.1,.231
239,Presbyterian,26,5,21,.192,-12.89,-4.55,,1,12,,5,6,,0,13,,1644,1790,,64.3,97.0,.368,.363,.500,50.3,47.9,8.8,9.1,.471,17.0,31.7,.232
240,Princeton,22,16,6,.727,3.45,-3.76,,7,2,,8,2,,6,3,,1681,1485,,69.7,108.9,.312,.415,.570,55.7,50.5,7.3,8.6,.546,16.4,29.8,.218
241,Providence,24,18,6,.750,13.89,4.10,,10,3,,13,0,,5,4,,1882,1647,,68.7,112.4,.380,.309,.561,56.2,53.8,9.9,11.7,.522,15.2,36.8,.282
242,Purdue,24,22,2,.917,19.70,6.74,,11,2,,11,1,,7,1,,1777,1466,,64.1,114.9,.358,.385,.566,58.7,59.7,7.4,10.6,.528,14.4,38.7,.268
243,Purdue-Fort Wayne,25,15,10,.600,-3.94,-4.37,,7,7,,8,3,,6,6,,1861,1706,,70.3,105.3,.290,.470,.546,51.8,50.4,10.1,6.9,.520,16.4,29.4,.203
244,Queens (NC),25,16,9,.640,-4.17,-5.72,,6,6,,8,2,,6,7,,1991,1859,,71.0,112.1,.349,.450,.566,53.6,53.4,9.0,6.1,.535,15.3,32.8,.250
245,Quinnipiac,24,17,7,.708,1.05,-4.30,,8,5,,8,3,,7,3,,1742,1601,,69.6,104.4,.345,.384,.528,53.7,51.7,9.2,6.8,.502,15.7,33.7,.226
246,Radford,25,16,9,.640,-1.00,-4.08,,10,2,,9,1,,6,8,,1766,1599,,66.1,106.8,.316,.330,.552,51.3,47.0,11.1,9.7,.528,16.0,30.2,.214
247,Rhode Island,23,8,15,.348,-1.81,1.24,,4,7,,7,5,,0,8,,1540,1610,,68.7,96.4,.374,.308,.498,51.7,51.1,8.8,10.2,.449,17.7,32.9,.275
248,Rice,23,15,8,.652,-0.06,0.14,,6,6,,10,4,,5,4,,1802,1686,,70.6,108.6,.336,.416,.584,52.0,58.3,8.5,6.0,.555,16.8,26.1,.246
249,Richmond,25,12,13,.480,2.14,0.50,,5,7,,10,3,,1,8,,1743,1702,,66.4,103.0,.334,.448,.551,49.3,51.5,8.4,7.1,.515,15.6,21.8,.248
250,Rider,22,13,9,.591,-2.04,-4.14,,10,3,,6,2,,7,5,,1541,1460,,65.4,106.5,.296,.257,.530,53.8,44.5,7.9,7.1,.492,15.2,34.4,.225
251,Robert Morris,25,11,14,.440,-6.53,-3.96,,6,8,,7,4,,4,7,,1715,1684,,67.7,101.4,.247,.370,.532,50.3,55.1,9.5,9.2,.507,17.1,28.3,.175
252,Rutgers,24,16,8,.667,18.35,6.56,,8,5,,14,2,,2,5,,1692,1409,,67.2,104.4,.301,.306,.521,52.8,60.5,13.8,12.3,.486,15.0,32.9,.220
253,Sacramento State,24,12,12,.500,-2.88,-0.83,,5,6,,8,3,,4,6,,1618,1627,,63.2,103.9,.279,.363,.537,54.7,56.3,7.4,7.1,.512,17.6,34.5,.192
254,Sacred Heart,26,13,13,.500,-12.17,-10.17,,6,5,,7,4,,6,9,,1848,1857,,71.0,100.1,.270,.379,.519,49.0,52.7,11.5,8.5,.494,16.1,28.2,.182
255,Saint Francis (PA),23,8,15,.348,-13.09,-6.99,,5,5,,7,3,,1,12,,1679,1710,,70.0,104.2,.292,.358,.551,49.8,52.0,7.1,4.9,.524,16.4,27.1,.206
256,Saint Joseph's,24,12,12,.500,-0.06,-0.65,,6,6,,8,5,,4,4,,1735,1721,,69.5,102.9,.328,.448,.529,49.0,49.0,9.5,9.3,.502,15.9,29.8,.218
257,Saint Louis,24,16,8,.667,5.82,2.60,,8,3,,11,3,,4,4,,1818,1701,,70.4,107.6,.309,.341,.553,53.5,59.2,6.9,10.5,.522,15.1,29.9,.225
258,Saint Mary's (CA),25,21,4,.840,20.03,6.45,,10,0,,14,2,,4,0,,1789,1443,,64.1,110.6,.297,.372,.554,56.3,48.0,11.5,9.9,.529,14.3,33.8,.205
259,Saint Peter's,22,9,13,.409,-9.90,-4.71,,4,9,,6,4,,3,9,,1365,1427,,64.0,96.4,.266,.356,.473,53.0,48.4,9.8,10.0,.439,16.2,37.2,.188
260,Sam Houston State,23,17,6,.739,7.44,1.18,,7,4,,8,1,,7,5,,1739,1363,,67.6,111.2,.267,.377,.563,55.0,50.7,13.2,8.3,.545,16.6,36.3,.180
261,Samford,26,17,9,.654,0.13,-4.19,,11,2,,11,2,,6,7,,2028,1840,,69.4,110.3,.400,.438,.568,52.4,44.7,10.7,8.1,.525,15.9,31.1,.303
262,San Diego,25,11,14,.440,-1.31,2.21,,4,7,,8,7,,3,5,,1954,1984,,70.7,109.5,.336,.360,.557,49.6,48.3,9.7,5.8,.517,14.3,29.7,.257
263,San Diego State,24,19,5,.792,15.91,8.39,,10,2,,12,1,,6,1,,1784,1573,,67.8,108.4,.352,.363,.555,53.4,52.1,10.7,9.4,.519,15.1,30.7,.258
264,San Francisco,26,15,11,.577,6.44,2.80,,4,7,,9,5,,4,4,,1947,1839,,70.9,105.6,.310,.485,.566,51.6,50.6,9.8,6.9,.533,17.7,28.2,.232
265,San Jose State,24,14,10,.583,4.29,3.33,,5,6,,9,2,,3,7,,1635,1591,,63.5,106.7,.272,.400,.541,55.9,51.5,6.0,10.5,.519,16.2,34.7,.183
266,Santa Clara,25,17,8,.680,8.46,5.96,,5,5,,11,4,,3,3,,1888,1815,,71.2,105.5,.303,.371,.541,54.2,49.4,8.5,9.6,.509,15.7,31.9,.220
267,Seattle,25,17,8,.680,1.80,0.11,,8,4,,10,1,,6,5,,1839,1713,,71.2,102.7,.305,.462,.519,52.0,51.0,8.5,8.4,.485,14.7,30.3,.216
268,Seton Hall,25,15,10,.600,11.88,8.17,,8,6,,9,4,,5,4,,1728,1612,,68.4,101.1,.426,.334,.530,51.2,51.2,12.4,12.5,.493,17.8,31.8,.288
269,Siena,24,15,9,.625,-0.86,-4.03,,9,4,,7,3,,6,5,,1658,1582,,66.5,102.8,.345,.327,.542,52.8,51.4,7.9,11.5,.502,17.2,30.2,.258
270,South Alabama,24,11,13,.458,0.28,0.15,,5,7,,6,4,,3,8,,1682,1612,,67.8,102.8,.207,.383,.539,47.3,42.2,8.7,9.6,.521,13.9,21.1,.141
271,South Carolina,24,8,16,.333,-4.23,4.85,,1,10,,6,6,,2,6,,1538,1756,,65.4,96.5,.260,.408,.488,49.8,46.6,7.7,7.2,.465,16.8,33.6,.165
272,South Carolina State,23,3,20,.130,-17.29,-2.56,,0,7,,2,3,,1,17,,1703,1974,,73.6,99.6,.290,.320,.502,48.4,49.8,9.8,8.7,.473,16.7,34.0,.196
273,South Carolina Upstate,24,11,13,.458,-8.60,-3.69,,6,7,,9,2,,2,11,,1646,1672,,68.2,100.1,.334,.346,.548,47.5,47.2,10.8,13.4,.526,18.6,26.2,.218
274,South Dakota,25,11,14,.440,-10.37,-2.59,,6,7,,7,5,,2,8,,1722,1844,,67.3,102.4,.280,.397,.541,50.0,50.3,6.6,4.0,.505,16.1,25.9,.215
275,South Dakota State,25,14,11,.560,-1.82,-0.15,,9,4,,8,1,,4,9,,1747,1758,,68.3,101.3,.278,.397,.553,48.0,43.3,7.5,8.1,.516,16.4,20.2,.220
276,South Florida,24,10,14,.417,2.72,1.97,,3,8,,7,8,,2,5,,1744,1726,,69.8,103.5,.311,.363,.531,52.1,51.6,9.4,8.1,.508,16.7,33.5,.203
277,Southeast Missouri State,25,13,12,.520,-6.35,-4.95,,8,4,,7,3,,5,8,,1922,1879,,74.2,102.6,.348,.417,.543,49.4,54.7,9.4,9.9,.511,15.9,25.8,.244
278,Southeastern Louisiana,24,14,10,.583,-7.21,-4.45,,8,3,,9,3,,4,6,,1867,1837,,70.8,108.1,.334,.367,.554,49.1,50.6,10.2,5.2,.517,14.8,29.1,.251
279,Southern,23,12,11,.522,-6.25,-3.88,,8,3,,7,0,,4,11,,1716,1679,,74.5,99.6,.318,.396,.552,46.8,58.9,11.8,7.8,.521,18.2,22.5,.229
280,Southern California,23,17,6,.739,13.15,7.63,,9,3,,12,1,,3,3,,1662,1535,,68.6,104.7,.326,.316,.547,49.5,54.3,10.7,14.7,.511,16.4,29.3,.241
281,Southern Illinois,26,19,7,.731,2.42,-1.98,,11,4,,12,1,,6,5,,1735,1588,,65.2,101.8,.297,.480,.565,49.5,59.0,11.8,6.1,.535,18.2,22.7,.220
282,SIU Edwardsville,25,16,9,.640,-4.02,-5.88,,7,5,,8,3,,6,6,,1848,1729,,70.0,105.7,.382,.369,.540,50.8,48.5,10.3,11.1,.497,15.6,31.6,.281
283,Southern Indiana,25,13,12,.520,-6.84,-6.25,,6,6,,9,3,,3,9,,1917,1825,,70.8,106.7,.325,.430,.546,53.8,49.5,10.6,7.0,.522,16.6,33.2,.217
284,Southern Methodist,25,9,16,.360,-0.03,4.65,,4,8,,6,7,,1,8,,1735,1852,,70.8,97.0,.324,.346,.504,48.0,53.6,9.4,9.4,.472,15.8,27.0,.218
285,Southern Mississippi,25,21,4,.840,6.26,-2.20,,10,2,,12,0,,7,4,,1887,1593,,68.4,110.3,.311,.358,.549,53.3,54.6,13.0,7.7,.520,14.4,34.6,.221
286,Southern Utah,24,16,8,.667,3.69,1.79,,8,3,,10,1,,4,6,,2036,1763,,74.5,111.6,.385,.383,.575,53.5,45.6,10.4,8.8,.543,15.6,30.8,.273
287,St. Bonaventure,25,13,12,.520,0.24,-0.24,,7,5,,10,3,,2,7,,1674,1662,,66.4,100.4,.304,.361,.521,49.4,50.0,10.1,10.7,.490,15.9,28.4,.213
288,St. Francis (NY),24,12,12,.500,-16.05,-11.10,,5,6,,9,4,,3,8,,1553,1606,,67.4,96.0,.312,.329,.498,48.9,52.9,11.0,10.8,.463,17.2,30.9,.218
289,St. John's (NY),25,14,11,.560,7.48,5.16,,4,10,,10,4,,1,7,,1915,1857,,73.6,103.5,.266,.271,.523,52.7,51.6,11.6,9.9,.500,15.5,33.2,.178
290,St. Thomas,26,16,10,.615,-3.49,-4.61,,7,6,,10,1,,4,9,,1934,1824,,66.6,111.7,.328,.432,.572,48.1,50.3,9.1,6.3,.531,13.5,25.0,.259
291,Stanford,23,10,13,.435,8.14,5.83,,4,8,,7,4,,1,5,,1577,1524,,65.9,104.0,.304,.407,.538,52.8,55.9,9.0,11.2,.507,16.7,31.8,.217
292,Stephen F. Austin,24,15,9,.625,2.35,-0.41,,7,4,,10,2,,4,4,,1835,1629,,71.4,106.5,.364,.289,.571,51.0,56.4,13.2,7.3,.538,18.9,32.7,.265
293,Stetson,23,13,10,.565,-2.13,-1.94,,8,4,,7,1,,5,8,,1747,1653,,65.2,114.0,.230,.443,.574,50.4,52.0,8.2,9.4,.551,14.2,31.2,.171
294,Stonehill,26,12,14,.462,-12.00,-6.92,,8,3,,5,4,,6,9,,1762,1842,,68.7,98.6,.325,.424,.560,45.3,53.5,10.3,7.8,.523,18.4,18.6,.246
295,Stony Brook,25,8,17,.320,-12.86,-3.95,,4,8,,5,6,,3,10,,1569,1712,,64.3,97.6,.303,.472,.524,49.0,54.3,6.6,7.1,.487,16.6,22.9,.224
296,Syracuse,25,15,10,.600,7.60,3.32,,8,6,,9,5,,5,4,,1865,1758,,68.1,108.4,.302,.295,.555,49.7,53.8,11.0,16.5,.523,14.9,30.5,.223
297,Tarleton State,23,12,11,.522,-1.12,1.79,,6,5,,10,1,,1,9,,1637,1556,,68.9,103.3,.453,.247,.534,49.1,49.1,13.3,9.5,.496,15.5,29.6,.304
298,TCU,24,17,7,.708,16.50,6.54,,6,5,,11,2,,2,5,,1838,1599,,71.5,106.6,.355,.294,.539,50.9,57.9,12.2,12.6,.502,14.6,32.7,.254
299,Temple,25,14,11,.560,5.58,5.02,,8,4,,7,6,,6,3,,1733,1719,,67.3,100.9,.360,.440,.537,50.4,58.4,7.2,10.5,.491,17.9,29.1,.276
300,Tennessee,24,19,5,.792,23.29,6.33,,8,3,,11,1,,4,3,,1728,1321,,66.9,107.0,.304,.394,.530,55.5,65.5,13.3,12.8,.495,15.7,38.0,.222
301,Tennessee State,25,14,11,.560,-10.14,-8.85,,6,6,,10,3,,3,7,,1931,1858,,72.1,107.1,.355,.419,.554,50.5,50.8,8.0,9.4,.523,15.3,28.0,.249
302,Tennessee Tech,25,11,14,.440,-9.68,-4.59,,7,5,,9,4,,2,10,,1810,1820,,69.2,101.6,.277,.411,.537,48.5,56.4,9.8,6.0,.509,16.2,26.3,.197
303,Tennessee-Martin,25,15,10,.600,-8.16,-6.78,,7,5,,12,1,,3,9,,2025,1863,,73.7,108.3,.342,.385,.551,51.4,49.1,11.1,9.0,.519,14.1,29.7,.244
304,Texas,23,19,4,.826,19.92,8.96,,8,3,,13,1,,4,3,,1826,1555,,70.6,111.2,.318,.350,.571,50.9,57.1,11.1,11.4,.538,14.8,29.7,.238
305,Texas A&M,24,17,7,.708,13.30,4.93,,9,2,,12,1,,4,3,,1802,1601,,68.0,110.5,.450,.345,.551,54.3,54.0,10.6,8.3,.502,15.3,37.4,.334
306,Texas A&M-Commerce,24,11,13,.458,-10.59,-7.12,,8,4,,7,2,,5,10,,1665,1697,,66.8,102.2,.263,.482,.538,49.2,56.6,8.8,8.9,.515,16.6,26.9,.180
307,Texas A&M-Corpus Christi,24,15,9,.625,-2.84,-6.14,,8,3,,10,1,,4,7,,1935,1765,,72.7,110.3,.328,.362,.559,52.5,55.8,12.7,4.9,.518,15.6,33.7,.255
308,Texas Southern,23,7,16,.304,-10.35,-2.17,,4,7,,5,6,,2,9,,1598,1699,,71.5,94.2,.340,.275,.490,50.8,44.8,9.0,9.9,.459,17.5,30.9,.219
309,Texas State,25,11,14,.440,-3.04,-0.22,,4,8,,3,7,,6,6,,1611,1646,,65.6,98.2,.346,.256,.504,51.3,41.1,10.1,9.6,.465,16.0,31.6,.243
310,Texas Tech,24,12,12,.500,12.06,6.60,,1,10,,9,4,,1,6,,1775,1644,,69.1,105.9,.368,.379,.559,51.3,51.8,11.3,9.0,.526,17.5,31.8,.260
311,Texas-Rio Grande Valley,24,12,12,.500,-6.51,-0.51,,3,8,,10,3,,2,9,,1878,1870,,74.6,104.3,.463,.337,.569,52.7,57.7,6.6,9.2,.531,19.7,30.6,.326
312,The Citadel,26,9,17,.346,-11.70,-3.78,,4,9,,4,8,,4,8,,1790,1945,,69.0,99.8,.287,.402,.536,46.4,50.2,7.7,6.8,.500,16.0,21.3,.218
313,Toledo,25,19,6,.760,5.35,-1.82,,9,2,,10,1,,6,3,,2130,1943,,72.1,118.1,.342,.355,.591,50.3,50.0,9.8,7.6,.558,12.6,30.7,.257
314,Towson,25,17,8,.680,-0.33,-5.25,,9,3,,8,2,,7,4,,1764,1641,,64.6,108.1,.298,.339,.533,54.0,54.5,9.5,10.9,.502,15.1,36.1,.212
315,Troy,25,14,11,.560,1.06,-0.71,,6,6,,8,3,,5,7,,1816,1646,,69.1,104.5,.314,.410,.539,50.1,54.5,12.1,7.7,.507,16.5,31.2,.223
316,Tulane,23,16,7,.696,8.54,2.02,,9,3,,10,2,,4,2,,1891,1741,,74.1,108.6,.369,.376,.578,46.2,55.9,12.1,10.8,.532,13.6,19.1,.295
317,Tulsa,23,5,18,.217,-5.38,3.97,,1,11,,4,7,,0,9,,1557,1772,,69.7,96.1,.249,.423,.509,45.0,48.4,7.8,4.3,.488,16.5,24.6,.162
318,UAB,25,17,8,.680,9.18,0.73,,8,5,,13,2,,2,4,,2051,1791,,72.7,110.6,.391,.304,.548,54.6,54.5,11.3,11.4,.505,15.4,37.3,.290
319,UC Davis,23,14,9,.609,1.15,-1.38,,7,4,,7,3,,4,6,,1739,1611,,71.0,105.9,.423,.347,.556,54.1,50.4,9.7,6.9,.524,18.2,35.5,.286
320,UC Irvine,23,15,8,.652,5.95,0.18,,8,3,,7,3,,6,5,,1774,1545,,70.8,108.4,.291,.317,.562,53.2,52.0,10.3,7.1,.536,15.3,29.8,.206
321,UC Riverside,24,15,9,.625,-0.07,-0.07,,8,4,,6,3,,6,6,,1722,1646,,67.5,104.6,.263,.384,.533,54.1,50.2,7.0,4.5,.508,15.7,31.4,.183
322,UC San Diego,24,8,16,.333,-7.46,-0.28,,3,9,,3,8,,5,7,,1611,1728,,66.5,97.8,.276,.395,.518,47.4,48.4,8.8,6.0,.486,16.0,24.2,.199
323,UC Santa Barbara,22,18,4,.818,3.52,-3.88,,9,2,,9,1,,7,3,,1550,1373,,65.3,107.3,.351,.307,.568,53.9,53.3,10.5,7.3,.539,16.9,30.5,.247
324,UCLA,23,19,4,.826,22.45,8.06,,10,2,,13,0,,5,2,,1717,1386,,67.4,110.8,.242,.286,.540,53.1,52.0,13.2,12.6,.516,13.2,35.4,.173
325,UNC Asheville,26,19,7,.731,-2.69,-4.97,,11,2,,11,0,,7,6,,1963,1814,,70.2,105.5,.395,.381,.576,50.0,49.8,9.3,10.5,.549,18.0,26.2,.271
326,UNC Greensboro,26,17,9,.654,2.25,-2.21,,11,2,,9,3,,7,4,,1846,1634,,67.5,104.6,.323,.387,.542,52.0,58.0,10.9,7.6,.511,15.5,29.3,.230
327,UNC Wilmington,26,19,7,.731,-1.31,-3.27,,9,4,,9,2,,7,5,,1795,1652,,65.5,105.4,.388,.351,.543,51.1,46.1,10.3,8.6,.503,15.7,30.8,.280
328,UT Arlington,23,8,15,.348,-4.97,2.23,,3,8,,5,7,,2,6,,1527,1532,,67.2,98.8,.341,.324,.492,52.9,54.3,9.5,9.3,.460,16.5,36.7,.222
329,Utah,25,16,9,.640,13.22,3.30,,9,5,,12,3,,4,4,,1761,1544,,66.3,105.7,.305,.367,.536,52.8,58.9,8.3,11.3,.505,15.4,31.7,.218
330,Utah State,25,19,6,.760,13.55,6.22,,8,4,,11,2,,4,3,,1990,1776,,69.3,114.3,.354,.430,.604,53.1,63.1,7.0,9.2,.572,15.5,27.7,.267
331,Utah Tech,25,11,14,.440,-1.04,1.51,,3,9,,8,3,,2,11,,1887,1833,,71.9,105.1,.430,.411,.567,51.7,52.1,9.8,6.1,.534,18.7,29.9,.296
332,Utah Valley,25,19,6,.760,6.36,0.96,,10,2,,10,1,,8,4,,1907,1689,,71.1,105.7,.344,.338,.549,51.9,57.5,9.5,15.2,.513,15.9,29.5,.251
333,UTEP,23,11,12,.478,-0.52,1.29,,4,8,,10,3,,1,9,,1576,1537,,68.6,96.7,.400,.310,.516,52.0,48.6,12.8,7.7,.492,19.0,32.0,.246
334,UTSA,25,7,18,.280,-9.09,0.65,,1,13,,7,8,,0,10,,1679,1869,,68.2,97.4,.349,.403,.508,48.5,47.0,5.2,5.9,.463,17.1,29.2,.258
335,Valparaiso,26,10,16,.385,-7.92,-2.08,,4,11,,7,5,,2,10,,1798,1908,,68.8,98.1,.284,.367,.524,49.1,52.0,8.7,6.3,.492,16.0,22.6,.204
336,Vanderbilt,24,12,12,.500,7.13,8.26,,5,6,,9,5,,2,5,,1693,1720,,66.9,104.4,.298,.419,.519,50.5,47.2,7.5,12.4,.486,14.3,31.7,.214
337,Vermont,24,14,10,.583,-0.07,-1.64,,8,2,,6,1,,7,6,,1690,1616,,65.6,106.0,.279,.431,.554,48.8,51.6,9.0,7.1,.531,13.5,21.1,.193
338,Villanova,24,11,13,.458,9.18,7.39,,5,8,,7,3,,3,7,,1685,1642,,65.2,107.2,.311,.486,.566,49.4,47.1,8.4,4.8,.521,14.7,23.2,.257
339,Virginia,22,18,4,.818,15.95,6.31,,10,3,,11,1,,5,3,,1540,1328,,63.0,111.0,.366,.379,.563,50.8,67.5,10.6,13.7,.529,12.8,26.4,.264
340,Virginia Commonwealth,25,18,7,.720,8.16,1.36,,9,3,,12,3,,5,3,,1751,1581,,68.9,101.6,.425,.337,.549,49.6,51.2,13.5,11.8,.511,18.3,28.6,.299
341,VMI,26,6,20,.231,-14.94,-3.03,,1,12,,5,6,,1,12,,1811,1954,,67.7,102.4,.209,.446,.534,52.1,45.5,7.9,4.0,.507,17.3,31.4,.159
342,Virginia Tech,24,14,10,.583,11.25,5.38,,4,9,,11,3,,0,7,,1775,1634,,67.1,109.6,.255,.389,.565,50.5,55.8,7.7,9.2,.539,13.5,25.9,.188
343,Wagner,21,12,9,.571,-10.86,-9.66,,5,5,,6,3,,6,6,,1364,1324,,64.4,100.3,.243,.368,.496,53.8,54.0,10.7,5.5,.470,15.5,34.6,.166
344,Wake Forest,25,16,9,.640,10.05,5.29,,8,6,,11,2,,4,5,,1949,1830,,70.3,109.7,.348,.428,.578,50.0,47.9,8.7,7.5,.544,14.7,24.6,.260
345,Washington,25,13,12,.520,7.00,8.16,,5,9,,10,5,,1,7,,1743,1772,,69.8,98.5,.310,.370,.531,47.6,46.9,9.9,14.2,.493,18.0,26.5,.233
346,Washington State,25,10,15,.400,10.92,9.36,,5,9,,7,3,,2,8,,1684,1645,,65.0,103.2,.283,.426,.527,52.2,49.0,7.3,7.6,.497,16.7,32.3,.202
347,Weber State,23,12,11,.522,-4.41,-0.86,,7,4,,6,2,,5,8,,1539,1543,,66.4,99.7,.344,.388,.559,49.9,47.5,8.7,4.4,.515,18.3,20.6,.270
348,West Virginia,24,15,9,.625,17.60,9.27,,4,7,,11,3,,2,5,,1860,1660,,70.0,110.1,.430,.359,.564,52.6,51.2,9.1,9.1,.523,15.4,33.3,.312
349,Western Carolina,26,14,12,.538,-6.19,-4.41,,7,6,,7,5,,5,7,,1973,1836,,69.3,107.4,.344,.441,.541,51.8,50.0,8.5,6.5,.506,13.5,28.2,.246
350,Western Illinois,24,15,9,.625,-6.67,-4.53,,8,5,,11,2,,4,7,,1775,1723,,69.4,106.0,.356,.375,.550,50.6,52.1,8.4,9.3,.517,14.5,26.9,.251
351,Western Kentucky,24,13,11,.542,-0.60,-0.41,,5,8,,7,4,,4,6,,1755,1675,,69.0,105.5,.316,.371,.545,48.2,52.2,8.9,16.1,.512,14.1,25.3,.228
352,Western Michigan,24,6,18,.250,-9.19,-1.33,,2,9,,5,5,,1,12,,1711,1775,,67.0,106.5,.270,.399,.536,54.6,50.8,6.9,6.1,.507,16.3,35.8,.195
353,Wichita State,24,12,12,.500,5.09,3.09,,5,7,,6,7,,5,3,,1649,1601,,67.5,100.7,.309,.380,.521,50.6,47.7,8.7,11.5,.487,15.4,29.0,.222
354,William & Mary,25,9,16,.360,-9.87,-1.87,,4,8,,8,5,,1,11,,1707,1781,,65.8,103.8,.316,.353,.533,51.0,50.0,8.9,6.1,.508,16.3,31.5,.210
355,Winthrop,26,11,15,.423,-6.60,-2.56,,6,7,,8,3,,2,11,,1881,1909,,68.1,106.3,.393,.456,.587,48.1,49.2,8.3,9.0,.551,19.2,27.1,.291
356,Wisconsin,23,14,9,.609,10.63,8.76,,6,7,,7,4,,4,4,,1497,1454,,63.2,100.7,.251,.414,.517,46.3,50.8,10.2,4.4,.497,12.3,20.5,.163
357,Wofford,26,13,13,.500,-4.72,-2.68,,5,8,,10,4,,3,9,,1937,1859,,67.0,110.1,.285,.392,.566,51.9,46.6,8.5,5.8,.537,14.4,29.1,.212
358,Wright State,26,15,11,.577,-1.29,-5.63,,8,7,,7,6,,6,4,,2114,1915,,72.7,108.7,.247,.257,.569,52.8,47.0,8.6,7.2,.545,15.5,28.6,.182
359,Wyoming,23,7,16,.304,1.44,4.94,,2,9,,6,6,,0,5,,1610,1654,,66.6,104.5,.323,.455,.556,50.0,46.4,6.9,7.0,.529,16.0,24.2,.224
360,Xavier,24,19,5,.792,16.64,8.81,,11,2,,13,1,,5,2,,2012,1824,,73.3,113.7,.317,.303,.589,53.5,67.7,9.6,8.9,.563,15.2,31.0,.229
361,Yale,22,16,6,.727,7.39,-2.41,,6,3,,8,1,,6,5,,1650,1342,,66.9,111.5,.268,.363,.562,55.6,53.0,9.3,12.5,.542,14.6,31.8,.182
362,Youngstown State,25,19,6,.760,2.59,-5.76,,11,3,,11,2,,7,4,,2089,1817,,69.5,117.2,.294,.354,.594,52.7,52.2,10.5,7.0,.562,14.2,32.2,.230
