,Rk,Team,Conf,G,Rec,AdjOE,AdjDE,Barthag,EFG%,EFGD%,TOR,TORD,ORB,DRB,FTR,FTRD,2P%,2P%D,3P%,3P%D,Adj T.,WAB
0,1,Houston,Amer,25,23-211–1,121.04,91.38,.96221,53.931,41.32,1511,22.525,37.93,28.3167,25.8329,32.3214,53.751,42.62,36.167,26.53,62.8348,65
1,2,Tennessee,SEC,24,19-58–3,111.158,85.21,.95462,49.5227,39.61,18.8210,23.610,382,27.2120,30.4207,33.6239,50.2172,43.57,32.4256,22.81,66.4230,3.118
2,3,Alabama,SEC,24,21-311–0,117.514,90.36,.95363,52.863,41.32,18.7198,16.2309,33.446,27.7146,3835,31.5196,52.774,42.21,35.3104,26.12,73.61,6.62
3,4,UCLA,P12,24,20-411–2,113.832,88.43,.94804,51.7112,4744,15.930,254,35.218,28.3167,24347,25.642,51144,4897,35.784,30.430,66.1242,4.48
4,5,Purdue,B10,25,23-212–2,120.46,94.219,.94355,53.348,46.428,17.394,15.6331,391,23.114,35.178,16.81,54.729,46.859,34.1171,30.430,63.8330,7.21
5,6,Saint Mary's,WCC,25,21-510–1,113.138,89.34,.93806,52.481,45.313,16.447,19.991,33.831,21.43,29.5248,30155,51.3132,43.912,36.260,32.287,62.3355,2.721
6,7,Connecticut,BE,25,19-68–6,118.99,95.026,.92967,53.541,45.313,18.3167,2087,37.93,25.551,33.6106,40.5336,52.967,45.729,36.260,29.618,67.4169,3.415
7,8,Arizona,P12,25,22-311–3,118.810,95.630,.92438,5610,46.326,18.9221,17.1257,33.542,26.177,37.344,25.339,56.714,45.320,36.643,31.973,72.69,64
8,9,San Diego St.,MWC,23,19-510–2,115.322,93.614,.91709,51.2143,48.8101,17.394,19.991,30.2128,24.327,36.256,31179,51.1139,51.7250,34.2169,29.820,67.1183,3.813
9,10,Creighton,BE,24,16-810–3,115.024,93.917,.911110,54.623,47.148,16.447,15344,26.1256,22.611,27.9286,18.42,55.720,45.525,35.499,33.9174,67.9140,1.437
10,11,Baylor,B12,24,18-67–4,121.12,98.970,.910611,52.669,50.7188,17.4100,20.763,36.312,28.7191,38.529,31.9205,5295,51.7250,35.690,32.7115,67.8147,4.49
11,12,Kansas,B12,24,19-57–4,114.925,94.521,.904712,52.386,4744,17.7119,20.379,30.3120,27.9155,30.3213,32.8226,5295,46.859,35.3104,31.654,6994,6.33
12,13,Iowa St.,B12,23,16-77–4,111.059,91.37,.904213,52.194,48.795,19.2241,26.41,33.733,27.3124,26.7308,41341,51.9101,48.9126,35123,32.287,64.5314,319
13,14,Texas,B12,24,19-58–3,117.215,96.841,.900514,53.738,48.487,17.178,22.228,29.7150,28.7191,31.7161,34.8273,5618,48.3107,33219,32.4100,68.997,5.26
14,15,Virginia,ACC,22,18-410–3,114.629,94.724,.899015,52.960,47.870,14.58,19.6104,26.4249,25.863,36.650,2537,50.3168,45.830,3818,34179,61.6360,3.812
15,16,Marquette,BE,25,19-611–3,120.55,99.678,.899016,574,51.4226,15.520,2319,26.3252,31.9315,27.6292,29.4133,60.21,50.6201,35123,35.1249,69.281,3.414
16,17,West Virginia,B12,24,15-94–7,116.816,96.840,.896817,52.386,49.5134,17.8122,21.342,33.349,27.8150,438,40.8338,51.8104,50.6201,35.499,31.759,68.7111,1.338
17,18,Rutgers,B10,24,16-88–5,106.3139,88.42,.893518,48.6267,43.96,17.6110,22.624,32.955,27.3124,30.1222,27.991,48.7243,4413,32.2266,29.214,66.3231,0.649
18,19,Kansas St.,B12,24,19-57–4,113.337,94.218,.893519,51.7112,46.938,19.5251,21.342,31.881,29.8231,3835,36.7290,51144,49131,35.3104,28.610,69.473,4.210
19,20,Gonzaga,WCC,24,20-59–2,121.81,101.3106,.892520,57.32,51.8249,15.520,18.9142,30.8106,25.759,32.2145,27.991,57.58,51.7250,37.819,34.7222,70.146,4.111
20,21,Xavier   (A) 128 Butler,BE,24,19-511–2,121.03,101.097,.889621,56.36,50.9194,17.394,17263,31103,26.491,31.7161,26.861,54.436,48.5111,40.41,37325,71.423,4.57
21,22,TCU,B12,24,17-76–5,112.444,93.716,.889322,50.2192,46.835,16.968,22.823,32.759,31.2294,35.568,29124,53.262,47.679,28.7355,30.225,70.242,2.422
22,23,Oklahoma St.,B12,24,15-96–5,107.5121,90.05,.884523,50.1203,43.96,20.7309,19.7101,31.786,28.3167,31.7161,31179,51.2135,43.610,32.2266,29.516,67.7157,0.745
23,24,Arkansas,SEC,24,17-76–5,110.570,92.712,.882724,52.386,4621,18.8210,21.342,31.395,27.8150,38.134,36.7290,54.534,45.626,31314,31.450,69.475,1.634
24,25,Indiana,B10,24,17-78–5,115.819,97.850,.874725,55.118,47.148,17.4100,17.1257,30.2128,27114,30.3213,29.2128,54.338,45.830,38.216,32.8119,68.3127,2.323
25,26,Texas A&M,SEC,24,17-79–2,115.521,97.747,.873026,50.2192,47.663,18136,2154,37.47,29.5216,454,37.6307,51.5121,45.934,31.9282,33.1130,66.8207,0.353
26,27,Auburn,SEC,24,17-77–4,111.553,94.420,.871327,49.4230,43.65,18.5184,19.3118,34.422,31.2294,35.664,38.1313,52.676,45.119,29.2345,27.24,67.9144,1.633
27,28,Boise St.,MWC,23,18-68–3,107.9112,91.59,.870028,51.8109,45.313,16.968,17.9205,25.8270,22.37,28.5271,27.781,50.7159,47.782,35.784,27.35,67195,1.631
28,29,Memphis,Amer,24,18-68–3,114.330,97.645,.860429,52.576,46.938,18136,21.247,31.881,32317,35.762,37.1302,53.654,46.648,33.2209,31.654,71.619,224
29,30,Miami FL,ACC,24,19-510–4,118.711,101.7114,.854330,54.623,49.2124,16.863,18.8147,32.564,30.7267,29.6244,24.631,54.827,49.6149,36.167,32.4100,68.4123,320
30,31,Providence,BE,24,18-610–3,114.727,98.662,.851131,52.292,47.870,17.9129,16.8274,36.79,26.281,3835,25.745,52.387,47.889,34.6149,31.973,67.1184,1.925
31,32,Liberty,ASun,23,20-611–2,110.568,95.127,.849232,55.714,48.795,16.553,19.898,24.6296,20.21,24.5341,27.578,56.910,46.755,36.356,34.8231,63.6335,-1.476
32,33,Michigan St.,B10,24,15-97–6,110.174,94.825,.848433,50.1203,46.428,16.863,14.6349,27.1228,24.327,25.3333,29.6138,47.4285,47.889,37.328,29.415,64.9296,1.535
33,34,Illinois,B10,23,16-77–5,109.779,94.723,.845034,52.386,45.112,19.1231,19.991,33.733,2671,33122,30.1159,55.919,43.57,31.7289,32.4100,69.855,142
34,35,New Mexico   (A) 163 Air Force,MWC,23,19-56–5,114.628,99.173,.842535,53.541,49.3126,16.762,17.9205,29178,24.838,40.414,28.1102,53.850,51.2225,35123,30.835,71.226,1.828
35,36,Utah St.,MWC,24,19-68–4,117.613,101.9121,.839236,56.28,49.3126,17.4100,15.8327,27.9207,24.531,36.256,27.886,5365,46.648,40.41,36.3303,68.4122,1.829
36,37,Cincinnati,Amer,24,16-97–5,110.567,95.731,.839137,51.2143,47.559,15.215,17.6222,30.5116,26.697,24347,29.4133,49.8191,47.368,35.595,3279,68.5118,-1.578
37,38,Duke,ACC,24,17-78–5,110.568,95.833,.837738,49.4230,46.428,18.8210,17.4242,37.85,26.697,30232,22.710,49.8191,4766,32.4256,30.326,65.6269,1.632
38,39,Florida Atlantic,CUSA,23,23-213–1,112.642,97.746,.836939,5429,46.326,16.657,18.1194,30.5116,24.124,29.8238,26.963,53.654,44.114,36.450,33.7161,67.8146,3.316
39,40,Maryland,B10,24,16-87–6,110.761,96.235,.834340,50.4181,46.224,16.657,19137,30.5116,28.4175,34.587,28.4108,53.654,46.239,30.2336,30.835,65.4279,141
40,41,North Carolina St.,ACC,25,19-69–5,113.039,98.259,.833641,51.2143,48.8101,13.94,19.3118,31.198,25.759,28.4274,34.4263,50.5164,50171,34.9135,30.835,69.664,1.730
41,42,Utah,P12,25,16-99–5,108.996,95.128,.826042,50.5176,43.24,18136,16.3302,31.881,28.9201,30.5203,24.631,49.6204,43.610,34.7144,28.47,66.5226,-1.475
42,43,North Carolina,ACC,24,15-97–6,111.849,97.748,.824443,49.5227,49.1117,15.317,15.6331,30.1134,23.718,39.124,2650,51.6112,48.6117,30.5328,33.5150,69.283,0.254
43,44,Nevada   (H) 154 Fresno St.,MWC,24,19-69–3,111.947,97.851,.824244,51153,48.9110,15.725,19.1130,23.7318,25.143,39.520,34252,51.3132,47.782,33.6193,33.8168,65.9251,3.117
44,45,Ohio St.,B10,24,11-133–10,115.620,101.2103,.822045,51.8109,47.455,16.237,16.6289,33.542,27.4129,28.6266,27.991,50.5164,47.994,36.643,3142,66.9197,-3.2120
45,46,Iowa,B10,24,15-97–6,120.27,105.3187,.820946,52.194,51.7243,14.58,18.7150,31.492,29.5216,34.587,20.83,5295,51.7250,34.9135,34.4204,7048,0.648
46,47,Missouri,SEC,24,18-66–5,119.68,105.0182,.817747,55.813,52263,16.237,24.77,27.9207,37.2361,31.5167,35275,57.39,51.6243,35.979,35242,70.340,1.927
47,48,Northwestern,B10,24,17-78–5,109.188,95.832,.817648,47.5303,47.870,15.520,21.833,29178,27.5134,31.3174,29.8147,47.1292,44.917,32.1271,34.5208,65.4273,1.436
48,49,Oregon,P12,25,15-109–5,113.633,99.884,.816349,51.6117,47.975,19.1231,17.3244,32.369,26.9112,33.4111,23.516,54.729,46.445,31.3301,33.4142,66.5221,058
49,50,Seton Hall,BE,24,15-108–6,106.2142,93.615,.810050,49.1241,46.835,20.4301,21.247,31.395,30.4252,4210,30.5169,49.1224,47.577,32.6250,30.326,66.5222,-0.463
50,51,Florida,SEC,24,13-116–5,104.8173,92.411,.808551,48.8253,44.911,16.447,17.9205,24.3304,28.8196,35.568,27.274,49.1224,43.57,32.3261,31.867,69.379,-169
51,52,USC,P12,24,17-79–4,112.045,98.868,.807952,50.8162,45.819,18.8210,19.1130,29.2170,33.1330,32.4138,29.2128,51.9101,42.95,32.3261,33.8168,68135,1.926
52,53,Virginia Tech,ACC,24,14-104–9,113.536,100.289,.807053,53.931,49112,15.113,16.9268,25.9261,26.7102,25.5331,25.847,54.632,48.5111,35.2114,33.2133,66.8206,-289
53,54,Michigan,B10,24,14-108–5,112.741,99.679,.804754,51.8109,48.590,14.16,15.5336,25.1286,26.7102,30.8195,25.339,51.1139,49131,35.3104,31.759,68.1134,-1.679
54,55,Kentucky,SEC,24,16-87–4,114.726,101.6111,.802255,51.5123,49112,1775,17.6222,37.76,25.759,29.9235,2896,50183,48.5111,36.643,33.3137,65.7262,0.746
55,56,Penn St.,B10,24,14-105–8,115.123,102.0124,.799956,55.417,49.6140,13.21,14.3353,17.6363,24.430,18.1363,26.455,53.361,48.2103,38.413,34.6213,65295,-1.474
56,57,Wake Forest,ACC,25,16-98–6,116.118,103.1147,.797057,54.427,51204,16.342,17.7216,24.6296,2671,34.882,27.886,53.654,50.9213,36.937,34.1185,69.759,-0.966
57,58,Oklahoma,B12,24,12-122–9,111.156,98.764,.795958,53.639,47.252,19.7266,15.1343,23.2324,27.2120,28.5271,30.8174,53.947,48.3107,35.3104,3022,64.7303,-167
58,59,Mississippi St.,SEC,24,16-84–7,103.2201,91.710,.795659,47317,45.416,19228,23.610,35.119,28.6183,33.2120,24.529,49.9184,44.616,27.9358,30.940,63.8331,0.352
59,60,Washington St.,P12,25,10-155–9,110.666,98.561,.791660,49.7221,50151,19.7266,16.7286,32.369,26.388,28.3277,30155,46.7307,50.9213,35.880,32.287,63.9326,-4.3139
60,61,UCF,Amer,23,14-95–6,109.976,97.952,.790961,50.1203,47.559,20.9314,20.956,35.417,30.8273,30.1222,32.1209,47295,48.1102,36.450,31.144,64.3319,-1.371
61,62,Pittsburgh,ACC,24,17-710–3,111.848,99.680,.790262,53.250,47.148,17.7119,17.3244,30140,28.1160,30.1222,28.5112,52.481,46.859,36.167,31.759,66.9201,0.450
62,63,Texas Tech,B12,24,12-121–10,110.272,98.258,.789563,52.765,49.1117,20.1286,21.342,31.881,30.5256,36.848,28.9122,53.947,49.3136,33.8187,32.6110,67.4173,-2.7103
63,64,College of Charleston,CAA,25,23-311–2,110.860,98.867,.788664,50.9157,48.8101,17.394,19.6104,35.716,25.966,31.8157,24.631,52.481,50171,32.9227,30.835,70.931,1.140
64,65,Dayton   (H) 106 Saint Louis,A10,25,16-98–4,108.799,97.243,.783965,5357,44.89,20279,16.4298,30.7109,26.491,36.353,23.213,54.632,46.342,33.5199,28.47,63.8329,-3.2118
65,66,Colorado,P12,25,14-116–8,104.5179,93.513,.781366,49.6225,47.252,19.9272,2154,32.759,25.347,32.2145,32.1209,50.3168,46.445,32.1271,32.5106,70.147,-3112
66,67,North Texas,CUSA,23,20-511–3,107.1123,96.337,.773067,49.5227,46.224,19.6258,20.859,33.637,27.4129,32.2145,41.1342,47295,45.830,35.499,31.347,58.2363,0.943
67,68,Clemson,ACC,24,18-610–3,108.0108,97.444,.767268,53.348,46.428,16.968,17.1257,22.6333,24.735,32.2145,31.3189,52.577,44.917,36.450,32.395,68.1131,0.255
68,69,Utah Valley,WAC,22,19-610–2,107.0125,96.539,.767169,50.8162,44.89,18.8210,16.7286,28.8183,29.9239,34.490,28.4108,51.5121,43.36,33219,31.867,68.8101,0.256
69,70,Oral Roberts,Sum,22,22-413–0,114.031,103.0143,.762570,57.13,48.693,145,17.7216,24.5299,26.9112,24.2345,24.936,56.813,46.755,38.315,34.3198,7127,1.239
70,71,Marshall,SB,25,20-69–4,110.762,100.087,.762571,52.669,4744,15.520,20.859,33.446,33.3334,23.2354,27.781,54.240,46.755,33.1213,31.759,71.421,-1.682
71,72,UAB,CUSA,24,17-88–6,111.157,100.491,.761672,50.1203,4879,18.1148,19.7101,36.79,28.6183,38.826,31179,48.5252,46.648,35.880,33.5150,71.325,-2.393
72,73,Wisconsin,B10,23,14-96–7,106.4137,96.336,.759473,49.7221,50151,13.73,18.8147,20.5349,25.245,25.1336,26.758,46322,50.3185,36.643,33.1130,62.6349,0.647
73,74,Tulane,Amer,23,16-79–3,111.750,101.2102,.756174,53.250,50.6183,14.810,20.283,19.1359,29207,36.947,27.781,55.124,48.2103,33.4202,35.8286,72.78,-0.764
74,75,Sam Houston St.,WAC,19,17-67–4,108.2104,98.155,.755475,5298,50.1161,20.3294,24.68,31.978,27.5134,30.6200,39.6331,47.5281,49.6149,39.73,33.7161,64.3317,-0.462
75,76,Arizona St.,P12,25,17-88–6,106.8126,96.942,.754676,48.6267,45.618,17.6110,20.570,29.8147,31.2294,31.8157,32206,48.9236,42.73,32.1271,33.4142,68.4119,0.451
76,77,UNLV,MWC,23,16-85–7,109.191,99.072,.754577,50.2192,51.6237,17.285,25.63,27.5220,31284,3835,30.5169,49.1224,50171,34.6149,35.6275,69.661,-1.372
77,78,Kent St.   (A) 173 Buffalo,MAC,22,19-59–2,106.2143,96.438,.751878,50.1203,46.938,16.136,23.217,29.2170,30.8273,31184,37.3304,51144,46.239,32.5252,31.973,68137,0.157
78,79,BYU,WCC,25,16-116–6,105.3165,95.934,.747379,51.1146,49112,21.1320,19.4115,31.297,23.114,32154,36.1285,53.262,47.577,31.9282,34.3198,70.241,-3.5125
79,80,Bradley,MVC,25,18-811–4,107.8114,98.360,.741480,53.541,46.633,18.9221,20.570,29.6155,24.226,28.1282,32.2211,52.481,45.421,36.838,32.4100,65.6268,-1.987
80,81,Drake,MVC,25,20-611–4,108.1105,98.765,.739981,5298,47.663,15.930,17.7216,24.9290,22.58,29.7243,27.168,51144,4897,35.880,31.450,66.3233,-168
81,82,Iona   (A) 288 Canisius,MAAC,23,16-79–3,108.1107,98.866,.737382,50.2192,4621,1511,21.152,30.4119,31.2294,27.6292,34252,50.8153,47.472,32.7237,28.811,69.282,-2.595
82,83,Villanova,BE,24,11-135–8,111.355,101.9120,.734383,52.194,51.2217,16.342,17.2251,23.2324,25.551,31.1179,27.168,54.142,50.8209,33.3205,34.5208,63.5338,-3.8130
83,84,Yale,Ivy,20,16-66–3,108.6100,99.885,.726084,52.669,46.938,17.285,18.6154,29.7150,22.58,27.2301,31.4193,52.967,45.626,34.7144,32.7115,65.6265,-1.885
84,85,VCU,A10,25,18-79–3,103.8189,95.529,.722585,51.1146,47.870,20.8311,24.85,28.6187,30.1244,42.59,29.9151,51.6112,46.648,33.3205,33.4142,68.4120,-170
85,86,Furman,SC,23,20-611–2,113.534,104.7175,.716786,55.912,51.4226,16.657,18.9142,30.1134,2671,30232,32.4218,59.43,51.1222,34.6149,34.6213,68.6115,-1.884
86,87,Southern Miss,SB,23,22-411–2,109.484,101.098,.715987,51.6117,46.734,17.178,20.570,32.759,29.6220,31.8157,30.8174,53.262,46.137,32.7237,31.867,67.8150,0.944
87,88,Santa Clara,WCC,25,18-86–5,110.765,102.2127,.714888,51.3134,51.8249,18136,16.9268,32.176,23.920,31.2175,2422,49.5207,48.9126,36.356,37.5335,69.950,-0.361
88,89,San Francisco,WCC,26,15-124–8,109.286,101.3104,.705089,53.444,48.795,20.3294,17.6222,27.9207,26.491,30.9188,37.3304,52.967,49131,3673,3279,69.663,-3.9133
89,90,Toledo,MAC,23,18-69–2,118.612,110.0288,.704790,55.515,52.5282,14.16,18.3176,30140,30.6259,33.3116,28.7120,5445,51.2225,38.99,36.4306,70.337,-1.577
90,91,UNC Greensboro,SC,24,17-911–2,102.0225,94.722,.702791,49.8216,46.938,18.4176,20.476,28204,26.7102,32.8127,31.4193,49.1224,46.445,34.1171,31.867,65.7257,-3.9135
91,92,Indiana St.,MVC,25,17-910–5,108.898,100.996,.702492,56.19,47.767,17.285,18.5164,22.3337,23.317,29.8238,34.5269,59.52,47.472,34.8141,32.287,7128,-5149
92,93,UC Irvine,BW,22,16-89–3,108.0109,100.490,.699493,51.9106,46.123,17.5105,18.3176,27.3224,26.491,30.2218,37.9310,49.7202,45.421,37.620,31.759,69.186,-3110
93,94,Duquesne,A10,24,16-86–5,108.897,101.3105,.694494,51.1146,48.8101,17.178,20.763,34.422,33.6341,25.5331,33.6239,48.2262,46.755,37.232,35.2254,67.8149,-3.3122
94,95,Louisiana Lafayette,SB,22,20-510–3,113.535,105.7204,.693595,53.250,51.2217,17.7119,18.3176,34.324,26.7102,37.740,32.2211,51.8104,48.8123,37.620,37.9344,68.7106,-0.360
95,96,St. John's,BE,25,14-114–10,107.9113,100.594,.691996,50209,51204,18.2156,20.184,33.250,26.7102,26.6310,30.6171,49.9184,50.5197,33.6193,34.6213,73.42,-2.596
96,97,Temple,Amer,25,14-118–4,106.4138,99.274,.689797,49.1241,47.455,20.5304,17263,29.2170,29.9239,3659,31.8202,49.8191,47.472,32.2266,31.654,66.5223,-3.4124
97,98,Loyola Marymount,WCC,25,17-97–5,109.582,102.1126,.689098,53.835,50151,18.3167,16.1316,29.1175,25.245,31.1179,33.6239,52.481,51.2225,37.133,31.759,67.5167,-1.473
98,99,Vanderbilt,SEC,24,12-125–6,112.643,105.4189,.681899,48.6267,49.9147,16.863,15.7329,31.786,29.8231,29.8238,30155,48.6248,50.4189,32.4256,32.8119,65.7261,-2.392
99,100,Wichita St.,Amer,24,12-125–7,105.4163,98.663,.6815100,48.7262,45.920,17.6110,17.3244,29178,29.6220,30.9188,25.339,51.6112,44.415,29.2345,32.183,65.9252,-4.9146
100,101,Montana St.,BSky,24,17-910–3,105.6158,98.969,.6799101,51.7112,49.6140,18.1148,19.991,25.3280,25.966,38.727,35.5278,54.142,48.4110,31.5294,34.6213,66.3232,-3.6127
101,102,Akron   (A) 179 Ohio,MAC,22,17-79–2,106.4136,99.781,.6798102,50.1203,48.8101,16.968,18.8147,30.1134,26.177,33.3116,27.274,49.3215,47.368,34.1171,34.4204,64.5313,-2.698
102,103,Hofstra,CAA,25,18-811–2,109.187,102.5133,.6740103,55.118,48.487,16.342,18.1194,21.9341,32.4322,21.4359,23.819,55.222,4897,36.742,32.6110,67.2181,-1.680
103,104,San Jose St.,MWC,23,14-105–6,110.371,103.8163,.6688104,5298,48.8101,19.2241,13.1362,33.637,24.124,28.3277,27.886,52.290,46.859,34.5158,34.9239,62.8347,-2.699
104,105,Stanford,P12,24,10-144–9,110.273,103.8162,.6661105,50.5176,50.8190,19.6258,19.1130,32.369,25.656,30232,27.578,51144,50171,33.2209,34.6213,65.7255,-6181
105,106,Saint Louis   (A) 65 Dayton,A10,23,16-88–3,109.877,103.5156,.6634106,51.5123,47.148,17.285,14.8346,29.6155,26.281,30.9188,32.6222,51.5121,45.934,34.4162,32.8119,6996,-290
106,107,Vermont,AE,23,14-108–2,108.1106,102.0125,.6600107,52.669,50.8190,15.215,16.3302,19.7354,23.114,27.4297,29.3130,53.558,50.7205,34.3165,34.1185,64.6310,-4.4141
107,108,Syracuse,ACC,25,15-108–6,109.878,103.9164,.6536108,52.481,49.4132,17.178,19.5111,30.6114,33.3334,30.3213,23.213,5295,48.5111,35.690,33.7161,67.1188,-3.1114
108,109,Cornell,Ivy,20,15-75–4,116.617,110.4296,.6526109,56.55,55.2345,15.930,22.228,29.7150,31.3301,26.4314,28.7120,58.84,56.6354,3673,35.3264,71.620,-2.8104
109,110,Princeton,Ivy,20,16-67–2,108.995,103.1149,.6515110,54.128,48.590,17.8122,14.8346,28.4192,224,31.5167,26.657,56.217,47.889,34.1171,33.2133,67.5168,-2.391
110,111,James Madison,SB,23,17-98–5,105.3168,99.782,.6508111,52.481,49.5134,19.4249,22.921,30.7109,28.9201,40.118,29.8147,52.577,51216,34.8141,31.347,70.336,-3.7128
111,112,Charlotte,CUSA,24,14-105–8,107.7116,102.2131,.6449112,54.821,49.6140,17.9129,18.3176,24.3304,22.913,24.5341,26.353,54.142,47.782,37.328,35242,60.3362,-4.8145
112,113,Washington,P12,25,13-125–9,105.6159,100.492,.6414113,49.3235,47.559,20.3294,18.4168,26.5244,33.5339,31184,25.948,49.9184,49.5146,32.1271,29.516,69.188,-2.597
113,114,UC Santa Barbara,BW,21,19-410–2,107.6118,102.5134,.6368114,53.250,48.384,18.9221,2087,30.3120,2671,35.273,28.6115,54.827,46.239,33219,35.2254,64.6311,-0.359
114,115,Mississippi,SEC,24,10-142–9,106.0149,101.098,.6353115,47.6299,48.384,18.6192,17.8212,3429,30.6259,28.7262,30.2164,49.1224,46.648,29.7341,34.7222,66247,-5.2151
115,116,Colorado St.,MWC,24,11-143–9,111.554,106.4221,.6290116,54.920,53.1297,1634,18.6154,18360,26.281,30.1222,29.7141,56.910,51216,34.6149,37.2332,66.5225,-5.6165
116,117,Colgate,Pat,25,18-812–1,111.946,106.9232,.6288117,57.71,52.2273,15.624,18.2186,25.4274,24.939,27.6292,21.97,56.910,51.3232,39.64,35.8286,67189,-3.8132
117,118,Stephen F. Austin,WAC,21,15-97–4,106.1145,101.4107,.6274118,5298,52263,21.8336,24.85,32.274,33328,38.628,41.8347,49.2220,52.9293,39.45,33.7161,69.380,-4.5142
118,119,Southern Utah,WAC,21,17-89–3,109.190,104.7174,.6174119,52.576,51.5233,19.7266,17.9205,28.3196,25.966,43.57,31.4193,52.873,50.1178,34.7144,36.1295,71.422,-2.394
119,120,Eastern Washington,BSky,24,18-712–0,110.762,106.3219,.6139120,5610,49.9147,20.2290,16.8274,27.9207,26.281,31.4171,30.1159,58.84,49.6149,34.9135,33.5150,68.998,-1.988
120,121,Nebraska,B10,25,11-144–10,103.4198,99.376,.6132121,50.4181,50.3167,18.9221,17.8212,25.9261,27.9155,27.3298,22.18,52.290,50.7205,31.5294,33.3137,66248,-3111
121,122,Georgia,SEC,24,14-104–7,106.1146,101.9122,.6124122,48291,47.975,19.7266,16.9268,32.759,29.9239,38.529,27.168,47.5281,49.7153,32.6250,29.820,67.6160,-2.8107
122,123,Grand Canyon,WAC,22,16-87–4,110.075,105.8207,.6107123,50.9157,47.455,19.1231,16.8274,32.663,31.1291,37.145,31.8202,49.4213,46.137,35.3104,33.4142,64.7305,-2.8108
123,124,Kennesaw St.,ASun,23,19-711–2,105.3166,101.4108,.6057124,52.386,52263,18.6192,20.570,28204,2541,37.442,39.7332,49.8191,51.4234,37.620,35.2254,68.7107,-1.683
124,125,Belmont,MVC,25,17-910–5,109.681,105.7205,.6033125,54.623,51.3222,17.6110,18.4168,25.8270,31.4304,24.4344,28.6115,51.7108,50.6201,39.26,35.1249,67.8151,-4.2138
125,126,Middle Tennessee,CUSA,23,15-108–6,106.6133,102.8137,.6030126,52.863,51.7243,19.8271,22.426,31.589,28.6183,29.4250,37298,5365,51.3232,35123,35242,67.5166,-4.4140
126,127,Cal St. Fullerton,BW,23,13-127–6,101.7236,98.257,.5990127,48.8253,48.282,18.7198,20.859,26.6242,30.7267,38.529,33.1230,45.2336,49.7153,36.450,30.633,64.6312,-6.6199
127,128,Butler   (H) 21 Xavier,BE,25,12-134–10,102.2220,98.971,.5931128,50.3188,50151,17.8122,18.7150,20.9347,29207,27.3298,214,49.1224,51216,34.9135,32.183,66.2239,-2.7100
128,129,Southern Illinois,MVC,25,19-711–4,101.3247,98.156,.5910129,52.765,47.354,20.1286,20.379,22.6333,27.7146,30.6200,30.2164,586,45.626,31.3301,33.5150,63.9327,-1.986
129,130,South Florida,Amer,24,10-143–8,107.5122,104.1168,.5903130,50.8162,49.5134,19.5251,19.6104,33.542,28.6183,31.1179,38.5320,50.8153,48.2103,33.9184,34.4204,68.6116,-7.7223
130,131,Hawaii,BW,24,18-79–4,102.9207,99.883,.5885131,49.1241,44.78,18.4176,17.3244,30.3120,27.2120,34.490,2896,49.6204,45.421,32.1271,28.59,64.8301,-3.1116
131,132,Long Beach St.,BW,23,14-118–5,106.0148,103.1144,.5801132,47.6299,49112,18.2156,17.6222,35.915,27.3124,31.2175,30.1159,48.8237,48.5111,29.1351,33.2133,73.43,-5150
132,133,UMass Lowell,AE,24,20-67–4,105.6160,102.8139,.5758133,53.154,45.517,21.3326,19.6104,3614,27.1118,30.7198,33.6239,52.481,42.84,36.450,34.3198,68.7109,-3.2117
133,134,Penn,Ivy,23,13-115–4,109.583,106.6224,.5753134,53.154,49.1117,19228,14.3353,29.8147,28.4175,29.5248,32206,52.481,49.9164,36.167,32.183,66.4229,-5.4159
134,135,Youngstown St.   (A) 233 Fort Wayne,Horz,23,19-611–3,112.840,110.4298,.5595135,55.515,52.6288,16.553,18.4168,31.881,28.1160,29.3252,23.516,54.240,51.6243,38.710,36.4306,67.5164,-3.2119
135,136,Samford,SC,22,17-911–2,108.994,106.7227,.5586136,52.669,51.4226,18.6192,19.3118,30140,27.3124,39.520,38.2316,52.774,49.1134,35123,36.3303,66.7209,-4.9147
136,137,Appalachian St.,SB,23,14-127–6,100.0277,98.053,.5578137,48.4279,4744,16.968,18200,23.7318,28.7191,29.9235,24.734,48268,45.421,32.7237,33127,65.2287,-7.1212
137,138,Brown,Ivy,22,12-105–4,101.5241,99.577,.5556138,51.1146,50.3167,19.4249,19.3118,22.9330,22.611,28.2280,24.835,49.9184,49.3136,35.2114,34.7222,68.7108,-5.4157
138,139,Davidson,A10,22,11-124–7,105.9152,103.9165,.5536139,50.4181,50151,1775,17.5234,25.3280,29.7227,31.7161,2896,51.6112,51.2225,32279,31.867,65.8253,-6.4191
139,140,Quinnipiac   (A) 237 Niagara,MAAC,23,17-78–5,104.5178,102.6135,.5532140,49.9213,46.428,18.6192,16.6289,33.930,26.7102,34.685,25.745,48.3256,46.964,35123,30.326,69.662,-3.3121
140,141,Towson,CAA,25,17-89–3,107.5120,105.6201,.5521141,50.2192,49.3126,18.1148,18.3176,36.113,27.5134,29.8238,27.274,48.3256,47.994,3673,34.1185,63.5336,-3.8129
141,142,Seattle,WAC,23,17-88–4,101.6237,99.986,.5498142,47.5303,48.9110,17.178,18200,30.3120,25.863,30.2218,34.4263,47.9271,49.3136,31.3301,32.287,68.8104,-2.7102
142,143,UC Davis,BW,22,14-107–5,105.9151,104.1169,.5495143,51.7112,50.6183,21.5328,21.247,32.955,29.7227,41.111,31.7199,51.4128,47.782,34.9135,38.2351,70.533,-5.5164
143,144,LSU,SEC,24,12-121–10,104.6177,102.9140,.5487144,47.7298,50.9194,19.1231,18.6154,30.3120,29.6220,32.4138,2767,46.6310,52.1266,33219,32.7115,65.6264,-2.9109
144,145,South Alabama,SB,23,11-145–8,103.3200,101.8117,.5423145,50.6171,47.975,15.826,16.6289,21346,28.3167,20.8361,29124,52.387,48.8123,31.9282,30.326,66.6218,-8.1231
145,146,Louisiana Tech,CUSA,21,13-116–7,105.2170,103.6161,.5420146,5298,52.8294,20279,22.130,28.8183,28.6183,29256,39.7332,51.6112,49.9164,35.1117,37.6337,66.8205,-5.8171
146,147,Missouri St.,MVC,24,13-129–6,104.7175,103.2154,.5395147,50.2192,49.6140,19.5251,19.3118,32.564,27.6140,27.9286,29.9151,50.8153,50.5197,32.9227,32.395,62.1357,-6.2186
147,148,Utah Tech,WAC,22,11-143–9,106.8127,105.4190,.5382148,52.481,54.4331,21.7333,20.379,29.1175,26.697,44.36,34.4263,49.1224,53.5317,38.216,37.4334,69.949,-7.5221
148,149,Tarleton St.,WAC,22,13-126–6,103.1202,101.8118,.5372149,47.4307,52.1269,18.5184,23.315,26.7236,31284,47.61,46.1359,46.8303,51216,33219,35.7280,66.9196,-5.7167
149,150,Ball St.,MAC,22,17-78–3,106.7130,105.4191,.5340150,52.669,50.2164,18.4176,17.7216,30.9105,28.4175,45.23,30.1159,50.5164,47.782,37.620,37325,66.6213,-2.8105
150,151,Montana,BSky,24,13-127–6,107.7115,106.5222,.5337151,52.960,50.3167,16.968,15.6331,23.8314,25.551,29.9235,37.6307,51.4128,52.5279,36.838,30.835,63345,-6.7201
151,152,Gardner Webb,BSth,23,14-119–4,99.2289,98.054,.5325152,50.9157,47.767,18.9221,20.956,26.8234,2671,33.3116,39.3330,51.5121,4636,33.1213,33.6157,65.6267,-7210
152,153,Wyoming,MWC,22,7-162–9,108.6101,107.4240,.5310153,52.576,53.6312,18.2156,16.3302,24.3304,24.327,32.5136,26.151,52.967,52.7290,34.6149,36.6315,65.6266,-9.2256
153,154,Fresno St.   (A) 44 Nevada,MWC,22,9-145–7,101.7234,100.795,.5303154,48.5274,49.8145,18.7198,19.991,24.7295,30.4252,26.3316,30.6171,50.2172,47.368,30.6326,35.9290,63.7334,-6.8205
154,155,St. Bonaventure,A10,25,13-127–5,102.8209,101.8115,.5299155,49245,48.282,18.2156,19.3118,28.3196,28.4175,30.4207,40.8338,46.8303,51.9262,35.3104,28.36,65.3281,-7.2215
155,156,Eastern Kentucky,ASun,23,17-910–3,105.5161,104.4170,.5296156,48.1285,50.1161,17.285,18.9142,32.467,30.6259,26.2319,26.861,47.6279,49.3136,32.7237,34.2193,70.339,-3.9134
156,157,Richmond,A10,25,12-135–7,103.8192,102.7136,.5295157,51.5123,49.6140,17.394,16.7286,21.8342,24.735,33.4111,26.758,51.7108,48.6117,34.2169,34179,65294,-7.3216
157,158,UNC Wilmington,CAA,24,19-79–4,102.5217,101.5109,.5287158,48.7262,48.8101,18.7198,20.570,29.3163,28.8196,41.111,37.9310,48.5252,50.8209,32.7237,30.123,64.8299,-1.681
158,159,Cal Baptist,WAC,24,13-125–7,103.8191,102.8138,.5274159,49.3235,47.663,18136,16.6289,29.7150,26.177,31.2175,28.6115,50.1180,48.8123,32.2266,30.123,63.9328,-7.7224
159,160,DePaul,BE,25,9-163–11,106.5135,105.6203,.5244160,49.4230,51.3222,18136,18.1194,25.8270,33.7344,28.8261,37.4306,46.9298,50.8209,35.499,34.8231,6993,-6.3189
160,161,Radford,BSth,24,16-1010–3,103.0204,102.2128,.5220161,51.3134,52263,18.8210,21.342,30.2128,27.6140,29.6244,32.9227,50.6163,52.5279,35.3104,34.2193,65.1288,-5.3154
161,162,Notre Dame,ACC,24,10-142–11,109.485,108.6264,.5211162,52.669,52.8294,13.42,14358,20.3350,25.143,23.2354,23.618,50.8153,52.8291,36.643,35.1249,64.3318,-8.3237
162,163,Air Force   (H) 35 New Mexico,MWC,25,12-133–9,105.7156,105.0181,.5202163,53.835,48.590,18.4176,17.2251,22.4335,29.4215,31.2175,35.6281,54.926,50.7205,35123,29.112,62.5352,-6.5196
163,164,Stetson,ASun,22,14-109–4,111.551,110.8304,.5201164,53.835,52.2273,16.342,15.6331,29.6155,30.9277,24.7339,29.7141,49.9184,53.2305,398,33.8168,64324,-4.5143
164,165,Longwood,BSth,24,17-99–4,102.6213,101.9123,.5192165,50.8162,50.4173,18.3167,21.735,32.369,26.595,3496,32.4218,49.8191,49.7153,35123,34.2193,66.1243,-5.4162
165,166,Siena   (A) 290 Mount St. Mary's,MAAC,24,15-99–4,103.5196,103.0142,.5138166,50.2192,49.1117,19.7266,18.2186,30.2128,25.448,34.587,34252,48.4255,50171,3673,31.245,66.6217,-5.3155
166,167,Troy,SB,23,15-117–6,101.5240,101.2100,.5107167,48.9249,4879,19.9272,21.537,30.3120,30.9277,31.1179,36.2288,50.7159,47.679,30.9317,32.5106,67.5163,-5.5163
167,168,Portland,WCC,25,13-145–7,107.6119,107.3238,.5078168,53.444,53.6312,18.7198,17.9205,24.5299,29.8231,44.45,27.680,51.7108,52.5279,3736,36.8319,69.476,-6.4190
168,169,Saint Joseph's,A10,24,12-126–6,103.8190,103.6158,.5062169,50.2192,50.4173,18.4176,19.6104,29.8147,31284,32.8127,32.2211,50.1180,48.9126,33.5199,34.8231,69.187,-6.9208
169,170,Western Kentucky,CUSA,23,14-116–8,106.7129,106.6225,.5015170,50.4181,50.5181,16.237,18.3176,25.4274,31.1291,33.5109,27.781,49232,47.267,35.3104,36.8319,67.3176,-5.9175
170,171,George Mason,A10,25,13-125–7,101.7233,101.7113,.5003171,52.765,48.487,20.6305,16.8274,28.4192,25.448,35.178,31179,51.6112,49.5146,36.356,30.940,66.7211,-6.6197
171,172,Cleveland St.   (H) 264 Robert Morris,Horz,23,14-119–5,105.0171,105.0180,.4994172,49.9213,48.8101,17.285,21.441,33.637,35.6358,30.8195,32.3214,51.2135,49.4143,31314,3279,64.7306,-6.9207
172,173,Buffalo   (H) 78 Kent St.,MAC,22,12-126–5,105.9153,105.9211,.4982173,50.5176,51.7243,19.6258,18.7150,33.151,29.8231,33.1121,38.3318,51.5121,51.7250,32.3261,34.5208,73.15,-6.3188
173,174,Georgetown,BE,25,6-191–13,106.1144,106.2216,.4969174,48.1285,52.7292,17.4100,15.9324,30.1134,30.9277,30.1222,24.125,48.6248,49.9164,31.3301,38.1346,68139,-10274
174,175,Boston College,ACC,25,12-136–8,102.8210,102.9141,.4966175,48.1285,52263,17.8122,19.2127,27.6216,28.3167,27.8288,27.477,49232,49.8160,30.7321,36.9323,66.5227,-5.4160
175,176,SMU,Amer,25,9-164–8,102.0224,102.2130,.4950176,47.2311,50151,18.1148,18.2186,27231,30.6259,32.4138,31.3189,47.1292,49.8160,31.6292,33.5150,69.284,-7.4217
176,177,Chattanooga,SC,23,13-135–8,109.189,109.3279,.4942177,5357,51.4226,18.5184,16.2309,29.3163,27.6140,32.6131,27.886,49.7202,50.4189,37.328,35.2254,67.2177,-8.1232
177,178,Fordham,A10,24,19-57–4,101.0257,101.2101,.4942178,48.9249,46.938,19.1231,19.898,29.2170,25.551,37.740,34.3260,49.8191,45.830,31.7289,32.8119,69.472,-0.865
178,179,Ohio   (H) 102 Akron,MAC,23,13-115–6,109.093,109.3278,.4935179,52.386,51.8249,16.863,16.8274,32.467,29.3212,27.1303,33.6239,50.9151,50.4189,36.356,35.9290,67.9145,-5.8174
179,180,Lipscomb,ASun,23,16-108–5,102.8208,103.2151,.4901180,53.444,49112,18.4176,16.4298,26259,26.281,23.4353,23.112,53.947,48.2103,35.1117,33.6157,6995,-5.7169
180,181,Pacific,WCC,24,12-145–6,106.5134,107.0234,.4869181,51.5123,53.3303,16.237,18.5164,23.9311,31.6311,32.4138,36.9295,48.5252,54.6329,37.525,34.2193,69.853,-8.3236
181,182,Florida St.,ACC,25,8-176–8,106.7128,107.2237,.4858182,49.8216,52263,17.8122,17.2251,25.9261,32.3320,31184,29.9151,49.2220,50.3185,34179,36.4306,69.185,-8.7244
182,183,Harvard,Ivy,21,12-113–6,98.8293,99.375,.4857183,49.1241,48.384,20.3294,17.8212,29.3163,23.920,31184,24.529,52.290,48.9126,29.3344,31.450,65.9249,-6.2185
183,184,UC Riverside,BW,24,16-99–4,104.6176,105.4195,.4779184,49.8216,50.8190,18.4176,16.8274,31.492,22.15,26.7308,38.2316,47.9271,50.3185,35.3104,34.8231,67.1186,-3.1115
184,185,Rice,CUSA,21,15-96–7,108.0111,108.9275,.4737185,5429,53.7316,18.8210,16.8274,24.4303,25.966,35.273,26.353,54.338,53.8320,35.784,35.7280,70.243,-3.8131
185,186,Abilene Christian,WAC,20,13-115–6,106.1147,107.1235,.4730186,50.8162,55.3347,18136,23.610,25.8270,29.6220,32.2145,45.8358,49232,56.6354,36.260,35.1249,69.191,-6180
186,187,Texas A&M Corpus Chris,Slnd,21,16-99–3,107.0124,108.2252,.4696187,50.8162,53.9324,18.1148,21.537,32.369,27.6140,33.8102,42.5348,48.8237,55.3343,36.260,34.7222,69.568,-5.4161
187,188,UTEP,CUSA,22,11-134–9,96.7324,97.849,.4684188,48291,49.5134,22.2346,22.921,31.786,28.5180,39.223,36.7290,5295,50.5197,26363,31.973,66.2236,-7.5218
188,189,Grambling St.,SWAC,21,15-88–3,100.6265,101.8116,.4675189,49.8216,46.835,22.5349,2087,31.198,28.6183,40.316,43.7351,48.7243,46.342,35123,31.759,67194,-4137
189,190,Drexel,CAA,24,14-118–5,101.1254,102.5132,.4626190,49.4230,47.870,17.5105,18.4168,29.3163,27.5134,27304,24.125,50.2172,46.648,32.2266,33.7161,63.5337,-7.2214
190,191,Wright St.   (H) 192 Northern Kentucky,Horz,24,15-118–7,104.2185,105.5199,.4623191,53.154,50.9194,17.5105,18.1194,27.2226,24.735,24.5341,28.4108,5445,51.9262,33.8187,32.8119,71.917,-7.8226
191,192,Northern Kentucky   (A) 191 Wright St.,Horz,23,15-1010–4,100.2273,101.5110,.4606192,48.1285,51.9258,17.9129,24.49,31.198,33.2332,26.4314,31.5196,47.2290,4897,32.9227,38.6354,62.2356,-5.9178
192,193,Bryant,AE,22,16-87–4,105.8155,107.5241,.4565193,52.576,50.3167,18.7198,16.8274,28.4192,26.177,34.393,31.3189,52.577,49.8160,35.1117,34179,72.96,-3.5126
193,194,Old Dominion,SB,24,15-107–6,103.4199,105.0178,.4561194,47.2311,48.693,1775,18.1194,3352,28.9201,36.353,34.2258,46.8303,49.1134,32279,31.973,64.8300,-5.2152
194,195,Georgia Southern,SB,23,13-136–7,102.0227,103.6159,.4548195,48291,50.4173,16.237,18.3176,26.7236,27.1118,26322,34.6270,49.2220,49.3136,30.5328,34.9239,66.1245,-8.4238
195,196,FIU,CUSA,23,13-127–7,101.4243,103.1148,.4525196,5298,51.3222,21.2324,2319,25288,35.4355,27.8288,27.886,54.729,50171,31.6292,35.4268,70.144,-6.2187
196,197,South Dakota St.,Sum,24,14-119–4,102.7212,104.4171,.4522197,51.5123,51.2217,18.2156,17.5234,20.2351,26.8111,28284,23.415,51.3132,53296,34.6149,32.395,67.1187,-4.7144
197,198,George Washington,A10,23,12-126–5,109.780,111.6317,.4513198,53.639,53.2300,18.2156,16.2309,26.7236,28.8196,34.783,26.963,56.316,53.2305,33.1213,35.4268,68.8100,-7.8227
198,199,Massachusetts,A10,24,13-114–8,103.0203,104.9176,.4484199,47.3309,50.3167,19.5251,19.3118,33.637,28.3167,33.7104,33.5237,45.5333,51.4234,34.4162,32.4100,70.929,-5.7168
199,200,San Diego,WCC,24,11-154–8,111.552,113.5338,.4469200,51.4131,57.4361,16.342,17.6222,28.5190,29.1209,32.6131,33.7244,50.3168,55337,35.690,40.6362,68.6114,-9254
200,201,Northern Iowa,MVC,24,12-138–7,102.2222,104.1167,.4468201,51.4131,53.1297,18.3167,19137,23.2324,22.15,31.4171,24.428,51.8104,53296,33.9184,35.5270,67.2180,-8.2235
201,202,Rider   (H) 246 Fairfield,MAAC,21,13-910–3,105.7157,107.8247,.4442202,48.9249,49.1117,18.5184,16320,34.227,28.7191,30.3213,37298,48.8237,46.648,32.8232,34.7222,65.2283,-4.9148
202,203,Georgia Tech,ACC,23,9-152–12,100.9260,103.2150,.4360203,46.7322,49.9147,16.863,16.2309,28.3196,30.7267,22.6356,31.6198,46.7307,51.2225,31.1311,31.654,66.5219,-7.6222
203,204,Pepperdine,WCC,24,9-172–10,103.8193,106.3218,.4318204,51.5123,51.5233,18.5184,17.1257,25.9261,30.2246,27304,32.9227,51144,50.6201,34.8141,35.5270,72.410,-9.6264
204,205,Norfolk St.,MEAC,19,16-75–2,108.3103,111.1309,.4284205,5357,51.6237,19.1231,17.6222,31.978,31.3301,35.273,34.4263,54.534,50.4189,33.7190,35.2254,65.2284,-2.7101
205,206,Army,Pat,24,14-128–5,105.9154,108.6265,.4272206,54.821,51.8249,19.6258,16.2309,25.9261,23.718,31.6165,29.3130,55.124,53.4315,36.167,32.7115,68.4121,-9.4259
206,207,UNC Asheville,BSth,24,19-711–2,101.3246,104.0166,.4265207,53.444,48.8101,20.1286,19.1130,25.4274,29.8231,39.520,29.5136,50.7159,49.9164,38.611,31.245,68.4124,-2.8106
207,208,Weber St.,BSky,23,13-128–4,99.2288,101.8119,.4264208,50.6171,53.4306,19.9272,19.2127,20352,21.32,35.371,32.7224,51.5121,52.6289,32.7237,36.4306,65.2285,-6.5195
208,209,Navy,Pat,24,14-117–6,104.3181,107.2236,.4225209,52.960,51.8249,18.2156,19137,29.9145,27114,22.3357,29.3130,50.2172,51.1222,38.413,35.2254,64.7304,-7.1211
209,210,St. Thomas,Sum,25,16-117–7,109.192,112.1322,.4224210,52.765,53.3303,15.419,17.5234,23.7318,28.9201,32.7130,31.1185,51.6112,53.4315,36.167,35.5270,65.6270,-6.2184
210,211,East Carolina,Amer,24,12-123–8,102.1223,105.2185,.4153211,47.6299,49.4132,19.2241,17.8212,33.831,28.7191,36.848,33.5237,47.7278,48.6117,31.7289,34179,67.2178,-6.7200
211,212,Rhode Island,A10,23,8-154–7,100.0275,103.1145,.4149212,44.9351,48.181,20.8311,17.3244,32.955,29.5216,37.442,31.7199,44.6340,47.782,30.4331,32.6110,67.6161,-9.8271
212,213,Northwestern St.,Slnd,24,17-89–3,105.4162,108.6263,.4142213,51153,50.6183,17.178,21.537,33.733,35.4355,25.9325,40.2335,47.8275,51.8256,37.133,32.287,66.6216,-3113
213,214,Texas St.,SB,23,12-145–8,100.5268,103.6160,.4132214,46.5326,51204,18.6192,19.898,31.492,27.9155,35.273,42.5348,46.7307,49.3136,30.5328,36.1295,63.9325,-8.8249
214,215,Florida Gulf Coast,ASun,25,15-115–8,104.7174,108.0249,.4127215,50.9157,50.7188,18136,17.3244,29.6155,29.6220,28.2280,2896,49.6204,50.5197,35123,33.9174,65.5271,-5.4156
215,216,Murray St.,MVC,24,13-128–7,106.6131,110.0290,.4114216,48.8253,51.2217,16.447,15.2342,28.3196,28.1160,33.6106,25.642,50.2172,51.8256,30.7321,33.7161,66.5220,-6.4192
216,217,Milwaukee,Horz,22,17-811–4,102.6214,105.9209,.4099217,5298,47.455,21.8336,18.3176,32.176,32.9327,32.1152,30.3168,51144,48.6117,35.880,30.633,71.424,-3.9136
217,218,New Mexico St.,WAC,21,9-152–10,104.3182,107.7244,.4087218,50.2192,53.7316,18.3167,19.1130,27231,26.595,34.783,37298,48.8237,52.5279,35.1117,36.8319,69.190,-8.6241
218,219,UMBC,AE,25,16-106–5,108.0110,111.7318,.4040219,52.576,53.5308,15.317,17263,27.1228,2671,26.3316,2422,52.577,51.1222,35123,38.1346,67.7152,-5.8172
219,220,La Salle,A10,24,11-135–6,102.5216,106.0212,.4038220,47.5303,50.9194,18.7198,19137,30.1134,30.6259,28.5271,30155,45.9325,49.4143,33.6193,35.9290,67.9142,-7.5220
220,221,Detroit,Horz,25,10-166–9,110.764,114.6347,.4020221,51.6117,53.8322,17.5105,17.2251,34.521,31.1291,26.1320,28.6115,46.3317,52.1266,39.17,37.7343,67.3175,-10.5287
221,222,North Dakota St.,Sum,23,10-157–6,105.2169,108.9272,.4017222,52.481,51.8249,17.178,12.5363,23.9311,22.58,31.8157,28.2106,53.459,51216,34179,35.6275,68136,-9.7268
222,223,Oregon St.,P12,24,9-163–11,98.7296,102.2129,.4005223,47.8296,49.2124,21.5328,18.6154,23.7318,30.9277,34.294,33.2233,46.2319,49.7153,33.6193,32.4100,63.3341,-7209
223,224,SIU Edwardsville,OVC,23,17-98–5,99.5285,103.1146,.3980224,47.8296,47.767,18.8210,19.991,30.8106,30.3251,38.925,34.4263,48.3256,46.964,31.3301,32.9126,68.7105,-5.7166
224,225,North Carolina Central,MEAC,17,10-113–4,101.3248,105.1184,.3954225,50.6171,52.4277,22.7352,20.668,31.198,29.5216,32.1152,34252,49.8191,52.4276,34.7144,35242,67.4172,-6.6198
225,226,Delaware,CAA,25,12-144–9,102.2221,106.2215,.3910226,49.4230,51204,17.285,18.4168,25.4274,30.6259,33.5109,29.9151,50.8153,49.3136,31.3301,36.1295,66.9202,-8.9250
226,227,Queens,ASun,23,16-106–7,107.6117,112.1321,.3856227,52.194,52.6288,18.1148,15.3339,31.198,27.3124,35.961,22.811,51.8104,52.5279,35123,35.2254,69.474,-6.5194
227,228,Minnesota,B10,22,7-151–11,98.8294,103.3155,.3748228,47317,49.5134,19.6258,15.5336,25.9261,31.2294,30.9188,214,48.1266,47.889,30339,35.5270,65.1293,-6.8204
228,229,Morehead St.,OVC,22,16-109–4,101.3249,105.9208,.3741229,48.7262,50.2164,20.3294,16320,27.7213,25.759,37.839,27.991,47.3288,51.5238,34179,31.654,64.6309,-5.8173
229,230,Loyola Chicago,A10,23,8-152–9,103.4197,108.2253,.3728230,53.931,50.9194,23.2358,17.5234,25.4274,29.6220,30.9188,39.2327,55.222,50.7205,34.6149,34.2193,65.5272,-9.6265
230,231,UT Arlington,WAC,22,9-164–8,100.3271,104.9177,.3720231,44.6353,51.8249,21.1320,20.668,34.324,30.4252,33122,38.1313,43.8351,50.1178,30.7321,36.4306,65.4274,-10.6290
231,232,Portland St.,BSky,23,10-154–8,102.9205,108.0250,.3663232,48.6267,56.1355,16.968,21.833,25288,30.5256,35.273,47.5360,48.7243,55.4345,32.3261,38.1346,7215,-9.7267
232,233,Fort Wayne   (H) 135 Youngstown St.,Horz,23,15-107–7,101.4245,106.3220,.3658233,50.2192,51204,19.3247,17.6222,28.9182,26.281,29.1255,22.69,49.8191,55.3343,33.7190,29.618,68.7110,-5.8170
233,234,Nicholls St.,Slnd,19,12-117–4,101.1255,106.1214,.3632234,50209,52.5282,18.3167,23.413,27.9207,34.6352,27.8288,52.2362,50.4167,52.5279,32.9227,35242,70.338,-5.9176
234,235,Northern Colorado,BSky,24,9-164–9,105.3164,110.6299,.3623235,5298,53.7316,18.3167,14.5350,23.8314,27114,30.4207,32206,49.8191,55.7349,36.838,33.2133,69.477,-9.7266
235,236,Jacksonville,ASun,21,12-125–8,101.1253,106.2217,.3622236,51.3134,49.8145,19.5251,13.8360,23.8314,25.966,23.5351,27.168,52.193,53.2305,33.3205,3142,61.6361,-7.1213
236,237,Niagara   (H) 140 Quinnipiac,MAAC,21,13-98–5,100.9258,106.6223,.3476237,50.6171,48.795,18.5184,17263,25.2284,28.9201,30.7198,34252,49.5207,47.889,35.2114,34.1185,62.3354,-5.3153
237,238,American,Pat,24,15-97–6,102.3219,108.1251,.3466238,56.36,51204,22.9353,19.6104,27.4222,27.4129,28.6266,32.3214,57.67,49.6149,36.260,35.9290,63.1344,-5.9177
238,239,Louisiana Monroe,SB,23,11-157–6,98.9292,104.6173,.3452239,45.9337,50.9194,19.2241,19137,27.6216,31.4304,30.8195,2896,42.4357,50.2181,34.6149,34.8231,66.2240,-9.3258
239,240,Idaho St.,BSky,23,9-166–6,102.8210,108.7266,.3442240,50.5176,50.9194,17.394,17.9205,24.2310,27.5134,30.1222,35.6281,51.5121,51.8256,32.8232,32.8119,65.3282,-11.3304
240,241,Northern Arizona,BSky,24,7-193–10,104.3183,110.3295,.3438241,49245,54.2327,16.657,16.9268,26.3252,25.551,27.3298,39.2327,46.3317,54.3324,35.784,36.1295,66.6214,-12.7333
241,242,Mercer,SC,24,12-145–8,99.8282,105.6202,.3433242,48.6267,49.1117,17.285,17.6222,29.3163,28.4175,29256,33.7244,48.3256,47.994,32.9227,34.3198,64.8298,-10.1277
242,243,Bowling Green,MAC,22,10-144–7,105.3167,111.4314,.3426243,50.9157,53.2300,17.4100,16.1316,29.5162,28.3167,30.5203,32.4218,50.2172,53296,34.7144,35.8286,69.478,-10.3281
243,244,California,P12,24,3-212–11,99.3287,105.1183,.3421244,45.5343,51.7243,21317,16.3302,25.9261,30243,30.6200,31.2187,45.6327,52.5279,30.3334,33.6157,62.3353,-12.5326
244,245,Wofford,SC,23,13-135–8,106.3141,112.5328,.3420245,51.9106,54.5334,16.657,16.5295,27.5220,28.2166,30.1222,23.819,54.436,57356,32279,34.1185,65.4277,-8.1233
245,246,Fairfield   (A) 202 Rider,MAAC,22,10-136–7,97.8310,103.6157,.3419246,44.6353,47.975,18136,18.4168,29.6155,30.7267,38.332,27.991,47.5281,49.7153,26.4362,29.112,64.7307,-8.7245
246,247,Howard,MEAC,21,14-106–1,100.8262,106.7228,.3405247,51.6117,53.5308,23355,21.537,30.3120,30.5256,32.9125,32.6222,50.3168,53296,3673,36.2300,69.570,-6.2183
247,248,UC San Diego,BW,23,8-173–10,100.6264,106.7229,.3370248,48.4279,51.6237,18.2156,17.3244,23.9311,30.2246,25.3333,25.948,48.8237,49.4143,31.9282,37325,65.1291,-11.8312
248,249,East Tennessee St.   (H) 344 VMI,SC,24,9-175–8,99.3286,105.7206,.3283249,50.3188,50.3167,19.9272,17.7216,29.6155,28.6183,30.4207,27.168,52.193,51.4234,31.3301,32.6110,66.6212,-13337
249,250,Bellarmine,ASun,23,11-156–7,101.8232,108.3255,.3282250,51.5123,53.7316,18.9221,17.6222,19.7354,27.7146,25.7330,32.7224,53.751,54.7332,32.5252,35.2254,61.7359,-8.7246
250,251,Northern Illinois,MAC,22,10-146–5,100.9259,107.4239,.3281251,51.3134,51.1214,20.6305,18.9142,25.2284,33.9347,35.371,36.7290,51.2135,51.6243,34.4162,33.5150,68.6112,-8.6240
251,252,Sacramento St.,BSky,23,12-135–7,103.7194,110.4297,.3276252,51.1146,52.6288,20.8311,14.5350,34.227,25.448,27.5295,23.819,49.8191,51.5238,35.784,36.9323,61.8358,-8228
252,253,UT Rio Grande Valley,WAC,22,12-133–9,101.0256,107.7246,.3230253,51.3134,51.8249,23.2358,17263,28.5190,28.6183,47.42,37.1302,51.6112,51.8256,33.8187,34.5208,72.77,-7.7225
253,254,Western Carolina,SC,23,14-127–6,101.5242,108.4257,.3191254,48.8253,52.1269,15.930,17.1257,25.9261,24.633,3581,33.9251,48.6248,52.2272,32.8232,34.5208,68.1133,-8.1230
254,255,Tulsa,Amer,23,5-181–11,101.8231,108.8269,.3189255,48.8253,52.1269,18.7198,17.5234,24.6296,33.8345,24.9338,28.6115,50.2172,56352,31.3301,30.532,68.8103,-10.6291
255,256,South Carolina,SEC,24,8-161–10,101.6239,108.5260,.3183256,46.5326,53.6312,20279,16.2309,33.637,31.6311,26322,28.3107,45337,53.9321,32.5252,35.3264,64.1322,-8.2234
256,257,Maryland Eastern Shore,MEAC,18,14-86–1,96.6327,103.2153,.3175257,48.3282,51.4226,21.1320,23.413,28204,30.9277,26.8307,34.3260,46322,53.9321,34.6149,31.867,68.1130,-3.4123
257,258,UMKC,Sum,24,11-157–6,98.7295,105.5198,.3174258,44.5355,48.795,20279,18.5164,378,30.7267,33.999,39.1324,46.1320,47.368,27.8359,33.8168,63.7332,-9.9272
258,259,Oakland,Horz,25,11-159–6,102.3218,109.5281,.3157259,49.2238,53.8322,15.826,18.3176,24.3304,32.6324,30.2218,21.86,50.7159,53.3311,31.3301,36.4306,68.3125,-9.2257
259,260,Winthrop,BSth,24,11-156–7,106.0150,113.4337,.3150260,54.526,54.6337,21.7333,18.2186,26.5244,34.5351,40.316,30.8174,52.967,54.8335,37.620,36.2300,66.8204,-9.8270
260,261,New Hampshire,AE,21,11-126–5,97.6314,104.5172,.3125261,45.6340,47.559,15.113,16.3302,26.7236,27.4129,28.6266,31.2187,42.1360,47.472,33.9184,31.759,64.2321,-8.9252
261,262,Lafayette,Pat,26,8-186–7,94.9341,101.7112,.3121262,48.7262,50.4173,18.1148,19.1130,22.4335,26.697,23.5351,29.7141,48268,49.9164,33219,34.1185,62.5351,-12.4324
262,263,North Florida,ASun,23,10-155–8,106.6132,114.3344,.3110263,51153,52.2273,17.5105,13.4361,25.9261,33.6341,30.9188,2422,5295,51.5238,33.2209,36294,67.9143,-8.8248
263,264,Robert Morris   (A) 172 Cleveland St.,Horz,23,11-146–8,98.4300,105.4193,.3106264,49245,50.1161,19.9272,18.3176,28.4192,28.5180,25.1336,29.5136,49.5207,47.679,32.1271,36.7317,66.2241,-10275
264,265,Maine,AE,22,10-144–7,101.6238,108.9273,.3092265,52.292,53.5308,18.5184,20.476,22.2338,30.2246,21.7358,29.7141,51.1139,55.5347,36.260,33.6157,65.7258,-9.5262
265,266,Southern,SWAC,22,12-128–3,98.0306,105.3186,.3045266,50.3188,51.7243,21317,23.118,22.8331,29.2210,32.4138,45.3357,48.7243,53.1302,35.1117,33127,7216,-6.8203
266,267,North Alabama,ASun,23,15-117–6,104.9172,112.7331,.3041267,51.5123,53.7316,15.826,15.3339,24.5299,26.7102,31.5167,33.3234,50.2172,50.4189,3673,39.5358,68.1129,-6.1182
267,268,Lehigh,Pat,22,14-109–4,98.1303,105.4194,.3036268,50209,51204,18.3167,17.4242,19.6356,26.697,29.6244,28.5112,47.8275,52.4276,36.260,32.395,69.758,-5.9179
268,269,Alcorn St.,SWAC,23,12-119–2,101.1252,109.0276,.2977269,44.4356,52.5282,19228,21.247,34.920,31.4304,33.6106,41.4344,44.6340,54.4326,29.2345,33.1130,66.9199,-5.4158
269,270,Southern Indiana,OVC,23,13-136–7,103.6195,111.7319,.2952270,50.5176,52.1269,18.8210,16.8274,32.858,2422,32.2145,39323,46.4315,52.1266,37.328,34.6213,69.666,-9.7269
270,271,Illinois Chicago,MVC,25,10-162–13,97.7312,105.5196,.2921271,48.4279,50.2164,18.7198,20.763,22339,31284,3659,35.4277,47.9271,51.2225,32.7237,32.183,69.189,-11.1301
271,272,Campbell,BSth,23,11-146–7,101.9229,110.1291,.2916272,51.6117,53.5308,18.8210,18.2186,23.4323,25.656,3746,29.7141,53.751,54.4326,32.4256,34.9239,64.1323,-10.4284
272,273,Jacksonville St.,ASun,23,10-163–10,99.5284,107.5243,.2907273,49.2238,52.7292,20.6305,17.1257,29.7150,24.939,30.1222,30.7173,47.3288,52.1266,34.5158,35.6275,64.7308,-10.5288
273,274,Illinois St.,MVC,26,10-165–10,100.2272,108.5262,.2854274,50209,51.4226,22.2346,16.9268,28.8183,27.5134,32.8127,33.7244,49.3215,52.1266,34.1171,33.4142,64.8302,-11.8311
274,275,USC Upstate,BSth,22,11-136–7,97.8311,105.9209,.2852275,51.6117,50151,21.1320,20.763,25.4274,33.9347,32.5136,43.8352,51.9101,50.1178,34179,33.3137,67.6162,-8.7243
275,276,Southeast Missouri St.,OVC,24,13-138–5,99.9279,108.2254,.2843276,50.6171,52.4277,18136,19.4115,23.2324,27.4129,35.762,45.1356,49.9184,51.6243,34.3165,35.8286,72.312,-8.9253
276,277,Georgia St.,SB,22,10-153–10,95.2338,103.2152,.2832277,45.2347,48.795,20.3294,18200,30.2128,29.6220,32.6131,34.7271,46.1320,4897,28.9353,33.3137,66.9203,-10.7294
277,278,Dartmouth,Ivy,21,8-154–5,97.2319,105.4192,.2832278,48.6267,50.4173,20279,16.5295,23.1328,25.863,28.4274,31.8202,49.5207,50.2181,31.5294,33.9174,68.3126,-10.8296
278,279,Tennessee Tech,OVC,23,12-148–5,101.2251,109.8285,.2811279,51.3134,51.9258,18.6192,18.6154,23.6322,30.8273,28.7262,24.125,48.2262,51.8256,37.133,34.7222,66246,-10276
279,280,North Dakota,Sum,24,9-173–10,102.5215,111.5315,.2761280,50.4181,54.2327,17.6110,16320,26.2255,27.7146,26322,28.9122,49.8191,53.2305,34.1171,37.5335,66.2237,-12.5327
280,281,Valparaiso,MVC,25,10-164–11,98.3302,106.9231,.2750281,48.8253,51.6237,17.9129,16320,22339,2422,28284,33.1230,51.4128,51.2225,29.6343,34.7222,67.7154,-10.6292
281,282,Charleston Southern,BSth,22,8-164–9,108.5102,118.2361,.2728282,51153,54.6337,18.7198,16.6289,3352,31.8314,28.9258,36.1285,49.5207,54.6329,35.595,36.4306,65.1290,-11.5308
282,283,Prairie View A&M,SWAC,22,9-155–6,92.2355,100.593,.2700283,44358,47.663,20.2290,20.859,32.274,28.3167,3496,43.2350,44.6340,47.472,28.5356,31.973,67.4170,-10.4283
283,284,Tennessee Martin,OVC,22,15-117–6,100.4270,109.6282,.2689284,49.6225,49.1117,17.285,17.6222,27.4222,29.9239,36.452,34.9274,51.2135,49.8160,31.3301,3279,70.930,-8229
284,285,Cal St. Bakersfield,BW,22,9-155–8,97.3318,106.1213,.2685285,45.5343,51.5233,19.9272,19.6104,27.1228,28.1160,30.3213,40.9340,43.9349,51.6243,33.7190,34.3198,62.6350,-10.3282
285,286,Morgan St.,MEAC,19,12-115–3,96.6325,105.6200,.2651286,48.1285,50151,21.7333,23.315,31.978,38.2363,29.4250,44.2353,44.3345,51.5238,37.525,31.553,69.856,-6.5193
286,287,Coastal Carolina,SB,22,10-154–9,104.3184,114.1343,.2624287,47.1313,52.6288,17.8122,15.4338,31.589,31.5309,28.6266,28.1102,48268,51.7250,30.4331,35.7280,67.5165,-10.4285
287,288,Canisius   (H) 82 Iona,MAAC,21,5-173–10,100.4269,109.9287,.2611288,46.9319,52.9296,17.8122,18.1194,30140,30.9277,24347,30.8174,45.6327,51.4234,32.5252,37.6337,67.7158,-12.6329
288,289,Idaho,BSky,23,9-163–9,104.4180,114.4346,.2599289,53.931,54.2327,17.6110,16.3302,19.3358,28159,36.256,33.3234,56.415,52.5279,33.1213,38.6354,66.2238,-12.3323
289,290,Mount St. Mary's   (H) 166 Siena,MAAC,23,8-164–9,95.7333,105.0179,.2573290,47.9294,49.3126,21.8336,19.5111,29.1175,30.8273,23.8350,29.6138,44.4344,47.782,36.548,34.8231,65.7259,-11.7310
290,291,Southeastern Louisiana,Slnd,22,14-118–4,102.9206,112.9332,.2569291,49.9213,55.1344,16.553,20.476,26.5244,30.6259,33.7104,33.3234,48.1266,53.3311,35.595,38.3352,68.999,-6.8202
291,292,Miami OH,MAC,21,8-162–9,103.9188,114.0342,.2565292,51.3134,55.4350,19.9272,18200,27.7213,32.3320,32.6131,35.5278,53.459,55.9351,32.3261,36.4306,67.6159,-11.5307
292,293,Bucknell,Pat,25,10-163–10,99.0290,108.8270,.2520293,51.1146,50.5181,20.7309,15.9324,26.3252,26.7102,28.7262,27.168,51.7108,48.7121,33.4202,35.6275,67193,-12.3322
293,294,Tennessee St.,OVC,22,15-117–6,100.1274,110.2293,.2489294,50.7169,50.4173,17.6110,18.6154,26259,27.8150,35.178,38.5320,48.7243,50.2181,35.690,33.8168,69.857,-8.8247
294,295,Elon,CAA,23,5-203–9,98.9291,108.9271,.2484295,47.1313,52.5282,18.4176,18200,24.9290,30.7267,27.2301,29.6138,49.3215,53296,29.2345,34.6213,67191,-15.3354
295,296,William & Mary,CAA,23,9-164–8,102.0226,112.3324,.2480296,49.8216,54.1326,19.5251,16.1316,29.3163,30.4252,29.8238,28.1102,46.9298,55337,36.838,35.1249,65.3280,-10.9299
296,297,Northeastern,CAA,23,8-154–8,98.4301,108.4258,.2463297,48.8253,49.3126,21.2324,14.3353,31103,26.388,27.5295,29.8147,46.9298,48.5111,34.5158,34.1185,67.4171,-11.1300
297,298,Chicago St.,ind,24,8-181–0,100.6263,111.1310,.2436298,48.1285,51.4226,21.3326,16.6289,32.564,33.1330,33.999,36.8294,47.4285,52.8291,32.7237,32.6110,64.8297,-12318
298,299,UTSA,CUSA,23,7-181–13,101.4244,112.3325,.2350299,46.2333,51.7243,19.6258,14.7348,28.1202,32317,36.551,29.7141,43.3355,52264,33.6193,34.1185,67.7153,-12.1319
299,300,Denver,Sum,25,13-144–10,99.8281,110.7302,.2328300,51.7112,52.2273,21.5328,15.7329,30.7109,27.8150,4113,26.758,52.967,53.3311,32.1271,33.7161,68.2128,-10.1278
300,301,North Carolina A&T,CAA,23,12-147–6,99.9278,111.0308,.2296301,48.8253,51204,18136,15.3339,23329,29.3212,30.4207,28.5112,48.2262,52.5279,33219,32.5106,69.760,-8.6242
301,302,Western Illinois,Sum,22,15-108–6,101.7235,113.1334,.2276302,50.3188,53.4306,15.826,16.4298,26.4249,26.388,35.664,26.455,52.387,55.1339,31.4299,33127,66.5224,-6.8206
302,303,Louisville,ACC,24,3-211–12,97.9307,108.9274,.2271303,47.1313,54.2327,23.4360,16.8274,27.7213,29.3212,33.999,29.8147,45.6327,54.7332,33.1213,35.7280,67.2179,-13.5343
303,304,Saint Peter's   (H) 310 Marist,MAAC,21,9-134–9,95.8331,106.8230,.2226304,43.3360,49.3126,20.1286,19.7101,36.611,28.8196,25.9325,54.2363,43.5353,49.9164,28.5356,32.287,63.3339,-9.1255
304,305,Eastern Michigan,MAC,23,6-183–8,104.1187,116.1355,.2212305,50.4181,56.5358,16.447,16.8274,24.9290,31.9315,32.9125,38312,50.9151,59.6362,33219,34.8231,70.145,-13.2339
305,306,Boston University,Pat,25,12-145–8,97.2321,108.5259,.2210306,46.6324,51.1214,18.5184,18.6154,29.3163,2541,30.1222,36.6289,45.9325,50.4189,31.8286,34.7222,65.8254,-10273
306,307,South Dakota,Sum,23,11-146–7,100.8261,112.5326,.2205307,49.3235,53.2300,18.2156,14.3353,25.1286,26.7102,29.3252,30.9178,44.9338,51.6243,37.525,37325,66.4228,-9.5261
307,308,Arkansas Pine Bluff,SWAC,20,10-146–5,94.4346,105.5197,.2182308,45350,51.1214,22.9353,21.636,26.8234,29.7227,32.6131,41.7346,43.9349,52.2272,31314,32.8119,69.952,-8.9251
308,309,Binghamton,AE,21,10-136–4,98.7297,110.3294,.2170309,48.6267,51.2217,19.6258,16.1316,28.8183,28.1160,29.6244,35.5278,50.8153,50.8209,29.1351,34.6213,66.1244,-9.5263
309,310,Marist   (A) 304 Saint Peter's,MAAC,22,8-144–9,96.1329,107.5242,.2163310,47.3309,50151,18.1148,18.2186,24.3304,26.281,26.3316,26.963,48.3256,46.859,30.7321,36.6315,65.4278,-11.4305
310,311,McNeese St.,Slnd,24,6-193–9,100.0276,112.3323,.2084311,48.9249,56.2356,22.2346,19.4115,31.589,31.3301,26.1320,35.9284,48.8237,52.4276,32.7237,40.9363,66.3235,-12.8335
311,312,Arkansas St.,SB,23,10-162–11,97.6313,109.7283,.2072312,46.6324,50.9194,18.8210,17.2251,29.2170,27114,3496,35.2276,44.8339,48.3107,33.4202,37.3333,63.2343,-11.9314
312,313,Cal Poly,BW,23,7-181–12,93.6350,105.4188,.2038313,45.9337,51204,21.5328,18.5164,24.9290,24.633,28.6266,41.6345,46.6310,49.9164,29.7341,35.3264,63.3340,-12.6332
313,314,Nebraska Omaha,Sum,25,7-193–11,100.6266,113.3336,.2026314,49245,53.9324,19.1231,16.2309,24.5299,30.6259,28.3277,33229,48.6248,53.2305,33.2209,36.7317,67.8148,-12.5328
314,315,Fairleigh Dickinson,NEC,24,15-118–3,106.3140,119.8362,.2014315,51.3134,57.2360,16.447,2231,30.1134,29.7227,28.1282,33.1230,51.4128,57.8360,34.1171,37.6337,69.567,-8.4239
315,316,Western Michigan,MAC,21,6-182–9,104.2186,117.5358,.1999316,49.2238,55343,19.3247,14.2357,34.324,27.6140,28.9258,33.7244,49.3215,54.7332,32.7237,37325,65.7260,-12.9336
316,317,Manhattan,MAAC,21,8-146–7,97.3316,109.8284,.1995317,49.7221,51.5233,20.6305,21.247,25.3280,35.4355,33.4111,31179,49232,50.4189,34179,35.6275,67190,-10.8298
317,318,Texas Southern,SWAC,22,8-164–7,94.5345,106.7226,.1985318,45.2347,50.4173,20.4301,18.9142,28.3196,28.5180,34.685,35.7283,47295,49.5146,27.1360,34.7222,69.665,-10.5289
318,319,St. Francis PA,NEC,22,9-156–5,101.2250,114.3345,.1983319,51.3134,52.4277,19.2241,15344,26.6242,28.9201,30.1222,31.7199,49.4213,52.2272,36.548,35.2254,68.6113,-11.5306
319,320,Austin Peay,ASun,23,8-182–11,96.8323,109.3280,.1975320,46336,54.4331,17.6110,20.379,25.3280,32.4322,26.9306,38.4319,45.6327,57.4357,31.1311,32.395,65.1292,-12.6331
320,321,High Point,BSth,23,11-143–10,99.6283,112.6329,.1960321,50.2192,50.8190,20.3294,15.8327,30.3120,32.6324,39.619,34.7271,51.6112,52264,32.1271,32.5106,7214,-10.2280
321,322,Wagner,NEC,20,12-105–6,95.8332,108.3256,.1955322,45.6340,49.5134,19.1231,20.956,33.733,25.656,25.3333,50.7361,44.6340,50.3185,31.5294,32.287,62.9346,-7.5219
322,323,NJIT,AE,22,6-173–7,97.0322,109.9286,.1928323,47.9294,51.9258,16.553,15.6331,23.8314,29.2210,30.5203,2896,46322,52.9293,34.3165,33.5150,66.3234,-13338
323,324,Merrimack,NEC,24,10-168–4,88.4362,100.188,.1927324,46.1335,50.4173,22340,26.41,19.4357,37.2361,35.470,26.963,47.2290,50.2181,29.8340,33.9174,65.4276,-11.9315
324,325,Texas A&M Commerce,Slnd,24,11-147–4,98.1304,111.5316,.1855325,51.1146,52.4277,19.2241,17.7216,26.5244,27.9155,26.6310,39.1324,55.421,53.3311,30.9317,34179,65.4275,-10.2279
325,326,Jackson St.,SWAC,24,7-176–5,97.8308,111.3313,.1844326,46.3329,54.6337,21.8336,19.3118,3352,28.8196,30.2218,38.1313,46.6310,54.6329,30.4331,36.3303,68.8102,-10.5286
326,327,Cal St. Northridge,BW,22,5-192–11,95.5336,108.7267,.1837327,43.2361,50.6183,18.7198,18.7150,27.3224,31.2294,34.294,38.8322,42.2359,50171,30.1337,34.3198,64.5315,-14.1347
327,328,Stonehill,NEC,26,12-158–4,94.6344,107.7245,.1835328,51.4131,51204,20.4301,19.5111,17.8362,31.4304,31.9155,27.781,49.9184,49.7153,35.690,35.2254,67.3174,-10.7293
328,329,Little Rock,OVC,24,8-184–9,101.9228,116.1353,.1829329,48.8253,56.2356,18.2156,19.1130,29.9145,31.5309,33122,37298,48.3256,55.1339,33.3205,38.6354,70.534,-14345
329,330,Central Arkansas,ASun,25,8-183–10,99.8280,113.8341,.1814330,47.5303,55.3347,17.6110,16.5295,27.6216,30.1244,24.6340,29.4133,46.5314,55.1339,32.7237,37.1331,72.411,-12.4325
330,331,Sacred Heart,NEC,26,13-146–6,97.3317,111.0307,.1805331,48.5274,50.6183,18.3167,19.3118,28.3196,30.2246,26.6310,25.642,50.1180,51216,30.6326,33.4142,69.854,-10.7295
331,332,Holy Cross,Pat,24,8-185–8,94.9342,108.7268,.1722332,48.5274,50.9194,18.2156,17.5234,20.9347,29.8231,25.9325,30.2164,46.6310,53.1302,34.9135,31.347,68138,-14.7352
332,333,The Citadel,SC,25,9-174–9,98.6298,113.1335,.1714333,49.7221,51.8249,17.9129,16.3302,20352,31.2294,28.9258,33.8249,49.2220,53.1302,33.6193,33.4142,67.7156,-12.2321
333,334,Central Michigan,MAC,22,8-163–8,93.3352,107.0233,.1709334,46.3329,50.9194,22.5349,20.184,30.7109,34349,33.4111,41.2343,47.9271,51.6243,29.2345,33.3137,67.7155,-11.2303
334,335,Alabama A&M,SWAC,21,9-155–6,95.1340,109.2277,.1683335,48.3282,51.6237,21317,22.426,28.1202,35.6358,32.3144,40.5336,46.8303,49.7153,34.3165,36.2300,69.951,-11.8313
335,336,Presbyterian,BSth,24,5-211–12,96.3328,110.8306,.1662336,46.7322,54.4331,20.2290,18.4168,30.6114,29.8231,36.353,36.9295,47.4285,52.5279,30.3334,38.5353,63.7333,-17360
336,337,Central Connecticut,NEC,26,7-194–7,97.2320,112.7330,.1546337,48.5274,51.9258,17.9129,17.5234,27.9207,27.8150,21.1360,26.252,48.2262,50.9213,32.7237,35.7280,64.2320,-15.5358
337,338,Incarnate Word,Slnd,22,11-145–7,95.7334,111.1312,.1518338,47.6299,53.3303,20.2290,20.570,26.7236,33.2332,33.4111,32.3214,46.9298,52.9293,32.7237,36.1295,66.6215,-10.8297
338,339,Columbia,Ivy,22,6-181–8,93.4351,108.5261,.1514339,44.4356,51.6237,20279,18.2186,26.5244,30.2246,28.7262,28.1102,44347,52.1266,30.1337,33.8168,69.571,-13.4341
339,340,South Carolina St.,MEAC,22,3-200–7,100.5267,117.1357,.1479340,46.3329,59.6363,19.6258,20.184,33.446,34.4350,29.3252,45355,46.4315,59.6362,30.7321,39.8359,71.818,-14.6351
340,341,Stony Brook,CAA,23,8-174–8,96.6326,112.5327,.1477341,47.1313,51.3222,19.1231,13.9359,21.4344,27.2120,31.4171,2537,47.8275,50.4189,30.9317,35242,63.2342,-12.6330
341,342,Loyola MD,Pat,24,8-183–10,95.2339,111.1311,.1447342,50.4181,56.5358,22340,21.932,26.7236,29.8231,27.8288,29.1126,49.5207,56.2353,34.5158,38345,65.2286,-14.1348
342,343,Lindenwood,OVC,23,9-174–9,94.7343,110.8303,.1421343,48.3282,51.9258,20279,18.6154,22.7332,31.4304,24.2345,31.1185,45.6327,51.5238,35.499,35242,67192,-12.8334
343,344,VMI   (A) 249 East Tennessee St.,SC,23,6-201–12,98.4299,116.1354,.1298344,48.5274,55.3347,20.9314,14.5350,29.6155,27.6140,20.7362,29.1126,45.5333,57.5359,35.1117,35.5270,66.7210,-15.5357
344,345,Alabama St.,SWAC,23,7-175–6,93.8349,110.7301,.1290345,41.7363,49.9147,18136,17.5234,30.7109,35.1353,30.5203,33.8249,39.1363,48.9126,31.5294,34.4204,67.2182,-11.9316
345,346,Coppin St.,MEAC,24,6-181–6,98.1305,115.9351,.1279346,50.7169,53.7316,19.5251,18.4168,17.9361,36.2360,35.664,34.4263,51.1139,55.6348,33.5199,34179,73.24,-12317
346,347,Hampton,CAA,24,6-193–9,97.8309,115.6350,.1273347,45.3346,54.5334,1634,15.9324,26.4249,31284,33.8102,37.7309,43356,53296,32.8232,38.1346,68.6117,-14.4350
347,348,Bethune Cookman,SWAC,22,9-155–6,95.9330,113.7339,.1234348,46.5326,52.5282,18.7198,19.2127,26.1256,33.8345,31.1179,34252,43.4354,51.8256,35.595,35.7280,69.192,-11.2302
348,349,Evansville,MVC,26,5-211–14,92.8353,110.1292,.1226349,45.6340,54.8341,17.9129,18.6154,21.2345,24.531,30.4207,30.2164,44347,54.5328,32.4256,36.8319,69.569,-15.5356
349,350,Eastern Illinois,OVC,24,8-184–9,94.0348,111.8320,.1199350,46.8320,52.5282,18.9221,20.763,26.1256,33.3334,34.490,34.2258,46.9298,52.2272,31.1311,35.3264,67.9141,-14.3349
350,351,Houston Christian,Slnd,22,7-184–8,101.8230,121.1363,.1197351,50.8162,58.3362,22340,17.6222,29178,32.8326,40.414,34.3260,49.1224,59.4361,35.784,37.6337,70.535,-14.1346
351,352,New Orleans,Slnd,21,6-173–9,95.4337,113.7340,.1176352,51.9106,55.6353,24.8363,19.5111,27.2226,32.1319,35.664,39.8334,49.3215,55.2342,38.611,37.6337,70.832,-13.2340
352,353,Monmouth,CAA,25,5-204–8,90.2360,107.9248,.1130353,43362,54.9342,22340,21.152,30140,33.4338,32.2145,39.2327,44.1346,53.7318,26.6361,37.6337,68.1132,-13.4342
353,354,Delaware St.,MEAC,20,5-173–5,92.6354,110.8305,.1125354,46.2333,53.6312,23.6361,18.6154,30.2128,31284,26.5313,36.1285,45.6327,48.7121,31.8286,39.8359,66.9200,-12.1320
354,355,Albany,AE,24,6-201–10,97.5315,116.7356,.1122355,46.3329,55.6353,19.1231,16.9268,28.6187,28.1160,30.9188,36.9295,45.3335,57.4357,31.8286,34.8231,67.1185,-14.8353
355,356,Lamar,Slnd,22,8-174–8,95.6335,115.4348,.1027356,46.8320,53.1297,21.6332,17.2251,33.542,33.5339,31.9155,30.1159,47.1292,54.9336,30.8320,33.9174,65.9250,-13.7344
356,357,St. Francis NY,NEC,23,13-126–6,91.4357,110.6300,.0994357,45.5343,50151,20.9314,2087,30.8106,31.6311,31.5167,31.3189,41.3361,46.342,36.450,40.4361,65.7256,-9.5260
357,358,Florida A&M,SWAC,20,5-173–8,89.8361,110.0289,.0880358,44.7352,52.4277,24.5362,18.2186,27231,35.3354,28.4274,44.6354,42.4357,53.7318,32.8232,33.4142,64.4316,-11.6309
358,359,Mississippi Valley St.,SWAC,25,3-222–9,91.9356,113.0333,.0842359,43.9359,54.6337,23.1357,19.991,28.6187,33.6341,38.332,39.1324,41.3361,53.9321,34.1171,37325,66.9198,-15.5355
359,360,IUPUI,Horz,24,4-221–14,94.1347,118.1360,.0680360,48.7262,55.4350,23355,17.6222,27.6216,31284,31.6165,33.7244,51.1139,54.3324,28.8354,38.1346,66.8208,-18.3363
360,361,Green Bay,Horz,26,3-232–13,91.2358,116.1352,.0583361,45.9337,54.5334,22.1344,16.4298,21.6343,33328,33.3116,32.4218,47.5281,55.8350,29.2345,34.6213,65.1289,-17.9362
361,362,Hartford,ind,22,5-200–1,91.0359,117.7359,.0491362,47.4307,55.4350,22.1344,17.9205,24.8294,33.3334,25.9325,28.4108,47.6279,53.2305,31.4299,39.4357,65.6263,-17.5361
362,363,LIU Brooklyn,NEC,22,3-211–11,87.5363,115.6349,.0392363,45.2347,55.2345,22.6351,16.8274,24.3304,30.9277,32.4138,31179,43.7352,55.4345,33.1213,36.5314,72.313,-16.8359
