,School,G,W,L,W-L%,SRS,SOS,,W,L,,W,L,,W,L,,Tm.,Opp.,,MP,FG,FGA,FG%,3P,3PA,3P%,FT,FTA,FT%,ORB,TRB,AST,STL,BLK,TOV,PF
0,Abilene Christian,24,13,11,.542,-2.28,-0.38,,5,6,,9,2,,4,6,,1838,1664,,960,671,1439,.466,174,484,.360,322,455,.708,249,785,389,223,60,315,495
1,Air Force,25,12,13,.480,1.40,1.04,,3,9,,9,7,,3,6,,1660,1651,,1010,585,1279,.457,206,589,.350,284,399,.712,169,734,379,144,106,293,424
2,Akron,24,17,7,.708,4.77,-1.14,,9,2,,12,1,,4,3,,1729,1526,,965,590,1368,.431,214,612,.350,335,460,.728,249,865,318,153,64,271,379
3,Alabama,24,21,3,.875,23.80,8.80,,11,0,,12,0,,7,1,,2009,1649,,980,670,1508,.444,253,717,.353,416,573,.726,311,1077,363,148,122,338,446
4,Alabama A&M,23,9,14,.391,-11.15,-5.34,,5,6,,8,7,,1,7,,1622,1689,,926,596,1345,.443,165,434,.380,265,402,.659,229,731,301,195,88,353,424
5,Alabama State,23,6,17,.261,-15.20,-4.42,,5,6,,5,2,,1,15,,1476,1719,,925,510,1385,.368,136,436,.312,320,437,.732,285,843,227,132,78,303,421
6,Albany (NY),26,6,20,.231,-14.61,-3.28,,1,10,,3,6,,2,13,,1724,1957,,1040,602,1478,.407,193,596,.324,327,463,.706,279,864,306,150,45,347,485
7,Alcorn State,21,10,11,.476,-8.28,-3.37,,9,2,,6,1,,5,9,,1388,1515,,861,492,1252,.393,108,376,.287,296,420,.705,272,719,194,164,47,278,426
8,American,24,15,9,.625,-5.30,-6.97,,7,6,,7,3,,8,6,,1594,1554,,965,590,1194,.494,165,456,.362,249,342,.728,179,713,340,177,94,349,362
9,Appalachian State,25,13,12,.520,-0.73,-0.23,,6,6,,9,6,,4,5,,1791,1606,,1010,649,1462,.444,196,581,.337,297,437,.680,227,912,332,175,112,287,350
10,Arizona,24,21,3,.875,20.20,7.61,,10,3,,13,1,,4,2,,1999,1697,,960,700,1433,.488,200,551,.363,399,543,.735,270,985,470,155,89,336,414
11,Arizona State,24,16,8,.667,10.69,6.32,,7,6,,9,4,,4,4,,1712,1607,,970,605,1430,.423,179,556,.322,323,465,.695,265,904,357,171,121,298,449
12,Arkansas,24,17,7,.708,16.69,7.27,,6,5,,12,1,,2,5,,1799,1573,,965,657,1370,.480,118,381,.310,367,522,.703,245,858,326,205,124,318,451
13,Arkansas State,25,10,15,.400,-8.90,-3.04,,2,10,,9,7,,1,8,,1634,1683,,1005,595,1384,.430,151,447,.338,293,438,.669,258,855,338,171,82,305,419
14,Arkansas-Pine Bluff,22,10,12,.455,-11.36,-2.81,,6,5,,8,1,,2,13,,1455,1501,,880,498,1276,.390,164,530,.309,295,405,.728,234,785,295,182,63,362,424
15,Army,26,14,12,.538,-6.08,-7.50,,8,5,,8,4,,6,5,,1928,1818,,1045,708,1455,.487,203,560,.363,309,449,.688,226,885,343,139,53,343,421
16,Auburn,24,17,7,.708,14.72,7.01,,7,4,,11,1,,4,5,,1735,1550,,960,621,1406,.442,148,506,.292,345,500,.690,290,902,346,198,137,305,458
17,Austin Peay,25,8,17,.320,-11.09,-1.65,,2,10,,6,7,,1,9,,1690,1799,,1005,604,1444,.418,179,543,.330,303,415,.730,249,784,321,181,75,301,439
18,Ball State,24,17,7,.708,-0.09,-3.40,,8,3,,9,1,,6,4,,1813,1656,,965,619,1314,.471,176,469,.375,399,595,.671,258,863,307,147,101,301,386
19,Baylor,24,18,6,.750,19.02,9.15,,7,4,,12,2,,3,3,,1897,1660,,965,634,1415,.448,221,621,.356,408,545,.749,300,869,364,171,62,288,420
20,Bellarmine,25,11,14,.440,-6.48,-0.75,,6,6,,7,5,,4,9,,1662,1635,,1010,602,1309,.460,215,596,.361,243,330,.736,162,733,369,142,34,283,392
21,Belmont,26,17,9,.654,1.26,-1.42,,10,5,,9,2,,6,6,,1935,1838,,1050,705,1520,.464,250,640,.391,275,383,.718,220,834,391,186,87,306,403
22,Bethune-Cookman,23,9,14,.391,-16.13,-6.52,,6,6,,6,2,,3,12,,1569,1734,,925,568,1345,.422,150,418,.359,283,407,.695,222,745,260,175,75,304,391
23,Binghamton,23,10,13,.435,-10.87,-4.96,,6,4,,6,5,,4,8,,1569,1634,,925,582,1299,.448,115,393,.293,290,408,.711,225,791,258,111,71,301,418
24,Boise State,24,18,6,.750,14.25,4.95,,8,3,,10,1,,4,4,,1718,1468,,965,622,1366,.455,190,521,.365,284,390,.728,205,872,276,120,74,271,392
25,Boston College,25,12,13,.480,1.40,4.60,,6,8,,8,5,,2,6,,1662,1742,,1010,620,1430,.434,136,443,.307,286,398,.719,238,826,312,166,93,300,392
26,Boston University,26,12,14,.462,-8.22,-5.58,,5,8,,7,4,,5,8,,1735,1756,,1050,610,1485,.411,193,593,.325,322,434,.742,271,921,275,176,60,323,459
27,Bowling Green State,24,10,14,.417,-6.91,-3.59,,4,7,,6,6,,4,8,,1843,1860,,960,661,1449,.456,179,511,.350,342,462,.740,249,870,340,141,74,288,418
28,Bradley,26,18,8,.692,7.60,-0.92,,11,4,,12,1,,6,5,,1871,1624,,1045,684,1471,.465,219,589,.372,284,424,.670,257,924,345,190,102,323,425
29,Brigham Young,26,16,10,.615,9.43,4.39,,6,5,,11,3,,2,4,,1957,1773,,1045,697,1545,.451,218,643,.339,345,490,.704,286,1001,395,203,108,390,494
30,Brown,22,12,10,.545,-2.16,-3.16,,5,4,,6,4,,6,6,,1503,1481,,886,552,1257,.439,180,512,.352,219,355,.617,194,780,307,163,68,296,345
31,Bryant,24,16,8,.667,-1.55,-4.05,,7,4,,9,2,,6,5,,1968,1751,,965,688,1468,.469,208,582,.357,384,504,.762,253,948,344,175,83,326,409
32,Bucknell,26,10,16,.385,-8.77,-6.73,,3,10,,5,6,,3,10,,1775,1781,,1050,650,1423,.457,188,539,.349,287,400,.718,219,896,360,142,98,357,413
33,Buffalo,24,12,12,.500,-0.83,1.31,,6,5,,9,3,,2,6,,1925,1867,,965,705,1517,.465,175,523,.335,340,492,.691,289,925,374,198,75,350,449
34,Butler,25,12,13,.480,7.04,8.24,,4,10,,9,4,,2,7,,1663,1693,,1000,608,1380,.441,171,490,.349,276,378,.730,168,763,318,172,111,300,323
35,Cal Poly,24,7,17,.292,-8.23,-0.28,,1,11,,6,7,,1,10,,1453,1580,,965,526,1254,.419,132,446,.296,269,358,.751,207,782,242,133,59,341,473
36,Cal State Bakersfield,23,8,15,.348,-8.29,-0.67,,4,8,,5,5,,2,9,,1392,1478,,935,509,1212,.420,98,289,.339,276,367,.752,218,748,241,134,67,300,426
37,Cal State Fullerton,25,13,12,.520,1.35,0.30,,7,6,,10,2,,3,8,,1721,1624,,1030,586,1382,.424,198,532,.372,351,512,.686,239,848,267,164,64,317,445
38,Cal State Northridge,23,5,18,.217,-9.05,-0.38,,2,10,,5,6,,0,10,,1465,1553,,925,511,1292,.396,137,430,.319,306,413,.741,242,784,229,156,68,272,435
39,California,23,3,20,.130,-1.51,7.45,,2,10,,3,10,,0,8,,1357,1563,,925,485,1193,.407,114,382,.298,273,373,.732,199,723,226,105,73,312,388
40,California Baptist,25,13,12,.520,0.35,-1.24,,5,7,,9,5,,4,5,,1693,1634,,1010,603,1417,.426,202,619,.326,285,444,.642,268,912,333,106,84,291,427
41,Campbell,25,11,14,.440,-6.62,-4.40,,6,7,,6,6,,4,7,,1708,1703,,1010,594,1298,.458,171,518,.330,349,497,.702,194,785,313,160,68,307,389
42,Canisius,22,5,17,.227,-9.01,-2.20,,3,10,,3,6,,2,11,,1535,1632,,900,552,1358,.406,195,573,.340,234,324,.722,254,759,309,118,60,268,362
43,Central Arkansas,25,8,17,.320,-12.87,-2.50,,3,9,,5,5,,2,11,,1852,2050,,1015,667,1605,.416,222,667,.333,296,399,.742,279,907,310,157,80,332,417
44,Central Connecticut State,26,7,19,.269,-12.65,-8.38,,4,7,,4,6,,3,12,,1692,1803,,1040,646,1515,.426,179,547,.327,221,320,.691,253,864,338,159,98,307,368
45,Central Florida,23,14,9,.609,10.93,5.63,,5,6,,9,4,,3,4,,1647,1525,,955,570,1337,.426,200,550,.364,307,402,.764,282,839,315,160,88,327,386
46,Central Michigan,24,8,16,.333,-9.98,-1.75,,3,8,,6,5,,1,10,,1591,1726,,965,558,1341,.416,151,516,.293,324,472,.686,274,862,264,143,93,380,484
47,Charleston Southern,24,8,16,.333,-8.38,-3.75,,4,9,,5,6,,3,10,,1777,1789,,965,637,1424,.447,206,578,.356,297,400,.743,282,849,292,124,61,289,431
48,Charlotte,23,13,10,.565,4.29,-0.80,,4,8,,8,3,,3,6,,1534,1417,,930,568,1203,.472,176,480,.367,222,295,.753,160,698,306,136,58,254,324
49,Chattanooga,26,13,13,.500,-2.38,-2.51,,5,8,,8,5,,5,8,,2001,1851,,1045,679,1519,.447,297,787,.377,346,480,.721,270,955,396,154,102,313,394
50,Chicago State,26,8,18,.308,-10.07,-3.53,,,,,5,0,,3,18,,1774,1876,,1045,608,1441,.422,205,616,.333,353,487,.725,296,900,300,144,74,362,490
51,Cincinnati,25,16,9,.640,11.55,4.46,,7,5,,12,3,,3,4,,1930,1717,,1005,714,1603,.445,231,647,.357,271,392,.691,281,935,397,161,105,268,393
52,Clemson,24,18,6,.750,9.58,2.87,,10,3,,12,1,,4,3,,1771,1610,,970,617,1337,.461,191,525,.364,346,431,.803,171,838,343,129,77,279,424
53,Cleveland State,25,14,11,.560,-2.42,-4.85,,9,5,,8,3,,6,8,,1773,1691,,1015,670,1466,.457,133,427,.311,300,437,.686,294,856,331,179,76,285,429
54,Coastal Carolina,24,10,14,.417,-8.33,-1.85,,4,8,,7,5,,3,9,,1770,1726,,970,644,1473,.437,174,547,.318,308,407,.757,287,914,306,147,82,292,388
55,Colgate,26,18,8,.692,1.96,-5.32,,12,1,,9,2,,8,4,,2008,1793,,1040,761,1503,.506,211,535,.394,275,408,.674,210,871,461,185,69,275,334
56,College of Charleston,26,23,3,.885,8.11,-2.97,,11,2,,14,1,,9,2,,2088,1782,,1050,719,1651,.435,260,787,.330,390,528,.739,366,1051,352,190,87,324,438
57,Colorado,25,14,11,.560,11.98,6.38,,6,8,,11,2,,1,7,,1781,1641,,1000,650,1471,.442,159,495,.321,322,473,.681,292,946,324,205,94,350,412
58,Colorado State,25,11,14,.440,5.60,5.27,,3,9,,7,6,,3,6,,1845,1794,,1015,675,1375,.491,194,542,.358,301,409,.736,140,763,434,153,62,271,407
59,Columbia,24,6,18,.250,-14.10,-2.47,,1,8,,5,7,,1,11,,1616,1779,,970,571,1437,.397,183,579,.316,291,414,.703,263,848,277,164,46,330,391
60,Connecticut,25,19,6,.760,21.18,6.62,,8,6,,12,2,,4,4,,1990,1626,,1000,692,1508,.459,229,632,.362,377,506,.745,329,979,438,168,121,317,474
61,Coppin State,24,6,18,.250,-13.78,-1.49,,1,6,,4,4,,2,14,,1757,2052,,980,595,1381,.431,211,627,.337,356,491,.725,153,738,262,194,69,353,481
62,Cornell,22,15,7,.682,3.38,-2.72,,5,4,,9,1,,6,6,,1865,1664,,880,674,1393,.484,250,681,.367,267,365,.732,234,764,414,214,53,264,350
63,Creighton,24,16,8,.667,18.55,8.85,,10,3,,11,1,,3,4,,1842,1609,,960,670,1417,.473,208,587,.354,294,396,.742,208,902,384,128,111,275,308
64,Dartmouth,23,8,15,.348,-8.36,-2.36,,4,5,,5,5,,3,8,,1601,1614,,930,580,1337,.434,182,561,.324,259,382,.678,196,813,280,129,95,327,384
65,Davidson,23,11,12,.478,2.21,1.71,,4,7,,5,6,,4,5,,1623,1589,,935,576,1288,.447,155,471,.329,316,429,.737,194,762,305,129,34,265,360
66,Dayton,25,16,9,.640,8.88,1.20,,8,4,,12,1,,3,5,,1726,1534,,1010,616,1315,.468,161,481,.335,333,478,.697,237,926,374,126,122,328,346
67,Delaware,26,12,14,.462,-4.63,-2.59,,4,9,,8,5,,2,9,,1800,1827,,1045,641,1457,.440,164,522,.314,354,489,.724,229,855,320,180,110,306,436
68,Delaware State,22,5,17,.227,-16.25,-3.30,,3,4,,3,4,,2,12,,1402,1630,,885,524,1254,.418,126,390,.323,228,332,.687,237,752,272,150,63,345,401
69,Denver,26,13,13,.500,-8.42,-4.75,,4,9,,7,4,,4,9,,1891,1946,,1060,675,1388,.486,113,343,.329,428,609,.703,247,926,290,135,83,392,432
70,DePaul,25,9,16,.360,2.49,7.49,,3,11,,7,5,,2,9,,1777,1902,,1010,625,1476,.423,208,587,.354,319,425,.751,232,809,338,160,100,318,464
71,Detroit Mercy,25,10,15,.400,-2.63,-1.96,,6,8,,7,3,,3,11,,1903,1891,,1010,668,1531,.436,257,660,.389,310,412,.752,305,898,311,148,45,292,393
72,Drake,26,20,6,.769,6.36,-1.52,,11,4,,11,1,,5,5,,1968,1695,,1070,709,1530,.463,208,568,.366,342,443,.772,222,947,357,137,67,283,391
73,Drexel,25,14,11,.560,-2.06,-4.89,,8,5,,10,2,,3,7,,1660,1552,,1010,610,1424,.428,188,589,.319,252,374,.674,264,874,304,147,79,283,355
74,Duke,23,17,6,.739,14.56,6.77,,8,5,,12,0,,2,5,,1667,1458,,920,598,1364,.438,156,478,.326,315,413,.763,308,919,334,130,111,280,357
75,Duquesne,24,16,8,.667,5.51,0.05,,6,5,,13,3,,2,5,,1801,1670,,962,660,1503,.439,217,583,.372,264,384,.688,308,886,372,191,99,284,441
76,East Carolina,24,12,12,.500,-1.62,-1.04,,3,8,,8,5,,1,6,,1669,1683,,960,564,1381,.408,187,590,.317,354,508,.697,296,888,321,157,62,315,431
77,East Tennessee State,26,9,17,.346,-5.72,-3.97,,5,8,,4,9,,4,7,,1799,1791,,1045,676,1490,.454,161,514,.313,286,434,.659,282,929,324,165,79,354,411
78,Eastern Illinois,25,7,18,.280,-13.94,-5.55,,3,9,,5,7,,2,10,,1703,1784,,1000,632,1458,.433,128,411,.311,311,498,.624,249,853,350,216,83,335,463
79,Eastern Kentucky,25,16,9,.640,-2.36,-1.18,,9,3,,12,1,,3,7,,1963,1805,,1000,725,1654,.438,234,660,.355,279,423,.660,331,987,392,213,117,302,406
80,Eastern Michigan,24,6,18,.250,-9.91,-1.69,,3,8,,4,5,,2,10,,1796,1976,,970,642,1436,.447,163,491,.332,349,459,.760,207,755,245,156,50,279,473
81,Eastern Washington,25,18,7,.720,1.39,-1.82,,12,0,,9,1,,7,5,,1926,1773,,1000,692,1403,.493,214,605,.354,328,431,.761,225,908,384,137,75,346,446
82,Elon,25,5,20,.200,-11.49,-2.76,,3,9,,3,7,,2,11,,1652,1796,,1000,596,1421,.419,177,581,.305,283,391,.724,226,845,317,163,49,313,413
83,Evansville,26,5,21,.192,-13.20,-1.01,,1,14,,3,8,,1,11,,1629,1946,,1040,594,1482,.401,163,503,.324,278,451,.616,208,839,273,175,48,324,425
84,Fairfield,23,10,13,.435,-5.56,-3.02,,6,7,,5,5,,3,7,,1474,1489,,930,506,1262,.401,126,473,.266,336,474,.709,243,799,218,130,90,269,346
85,Fairleigh Dickinson,25,14,11,.560,-11.11,-9.76,,7,3,,7,4,,6,6,,1964,1906,,1010,716,1583,.452,217,628,.346,315,417,.755,289,845,375,211,45,292,470
86,Florida,24,13,11,.542,13.14,8.14,,6,5,,8,3,,3,5,,1708,1588,,960,593,1378,.430,160,496,.323,362,489,.740,206,865,297,156,142,275,388
87,Florida A&M,21,5,16,.238,-17.82,-2.47,,3,8,,4,3,,1,14,,1213,1474,,845,432,1116,.387,121,376,.322,228,340,.671,215,677,201,135,69,344,399
88,Florida Atlantic,24,22,2,.917,12.26,0.71,,12,1,,13,0,,9,2,,1848,1536,,965,664,1429,.465,232,634,.366,288,409,.704,260,934,359,162,57,284,383
89,Florida Gulf Coast,25,14,11,.560,-2.18,-2.39,,4,8,,7,3,,4,8,,1786,1737,,1010,628,1453,.432,233,656,.355,297,402,.739,268,898,325,170,86,300,389
90,Florida International,24,12,12,.500,-2.67,0.46,,6,7,,10,4,,2,8,,1722,1765,,970,647,1388,.466,166,521,.319,262,380,.689,202,765,301,216,96,359,393
91,Florida State,25,8,17,.320,0.67,5.99,,6,8,,5,8,,3,5,,1750,1883,,1000,630,1433,.440,168,493,.341,322,444,.725,216,793,355,148,103,308,406
92,Fordham,24,19,5,.792,2.55,-2.57,,7,4,,15,2,,4,3,,1737,1614,,965,582,1374,.424,180,567,.317,393,519,.757,249,882,309,186,122,324,452
93,Fresno State,23,9,14,.391,1.26,4.90,,5,7,,6,4,,3,7,,1425,1492,,920,517,1213,.426,144,475,.303,247,331,.746,182,701,266,142,76,274,373
94,Furman,26,20,6,.769,5.26,-3.48,,11,2,,11,2,,7,2,,2143,1851,,1050,766,1575,.486,257,735,.350,354,469,.755,260,928,467,185,83,306,440
95,Gardner-Webb,24,13,11,.542,-2.48,-4.52,,8,4,,7,3,,5,8,,1705,1523,,970,640,1363,.470,156,461,.338,269,430,.626,234,842,322,175,116,300,456
96,George Mason,25,13,12,.520,1.90,0.58,,5,7,,11,2,,1,7,,1741,1708,,1005,620,1361,.456,194,534,.363,307,477,.644,236,909,358,115,85,354,423
97,George Washington,24,12,12,.500,-1.64,-0.68,,6,5,,10,4,,2,5,,1836,1831,,975,647,1376,.470,186,562,.331,356,483,.737,214,831,308,136,76,311,389
98,Georgetown,25,6,19,.240,0.15,6.47,,1,13,,5,9,,0,9,,1769,1927,,1010,655,1508,.434,140,448,.313,319,454,.703,276,904,293,146,118,303,366
99,Georgia,24,14,10,.583,3.97,3.18,,4,7,,11,2,,1,7,,1677,1658,,965,565,1352,.418,168,516,.326,379,520,.729,279,899,282,159,69,324,376
100,Georgia Southern,25,12,13,.480,-4.31,-1.99,,5,7,,8,4,,3,9,,1704,1662,,1005,645,1467,.440,150,499,.301,264,389,.679,256,890,249,175,79,284,417
101,Georgia State,24,10,14,.417,-4.64,-0.64,,3,9,,10,6,,0,8,,1596,1598,,965,574,1397,.411,136,453,.300,312,434,.719,277,851,266,138,88,321,405
102,Georgia Tech,24,9,15,.375,0.07,5.38,,2,12,,8,6,,1,7,,1613,1705,,965,607,1469,.413,166,531,.313,233,340,.685,262,853,319,141,102,274,390
103,Gonzaga,24,19,5,.792,17.31,7.87,,8,2,,10,1,,5,2,,2057,1762,,965,777,1495,.520,186,482,.386,317,460,.689,243,887,387,188,75,274,413
104,Grambling,22,14,8,.636,-4.56,-6.04,,8,3,,7,1,,7,6,,1521,1412,,880,546,1201,.455,123,349,.352,306,479,.639,239,804,284,160,92,338,424
105,Grand Canyon,24,16,8,.667,4.59,1.09,,7,4,,12,2,,3,4,,1761,1576,,970,604,1339,.451,201,566,.355,352,477,.738,261,886,289,121,71,297,425
106,Green Bay,24,2,22,.083,-20.27,-2.71,,2,12,,2,6,,1,14,,1396,1836,,960,485,1204,.403,140,488,.287,286,409,.699,170,654,252,119,55,355,409
107,Hampton,25,6,19,.240,-14.39,-3.85,,3,9,,5,5,,1,10,,1705,1929,,1000,584,1490,.392,182,555,.328,355,519,.684,260,845,277,113,80,274,461
108,Hartford,24,5,19,.208,-22.54,-7.76,,,,,5,9,,0,9,,1544,1702,,960,574,1332,.431,179,539,.332,217,331,.656,216,767,317,155,91,335,334
109,Harvard,23,12,11,.522,-0.48,-1.15,,3,6,,5,5,,6,5,,1548,1512,,930,566,1298,.436,151,496,.304,265,399,.664,239,838,305,171,93,320,333
110,Hawaii,24,17,7,.708,3.09,-2.04,,8,4,,11,3,,3,3,,1631,1489,,970,572,1309,.437,152,472,.322,335,450,.744,236,837,259,119,94,291,387
111,High Point,25,11,14,.440,-11.04,-4.69,,3,10,,8,4,,1,10,,1876,1967,,1001,659,1480,.445,187,578,.324,371,597,.621,290,957,310,156,116,369,471
112,Hofstra,26,18,8,.692,3.55,-0.82,,11,2,,8,1,,8,5,,1922,1765,,1045,732,1524,.480,224,612,.366,234,315,.743,185,852,367,159,105,283,365
113,Holy Cross,25,8,17,.320,-12.77,-5.19,,5,8,,5,8,,3,8,,1658,1778,,1005,628,1427,.440,172,473,.364,230,368,.625,191,809,302,165,71,310,410
114,Houston,25,23,2,.920,24.76,4.20,,11,1,,13,2,,8,0,,1890,1376,,1000,709,1501,.472,199,552,.361,273,387,.705,323,974,373,200,124,240,396
115,Houston Christian,24,7,17,.292,-16.38,-4.61,,4,7,,6,7,,1,10,,1880,2006,,965,651,1403,.464,195,529,.369,383,524,.731,253,823,353,143,65,385,430
116,Howard,24,14,10,.583,-5.87,-3.58,,6,1,,10,2,,3,6,,1787,1746,,960,631,1363,.463,183,497,.368,342,470,.728,246,810,351,189,74,395,410
117,Idaho,25,9,16,.360,-6.96,-4.00,,3,9,,5,7,,4,9,,1898,1818,,1016,672,1379,.487,184,519,.355,370,490,.755,174,770,314,128,44,290,427
118,Idaho State,23,8,15,.348,-6.11,-2.75,,6,5,,5,5,,4,9,,1608,1638,,950,563,1281,.440,188,553,.340,294,400,.735,183,721,276,142,59,276,412
119,Illinois,23,16,7,.696,16.93,5.85,,7,5,,11,2,,3,3,,1729,1474,,925,620,1363,.455,186,586,.317,303,450,.673,271,893,309,162,135,309,386
120,Illinois State,26,10,16,.385,-5.48,-2.37,,5,10,,7,6,,3,6,,1727,1808,,1060,590,1368,.431,189,554,.341,358,449,.797,231,859,277,149,91,385,486
121,Illinois-Chicago,26,10,16,.385,-7.39,-2.67,,2,13,,6,6,,2,10,,1740,1824,,1050,596,1442,.413,207,638,.324,341,516,.661,213,834,332,177,123,340,479
122,Incarnate Word,24,11,13,.458,-14.34,-7.39,,5,7,,6,4,,3,10,,1698,1749,,970,603,1363,.442,145,424,.342,347,467,.743,219,774,297,202,65,334,410
123,Indiana,24,17,7,.708,17.04,7.21,,8,5,,13,1,,3,5,,1851,1615,,960,699,1406,.497,152,398,.382,301,426,.707,234,887,382,140,131,290,414
124,Indiana State,26,17,9,.654,5.17,-3.55,,10,5,,10,3,,5,5,,2050,1795,,1045,734,1531,.479,250,725,.345,332,447,.743,193,900,414,180,49,316,444
125,Iona,23,16,7,.696,7.43,-1.23,,9,3,,8,1,,3,4,,1734,1535,,925,649,1439,.451,148,452,.327,288,397,.725,256,823,340,173,144,242,396
126,Iowa,23,15,8,.652,15.88,7.93,,7,5,,12,2,,2,4,,1874,1691,,930,654,1428,.458,186,529,.352,380,509,.747,270,858,374,148,87,239,333
127,Iowa State,23,16,7,.696,17.59,8.50,,7,4,,12,0,,2,6,,1627,1418,,930,617,1333,.463,155,443,.350,238,356,.669,259,773,348,213,70,296,443
128,IUPUI,26,4,22,.154,-19.51,-5.51,,1,14,,3,8,,0,11,,1669,1969,,1045,628,1399,.449,120,418,.287,293,426,.688,235,819,295,150,66,407,455
129,Jackson State,23,6,17,.261,-11.93,-2.31,,6,5,,5,1,,2,14,,1526,1761,,923,555,1371,.405,144,486,.296,272,407,.668,282,790,286,173,55,366,425
130,Jacksonville,23,12,11,.522,-6.22,-2.42,,5,7,,7,2,,5,9,,1487,1447,,920,557,1206,.462,157,460,.341,216,286,.755,175,775,313,120,58,272,316
131,Jacksonville State,25,10,15,.400,-8.32,-2.36,,3,9,,8,3,,1,11,,1719,1748,,1005,602,1381,.436,219,596,.367,296,434,.682,260,883,316,144,62,328,409
132,James Madison,25,17,8,.680,6.27,-2.50,,8,4,,8,2,,7,5,,2048,1661,,1020,723,1523,.475,201,565,.356,401,572,.701,294,945,337,251,56,339,437
133,Kansas,23,18,5,.783,19.14,11.51,,7,4,,12,1,,4,3,,1738,1563,,930,634,1376,.461,174,489,.356,296,409,.724,239,850,387,200,96,290,390
134,Kansas City,25,10,15,.400,-5.37,-1.50,,6,6,,6,6,,2,8,,1651,1684,,1015,580,1455,.399,147,521,.282,344,481,.715,346,939,248,164,98,345,458
135,Kansas State,24,19,5,.792,17.55,8.67,,7,4,,13,1,,3,4,,1846,1633,,980,638,1399,.456,171,484,.353,399,531,.751,257,864,412,187,67,336,418
136,Kennesaw State,25,18,7,.720,-0.32,-2.36,,10,2,,10,0,,7,6,,1902,1731,,1015,668,1443,.463,211,559,.377,355,537,.661,245,887,370,219,67,322,460
137,Kent State,24,19,5,.792,7.82,-0.91,,9,2,,12,0,,6,5,,1802,1539,,960,647,1453,.445,191,576,.332,317,436,.727,248,845,295,222,90,271,455
138,Kentucky,24,16,8,.667,13.81,6.43,,7,4,,12,3,,3,3,,1802,1625,,970,669,1456,.459,163,445,.366,301,436,.690,319,918,380,161,97,276,369
139,La Salle,24,11,13,.458,-3.26,0.04,,5,6,,6,6,,5,5,,1654,1733,,975,597,1439,.415,173,515,.336,287,410,.700,271,855,293,175,78,313,420
140,Lafayette,25,7,18,.280,-6.75,-3.44,,6,7,,3,6,,4,12,,1516,1616,,1019,548,1366,.401,224,687,.326,196,308,.636,194,778,379,150,77,290,386
141,Lamar,24,7,17,.292,-16.81,-5.48,,3,8,,5,7,,1,9,,1620,1792,,970,590,1381,.427,129,426,.303,311,450,.691,298,888,316,156,80,351,367
142,Lehigh,24,14,10,.583,-8.05,-4.69,,9,4,,8,3,,6,7,,1688,1665,,960,609,1378,.442,178,492,.362,292,398,.734,173,816,309,157,56,296,399
143,Liberty,25,19,6,.760,8.78,-2.04,,10,2,,13,1,,4,4,,1864,1470,,1000,669,1410,.474,276,723,.382,250,342,.731,205,851,435,159,54,266,371
144,Lindenwood,25,9,16,.360,-13.91,-5.14,,4,8,,7,3,,2,11,,1711,1795,,1010,630,1471,.428,189,529,.357,262,358,.732,227,856,302,161,76,332,384
145,Lipscomb,25,15,10,.600,-1.97,-3.79,,7,5,,12,1,,3,9,,1860,1704,,1005,696,1473,.473,195,568,.343,273,373,.732,229,910,347,133,73,318,352
146,Little Rock,25,7,18,.280,-12.59,-5.98,,3,9,,6,4,,1,14,,1867,1979,,1000,665,1518,.438,157,467,.336,380,522,.728,276,882,356,163,50,339,496
147,Long Beach State,24,14,10,.583,0.91,0.63,,8,4,,7,3,,5,6,,1849,1769,,985,709,1575,.450,105,368,.285,326,490,.665,335,1026,357,180,85,332,408
148,Long Island University,23,3,20,.130,-24.74,-4.38,,1,10,,2,7,,1,12,,1533,1842,,920,565,1335,.423,119,347,.343,284,438,.648,220,792,327,151,76,375,392
149,Longwood,26,17,9,.654,-0.65,-6.53,,9,4,,11,2,,6,7,,1922,1697,,1040,683,1487,.459,202,560,.361,354,495,.715,288,915,334,165,57,318,420
150,Louisiana,24,20,4,.833,4.10,-1.42,,10,2,,11,0,,7,4,,1926,1690,,965,695,1408,.494,182,457,.398,354,518,.683,269,884,377,176,80,299,394
151,Louisiana State,24,12,12,.500,4.74,6.94,,1,10,,9,5,,0,6,,1597,1650,,960,558,1350,.413,172,522,.330,309,437,.707,256,827,299,174,70,306,391
152,Louisiana Tech,23,13,10,.565,1.55,0.45,,6,6,,8,3,,4,7,,1716,1577,,935,612,1344,.455,205,579,.354,287,391,.734,234,792,313,186,57,310,406
153,Louisiana-Monroe,25,11,14,.440,-7.09,-0.32,,7,5,,7,5,,4,7,,1737,1730,,1010,617,1448,.426,189,522,.362,314,447,.702,270,872,342,189,90,330,378
154,Louisville,24,3,21,.125,-6.73,5.57,,1,12,,3,11,,0,7,,1515,1810,,960,523,1276,.410,156,472,.331,313,433,.723,223,782,225,117,67,383,393
155,Loyola (IL),23,8,15,.348,-4.68,0.37,,2,9,,6,5,,1,6,,1554,1670,,935,565,1205,.469,168,486,.346,256,372,.688,177,721,317,121,69,361,458
156,Loyola (MD),26,8,18,.308,-13.26,-5.10,,3,10,,5,6,,2,11,,1686,1808,,1040,630,1411,.446,188,543,.346,238,387,.615,238,794,357,206,67,373,409
157,Loyola Marymount,25,16,9,.640,6.40,3.86,,6,5,,11,2,,3,6,,1895,1784,,1010,682,1481,.460,234,640,.366,297,448,.663,258,920,310,136,74,321,484
158,Maine,24,10,14,.417,-6.71,-3.62,,4,7,,6,4,,4,9,,1677,1664,,970,639,1373,.465,173,484,.357,226,303,.746,180,741,347,228,49,292,362
159,Manhattan,22,8,14,.364,-9.82,-4.44,,6,7,,4,7,,3,6,,1499,1565,,905,537,1224,.439,159,461,.345,264,398,.663,190,683,276,172,79,312,364
160,Marist,22,8,14,.364,-9.55,-5.82,,4,9,,4,8,,3,6,,1376,1458,,885,494,1216,.406,163,531,.307,225,320,.703,183,730,235,141,79,263,322
161,Marquette,25,19,6,.760,17.48,7.12,,11,3,,13,1,,5,4,,2022,1763,,1015,753,1512,.498,219,625,.350,297,417,.712,218,789,441,238,89,274,402
162,Marshall,25,19,6,.760,8.46,-2.67,,8,4,,13,2,,6,4,,2037,1744,,1015,786,1690,.465,205,613,.334,260,395,.658,334,1002,448,233,135,293,407
163,Maryland,24,16,8,.667,15.29,7.20,,7,6,,12,1,,2,6,,1695,1501,,960,599,1342,.446,155,514,.302,342,463,.739,243,833,269,136,86,262,387
164,Maryland-Baltimore County,26,16,10,.615,-4.52,-6.12,,6,5,,12,2,,4,8,,1957,1890,,1040,718,1570,.457,223,631,.353,298,404,.738,246,898,386,146,62,270,363
165,Maryland-Eastern Shore,22,14,8,.636,-6.99,-2.88,,6,1,,9,0,,5,8,,1541,1449,,885,572,1305,.438,168,508,.331,229,323,.709,225,703,313,237,38,312,353
166,Massachusetts,24,13,11,.542,0.07,0.49,,4,8,,7,4,,2,6,,1718,1728,,960,612,1453,.421,151,439,.344,343,489,.701,306,909,348,164,91,333,428
167,Massachusetts-Lowell,25,19,6,.760,-0.27,-8.86,,7,4,,13,0,,7,6,,1947,1646,,1005,726,1506,.482,175,475,.368,320,443,.722,317,1010,373,173,127,366,425
168,McNeese State,24,5,19,.208,-12.77,-2.29,,2,9,,3,7,,2,12,,1618,1803,,965,600,1405,.427,198,605,.327,220,353,.623,286,811,277,198,47,358,476
169,Memphis,24,18,6,.750,12.58,4.87,,8,3,,10,1,,5,4,,1944,1759,,975,707,1478,.478,138,416,.332,392,528,.742,262,880,395,217,114,322,454
170,Mercer,26,12,14,.462,-5.48,-3.77,,5,8,,6,6,,4,7,,1814,1763,,1055,682,1504,.453,154,455,.338,296,433,.684,264,895,354,153,54,289,456
171,Merrimack,25,9,16,.360,-13.61,-6.22,,7,4,,5,6,,4,8,,1484,1579,,1000,503,1238,.406,169,557,.303,309,443,.698,159,678,287,266,99,371,350
172,Miami (FL),23,18,5,.783,13.49,4.90,,10,4,,13,0,,5,4,,1801,1617,,925,655,1360,.482,177,492,.360,314,411,.764,238,800,342,171,83,265,339
173,Miami (OH),24,8,16,.333,-8.04,-1.23,,2,9,,7,8,,1,7,,1786,1811,,960,626,1388,.451,195,579,.337,339,436,.778,231,778,329,152,68,334,429
174,Michigan,24,14,10,.583,11.74,7.20,,8,5,,10,3,,2,4,,1780,1671,,970,643,1424,.452,189,536,.353,305,439,.695,211,867,314,117,106,234,365
175,Michigan State,24,15,9,.625,13.29,10.74,,7,6,,10,2,,3,5,,1635,1574,,970,606,1374,.441,166,445,.373,257,347,.741,216,878,352,117,73,267,402
176,Middle Tennessee,24,15,9,.625,3.12,0.71,,8,5,,9,2,,3,7,,1703,1600,,970,636,1372,.464,165,494,.334,266,395,.673,258,804,269,191,119,333,440
177,Milwaukee,23,16,7,.696,-3.69,-4.21,,10,4,,10,3,,6,5,,1792,1621,,930,633,1377,.460,187,521,.359,339,460,.737,267,899,319,170,135,351,417
178,Minnesota,22,7,15,.318,-1.21,6.97,,1,11,,5,8,,1,6,,1344,1524,,890,494,1192,.414,132,440,.300,224,368,.609,200,748,298,108,87,284,317
179,Mississippi,24,10,14,.417,6.41,6.95,,2,9,,6,7,,2,6,,1625,1638,,965,600,1412,.425,143,482,.297,282,405,.696,293,877,313,162,111,298,395
180,Mississippi State,24,16,8,.667,12.38,5.42,,4,7,,10,3,,2,4,,1571,1404,,965,575,1369,.420,137,491,.279,284,455,.624,309,904,349,229,88,300,347
181,Mississippi Valley State,24,3,21,.125,-18.45,-2.09,,2,9,,2,3,,1,17,,1414,1812,,960,494,1262,.391,107,322,.332,319,483,.660,243,753,218,188,54,383,427
182,Missouri,24,18,6,.750,12.14,4.97,,6,5,,14,2,,2,4,,1967,1795,,965,698,1453,.480,225,627,.359,346,457,.757,227,751,409,255,70,279,445
183,Missouri State,25,13,12,.520,1.03,0.36,,9,6,,9,3,,3,7,,1637,1586,,1015,602,1380,.436,197,592,.333,236,380,.621,277,868,286,165,104,316,391
184,Monmouth,25,5,20,.200,-15.70,0.02,,4,8,,2,8,,3,12,,1476,1869,,1000,547,1386,.395,98,368,.266,284,446,.637,276,813,275,211,69,375,482
185,Montana,24,12,12,.500,-1.27,-1.18,,6,6,,8,4,,3,8,,1640,1630,,965,580,1278,.454,186,516,.360,294,379,.776,179,745,295,109,58,267,441
186,Montana State,25,17,8,.680,2.65,-1.22,,10,2,,9,1,,8,4,,1871,1655,,1000,652,1370,.476,166,494,.336,401,536,.748,212,846,331,165,76,295,454
187,Morehead State,25,16,9,.640,-8.20,-4.15,,9,3,,11,2,,5,7,,1770,1686,,1005,608,1375,.442,180,521,.345,374,509,.735,247,899,348,149,89,324,398
188,Morgan State,23,12,11,.522,-9.10,-4.31,,4,3,,8,1,,2,9,,1779,1641,,935,666,1452,.459,168,442,.380,279,409,.682,291,826,371,233,114,364,490
189,Mount St. Mary's,24,8,16,.333,-8.47,-3.86,,4,9,,3,7,,5,9,,1493,1577,,960,551,1324,.416,163,457,.357,228,307,.743,237,806,311,142,65,340,390
190,Murray State,25,13,12,.520,-3.39,-0.39,,8,7,,9,2,,2,9,,1770,1805,,1010,634,1429,.444,148,468,.316,354,482,.734,245,893,298,131,72,276,378
191,Navy,25,14,11,.560,-3.32,-5.37,,7,6,,7,4,,7,7,,1761,1673,,1010,667,1436,.464,207,537,.385,220,318,.692,245,859,375,166,64,303,396
192,NC State,25,19,6,.760,13.12,4.00,,9,5,,13,1,,3,4,,1960,1732,,1005,712,1594,.447,209,598,.349,327,453,.722,291,937,335,204,123,246,438
193,Nebraska,25,11,14,.440,6.01,9.37,,4,10,,8,3,,2,9,,1649,1733,,1010,625,1398,.447,160,508,.315,239,382,.626,219,864,333,137,57,320,343
194,Nevada,25,19,6,.760,12.57,6.99,,9,3,,12,0,,5,5,,1840,1662,,1015,611,1365,.448,185,536,.345,433,545,.794,193,847,353,154,78,264,463
195,Nevada-Las Vegas,24,16,8,.667,8.97,4.10,,5,7,,8,5,,4,3,,1827,1643,,970,630,1416,.445,197,552,.357,370,521,.710,247,821,323,228,91,290,400
196,New Hampshire,23,11,12,.478,-8.03,-5.84,,6,5,,7,4,,4,8,,1547,1518,,930,545,1365,.399,195,558,.349,262,382,.686,248,859,280,120,55,231,348
197,New Mexico,24,19,5,.792,13.34,4.56,,6,5,,14,2,,4,3,,1962,1721,,975,701,1432,.490,135,390,.346,425,578,.735,239,924,340,169,98,289,399
198,New Mexico State,24,9,15,.375,-0.91,3.09,,2,10,,6,4,,1,9,,1769,1720,,960,631,1426,.442,181,534,.339,326,479,.681,246,852,291,176,55,305,453
199,New Orleans,22,6,16,.273,-15.70,-5.00,,3,8,,5,8,,1,8,,1564,1768,,886,559,1222,.457,145,372,.390,301,441,.683,200,688,328,141,46,389,420
200,Niagara,22,13,9,.591,-5.86,-4.43,,8,5,,7,2,,4,7,,1425,1417,,885,517,1150,.450,146,406,.360,245,342,.716,170,667,246,114,59,253,350
201,Nicholls State,22,11,11,.500,-7.79,-1.63,,7,4,,7,0,,4,10,,1658,1604,,880,626,1373,.456,171,497,.344,235,376,.625,252,762,312,196,65,294,467
202,NJIT,23,6,17,.261,-11.87,-4.92,,3,7,,4,6,,2,11,,1535,1660,,935,562,1322,.425,152,448,.339,259,400,.648,208,798,282,126,70,266,368
203,Norfolk State,23,16,7,.696,-3.30,-3.98,,5,2,,8,1,,4,6,,1755,1589,,922,627,1308,.479,171,488,.350,330,443,.745,246,814,324,152,82,287,402
204,North Alabama,25,14,11,.560,-9.32,-4.19,,6,6,,7,2,,6,9,,1881,1859,,1010,690,1470,.469,188,499,.377,313,458,.683,221,862,301,150,79,282,422
205,North Carolina,24,15,9,.625,13.45,7.75,,7,6,,10,1,,2,6,,1870,1733,,985,645,1462,.441,158,518,.305,422,572,.738,266,955,296,140,93,264,409
206,North Carolina A&T,26,12,14,.462,-8.84,-1.71,,7,6,,7,4,,4,7,,1854,1900,,1045,662,1543,.429,216,646,.334,314,462,.680,222,899,310,195,71,317,443
207,North Carolina Central,21,10,11,.476,-4.04,-2.75,,3,4,,9,1,,1,10,,1597,1411,,850,581,1219,.477,155,428,.362,280,397,.705,222,732,309,167,60,313,392
208,North Dakota,25,8,17,.320,-9.35,-2.09,,2,10,,5,7,,3,10,,1752,1837,,1005,634,1462,.434,229,655,.350,255,378,.675,230,825,295,113,67,296,397
209,North Dakota State,24,9,15,.375,-5.67,-1.04,,6,6,,5,4,,4,9,,1746,1782,,960,633,1388,.456,190,563,.337,290,427,.679,206,849,273,98,70,280,370
210,North Florida,24,10,14,.417,-8.67,-1.63,,5,7,,8,1,,2,13,,1790,1865,,970,627,1415,.443,234,689,.340,302,426,.709,219,826,313,118,97,299,345
211,North Texas,24,19,5,.792,7.51,1.33,,10,3,,8,2,,7,2,,1495,1323,,960,519,1239,.419,177,514,.344,280,394,.711,275,806,264,157,66,280,399
212,Northeastern,23,8,15,.348,-8.45,-3.76,,4,8,,4,6,,3,8,,1517,1625,,925,551,1306,.422,174,504,.345,241,360,.669,245,838,300,116,95,332,379
213,Northern Arizona,24,6,18,.250,-6.26,0.95,,2,10,,5,6,,1,12,,1717,1791,,975,612,1451,.422,194,552,.351,299,408,.733,249,841,342,131,40,273,451
214,Northern Colorado,23,7,16,.304,-5.42,0.67,,3,9,,3,6,,3,10,,1624,1799,,930,563,1317,.427,195,553,.353,303,408,.743,191,743,269,117,34,288,420
215,Northern Illinois,24,10,14,.417,-7.16,-1.75,,6,5,,3,5,,6,8,,1712,1811,,960,614,1352,.454,177,516,.343,307,456,.673,211,785,281,160,65,346,463
216,Northern Iowa,25,12,13,.480,-1.43,-1.31,,8,7,,8,5,,3,6,,1760,1707,,1010,637,1396,.456,186,543,.343,300,436,.688,196,840,286,163,33,312,376
217,Northern Kentucky,25,15,10,.600,-2.21,-2.78,,10,4,,12,3,,3,4,,1679,1586,,1025,611,1438,.425,188,571,.329,269,399,.674,285,818,342,244,60,296,383
218,Northwestern,23,16,7,.696,12.57,6.26,,7,5,,10,4,,5,2,,1572,1427,,920,543,1334,.407,172,544,.316,314,421,.746,244,824,308,183,105,236,368
219,Northwestern State,24,16,8,.667,-2.91,-4.82,,8,3,,7,2,,8,6,,1785,1730,,970,648,1505,.431,226,605,.374,263,377,.698,306,821,316,202,51,289,452
220,Notre Dame,24,10,14,.417,1.35,2.89,,2,11,,10,6,,0,6,,1688,1725,,965,615,1375,.447,216,590,.366,242,319,.759,163,745,294,113,65,212,322
221,Oakland,25,10,15,.400,-6.97,-1.06,,8,6,,6,4,,4,8,,1834,1911,,1020,646,1481,.436,191,597,.320,351,460,.763,212,778,305,186,70,278,350
222,Ohio,24,13,11,.542,-0.43,-2.09,,5,6,,10,1,,3,9,,1874,1767,,965,687,1489,.461,206,567,.363,294,408,.721,287,913,314,147,54,278,429
223,Ohio State,23,11,12,.478,14.91,7.35,,3,9,,8,3,,1,7,,1738,1564,,930,647,1402,.461,159,423,.376,285,392,.727,272,888,275,120,87,250,373
224,Oklahoma,24,12,12,.500,11.55,10.51,,2,9,,7,5,,1,6,,1632,1607,,965,604,1278,.473,161,456,.353,263,364,.723,166,778,320,129,76,314,385
225,Oklahoma State,24,15,9,.625,14.97,9.22,,6,5,,11,2,,2,5,,1666,1528,,965,598,1359,.440,166,515,.322,304,431,.705,258,888,315,147,127,341,411
226,Old Dominion,24,14,10,.583,0.13,-0.74,,6,6,,10,4,,3,4,,1623,1589,,965,579,1360,.426,127,397,.320,338,500,.676,289,911,251,154,96,267,397
227,Omaha,25,7,18,.280,-9.27,0.27,,3,10,,4,6,,1,12,,1722,1919,,1000,635,1396,.455,138,404,.342,314,408,.770,205,797,310,142,78,330,449
228,Oral Roberts,25,21,4,.840,11.78,-1.46,,12,0,,14,0,,7,4,,2131,1749,,1000,778,1609,.484,281,738,.381,294,388,.758,228,940,381,170,143,252,337
229,Oregon,24,14,10,.583,13.25,9.67,,8,5,,10,4,,3,4,,1698,1612,,960,607,1351,.449,171,548,.312,313,451,.694,262,885,318,146,125,311,361
230,Oregon State,24,9,15,.375,0.19,5.84,,3,10,,8,4,,1,8,,1489,1602,,960,516,1223,.422,153,456,.336,304,416,.731,175,740,259,133,81,329,427
231,Pacific,25,12,13,.480,-0.65,0.96,,5,5,,5,9,,7,4,,1894,1913,,1010,658,1476,.446,221,572,.386,357,499,.715,217,808,307,143,67,300,474
232,Penn State,24,14,10,.583,11.57,6.90,,5,8,,11,3,,1,6,,1742,1630,,975,646,1400,.461,259,674,.384,191,253,.755,138,781,352,119,53,209,376
233,Pennsylvania,24,13,11,.542,0.05,-1.30,,5,4,,8,4,,5,7,,1785,1722,,975,642,1395,.460,201,562,.358,300,409,.733,245,899,372,127,75,304,434
234,Pepperdine,25,8,17,.320,-0.27,4.29,,1,10,,7,6,,0,10,,1937,2005,,1020,720,1570,.459,202,566,.357,295,418,.706,236,916,374,143,104,355,439
235,Pittsburgh,24,17,7,.708,10.81,3.77,,10,3,,11,3,,6,2,,1790,1621,,960,624,1385,.451,225,624,.361,317,417,.760,244,893,344,126,109,290,382
236,Portland,26,12,14,.462,1.64,3.64,,4,7,,9,5,,2,8,,2008,2008,,1050,661,1445,.457,239,643,.372,447,613,.729,215,860,403,133,60,347,461
237,Portland State,24,10,14,.417,-4.44,0.43,,4,7,,5,5,,4,7,,1828,1779,,960,640,1447,.442,185,545,.339,363,493,.736,241,772,335,185,71,296,537
238,Prairie View,23,8,15,.348,-8.10,-5.10,,5,7,,6,4,,3,11,,1545,1600,,940,554,1388,.399,116,431,.269,321,465,.690,283,824,230,184,79,325,453
239,Presbyterian,26,5,21,.192,-12.89,-4.55,,1,12,,5,6,,0,13,,1644,1790,,1054,584,1401,.417,151,508,.297,325,515,.631,283,864,280,149,80,336,491
240,Princeton,22,16,6,.727,3.45,-3.76,,7,2,,8,2,,6,3,,1681,1485,,885,608,1284,.474,185,533,.347,280,400,.700,218,867,307,113,76,289,344
241,Providence,24,18,6,.750,13.89,4.10,,10,3,,13,0,,5,4,,1882,1647,,975,665,1420,.468,152,439,.346,400,540,.741,296,951,358,165,115,301,363
242,Purdue,24,22,2,.917,19.70,6.74,,11,2,,11,1,,7,1,,1777,1466,,965,621,1341,.463,175,516,.339,360,480,.750,296,944,371,114,95,263,321
243,Purdue-Fort Wayne,25,15,10,.600,-3.94,-4.37,,7,7,,8,3,,6,6,,1861,1706,,1006,655,1497,.438,247,704,.351,304,434,.700,267,921,330,179,63,333,361
244,Queens (NC),25,16,9,.640,-4.17,-5.72,,6,6,,8,2,,6,7,,1991,1859,,1000,686,1509,.455,242,679,.356,377,527,.715,295,968,366,160,61,319,388
245,Quinnipiac,24,17,7,.708,1.05,-4.30,,8,5,,8,3,,7,3,,1742,1601,,960,615,1416,.434,192,544,.353,320,489,.654,285,926,318,153,62,307,381
246,Radford,25,16,9,.640,-1.00,-4.08,,10,2,,9,1,,6,8,,1766,1599,,1000,651,1391,.468,167,459,.364,297,439,.677,245,830,306,183,79,304,418
247,Rhode Island,23,8,15,.348,-1.81,1.24,,4,7,,7,5,,0,8,,1540,1610,,930,528,1314,.402,123,405,.304,361,492,.734,278,877,270,140,91,332,411
248,Rice,23,15,8,.652,-0.06,0.14,,6,6,,10,4,,5,4,,1802,1686,,940,638,1330,.480,199,553,.360,327,447,.732,198,831,372,141,54,311,349
249,Richmond,25,12,13,.480,2.14,0.50,,5,7,,10,3,,1,8,,1743,1702,,1020,598,1365,.438,209,612,.342,338,456,.741,179,832,308,143,60,292,374
250,Rider,22,13,9,.591,-2.04,-4.14,,10,3,,6,2,,7,5,,1541,1460,,885,573,1274,.450,108,327,.330,287,377,.761,252,818,255,114,47,260,393
251,Robert Morris,25,11,14,.440,-6.53,-3.96,,6,8,,7,4,,4,7,,1715,1684,,1000,639,1442,.443,185,534,.346,252,356,.708,244,860,352,160,86,332,393
252,Rutgers,24,16,8,.667,18.35,6.56,,8,5,,14,2,,2,5,,1692,1409,,965,620,1420,.437,140,435,.322,312,428,.729,284,914,375,224,94,286,383
253,Sacramento State,24,12,12,.500,-2.88,-0.83,,5,6,,8,3,,4,6,,1618,1627,,985,595,1331,.447,172,483,.356,256,371,.690,275,869,335,115,69,322,366
254,Sacred Heart,26,13,13,.500,-12.17,-10.17,,6,5,,7,4,,6,9,,1848,1857,,1040,687,1579,.435,186,599,.311,288,426,.676,269,927,362,213,83,343,396
255,Saint Francis (PA),23,8,15,.348,-13.09,-6.99,,5,5,,7,3,,1,12,,1679,1710,,920,611,1339,.456,181,479,.378,276,391,.706,212,783,318,115,44,300,389
256,Saint Joseph's,24,12,12,.500,-0.06,-0.65,,6,6,,8,5,,4,4,,1735,1721,,970,606,1420,.427,213,636,.335,310,466,.665,262,849,297,161,74,311,431
257,Saint Louis,24,16,8,.667,5.82,2.60,,8,3,,11,3,,4,4,,1818,1701,,960,662,1433,.462,171,488,.350,323,443,.729,246,942,392,116,97,292,406
258,Saint Mary's (CA),25,21,4,.840,20.03,6.45,,10,0,,14,2,,4,0,,1789,1443,,1010,652,1416,.460,195,527,.370,290,421,.689,275,917,313,186,88,269,413
259,Saint Peter's,22,9,13,.409,-9.90,-4.71,,4,9,,6,4,,3,9,,1365,1427,,885,496,1281,.387,132,456,.289,241,341,.707,304,792,240,139,66,278,493
260,Sam Houston State,23,17,6,.739,7.44,1.18,,7,4,,8,1,,7,5,,1739,1363,,925,645,1370,.471,203,516,.393,246,366,.672,284,848,327,207,52,308,412
261,Samford,26,17,9,.654,0.13,-4.19,,11,2,,11,2,,6,7,,2028,1840,,1060,676,1500,.451,222,657,.338,454,600,.757,278,948,302,196,68,338,488
262,San Diego,25,11,14,.440,-1.31,2.21,,4,7,,8,7,,3,5,,1954,1984,,1010,685,1513,.453,195,545,.358,389,508,.766,262,838,331,173,50,293,434
263,San Diego State,24,19,5,.792,15.91,8.39,,10,2,,12,1,,6,1,,1784,1573,,970,626,1376,.455,177,499,.355,355,485,.732,244,852,326,176,73,285,405
264,San Francisco,26,15,11,.577,6.44,2.80,,4,7,,9,5,,4,4,,1947,1839,,1040,670,1500,.447,259,728,.356,348,465,.748,241,904,339,180,68,370,469
265,San Jose State,24,14,10,.583,4.29,3.33,,5,6,,9,2,,3,7,,1635,1591,,965,604,1338,.451,182,535,.340,245,364,.673,270,894,311,92,90,293,361
266,Santa Clara,25,17,8,.680,8.46,5.96,,5,5,,11,4,,3,3,,1888,1815,,1005,676,1526,.443,201,566,.355,335,462,.725,284,971,334,152,90,325,388
267,Seattle,25,17,8,.680,1.80,0.11,,8,4,,10,1,,6,5,,1839,1713,,1005,637,1549,.411,230,715,.322,335,472,.710,284,937,325,152,79,305,460
268,Seton Hall,25,15,10,.600,11.88,8.17,,8,6,,9,4,,5,4,,1728,1612,,1000,596,1356,.440,146,453,.322,390,578,.675,274,898,305,212,113,352,444
269,Siena,24,15,9,.625,-0.86,-4.03,,9,4,,7,3,,6,5,,1658,1582,,970,582,1313,.443,155,430,.360,339,453,.748,233,828,299,127,110,318,421
270,South Alabama,24,11,13,.458,0.28,0.15,,5,7,,6,4,,3,8,,1682,1612,,965,652,1422,.459,177,545,.325,201,294,.684,173,787,275,142,98,253,348
271,South Carolina,24,8,16,.333,-4.23,4.85,,1,10,,6,6,,2,6,,1538,1756,,975,560,1404,.399,186,573,.325,232,365,.636,298,830,261,123,65,319,390
272,South Carolina State,23,3,20,.130,-17.29,-2.56,,0,7,,2,3,,1,17,,1703,1974,,930,629,1491,.422,153,477,.321,292,433,.674,318,812,313,168,71,341,486
273,South Carolina Upstate,24,11,13,.458,-8.60,-3.69,,6,7,,9,2,,2,11,,1646,1672,,965,604,1296,.466,156,449,.347,282,433,.651,200,750,285,178,109,343,483
274,South Dakota,25,11,14,.440,-10.37,-2.59,,6,7,,7,5,,2,8,,1722,1844,,1000,602,1405,.428,216,558,.387,302,393,.768,218,849,303,111,35,306,424
275,South Dakota State,25,14,11,.560,-1.82,-0.15,,9,4,,8,1,,4,9,,1747,1758,,1010,624,1394,.448,192,553,.347,307,388,.791,164,800,270,129,72,310,355
276,South Florida,24,10,14,.417,2.72,1.97,,3,8,,7,8,,2,5,,1744,1726,,965,639,1430,.447,176,519,.339,290,445,.652,292,890,330,159,68,329,432
277,Southeast Missouri State,25,13,12,.520,-6.35,-4.95,,8,4,,7,3,,5,8,,1922,1879,,1010,667,1519,.439,217,634,.342,371,529,.701,228,855,365,176,88,335,520
278,Southeastern Louisiana,24,14,10,.583,-7.21,-4.45,,8,3,,9,3,,4,6,,1867,1837,,975,654,1454,.450,194,534,.363,365,486,.751,251,826,331,177,41,293,414
279,Southern,23,12,11,.522,-6.25,-3.88,,8,3,,7,0,,4,11,,1716,1679,,925,606,1350,.449,195,534,.365,309,429,.720,176,718,357,203,57,345,477
280,Southern California,23,17,6,.739,13.15,7.63,,9,3,,12,1,,3,3,,1662,1535,,925,604,1315,.459,135,415,.325,317,429,.739,221,806,328,170,126,298,396
281,Southern Illinois,26,19,7,.731,2.42,-1.98,,11,4,,12,1,,6,5,,1735,1588,,1045,617,1345,.459,205,645,.318,296,400,.740,174,815,364,201,55,342,434
282,SIU Edwardsville,25,16,9,.640,-4.02,-5.88,,7,5,,8,3,,6,6,,1848,1729,,1000,633,1449,.437,175,534,.328,407,553,.736,281,918,307,180,102,316,432
283,Southern Indiana,25,13,12,.520,-6.84,-6.25,,6,6,,9,3,,3,9,,1917,1825,,1015,666,1521,.438,255,654,.390,330,494,.668,311,985,330,191,60,349,454
284,Southern Methodist,25,9,16,.360,-0.03,4.65,,4,8,,6,7,,1,8,,1735,1852,,1010,623,1492,.418,163,516,.316,326,484,.674,251,885,334,168,90,323,435
285,Southern Mississippi,25,21,4,.840,6.26,-2.20,,10,2,,12,0,,7,4,,1887,1593,,1000,692,1497,.462,172,536,.321,331,466,.710,301,940,378,222,66,289,409
286,Southern Utah,24,16,8,.667,3.69,1.79,,8,3,,10,1,,4,6,,2036,1763,,980,715,1497,.478,197,574,.343,409,576,.710,267,943,326,189,82,327,439
287,St. Bonaventure,25,13,12,.520,0.24,-0.24,,7,5,,10,3,,2,7,,1674,1662,,1005,598,1403,.426,179,507,.353,299,426,.702,243,831,299,168,87,304,458
288,St. Francis (NY),24,12,12,.500,-16.05,-11.10,,5,6,,9,4,,3,8,,1553,1606,,960,550,1357,.405,157,446,.352,296,424,.698,266,802,291,178,106,323,363
289,St. John's (NY),25,14,11,.560,7.48,5.16,,4,10,,10,4,,1,7,,1915,1857,,1005,739,1625,.455,148,441,.336,289,432,.669,318,982,381,214,91,336,407
290,St. Thomas,26,16,10,.615,-3.49,-4.61,,7,6,,10,1,,4,9,,1934,1824,,1040,664,1464,.454,227,633,.359,379,480,.790,212,810,334,157,58,263,444
291,Stanford,23,10,13,.435,8.14,5.83,,4,8,,7,4,,1,5,,1577,1524,,920,564,1281,.440,171,522,.328,278,390,.713,247,803,315,136,84,295,380
292,Stephen F. Austin,24,15,9,.625,2.35,-0.41,,7,4,,10,2,,4,4,,1835,1629,,965,658,1369,.481,156,396,.394,363,499,.727,256,809,371,227,58,375,503
293,Stetson,23,13,10,.565,-2.13,-1.94,,8,4,,7,1,,5,8,,1747,1653,,940,636,1372,.464,240,608,.395,235,315,.746,242,787,331,126,79,251,362
294,Stonehill,26,12,14,.462,-12.00,-6.92,,8,3,,5,4,,6,9,,1762,1842,,1040,609,1364,.446,209,578,.362,335,443,.756,151,786,326,184,72,356,402
295,Stony Brook,25,8,17,.320,-12.86,-3.95,,4,8,,5,6,,3,10,,1569,1712,,1000,538,1309,.411,200,618,.324,293,396,.740,189,832,292,106,59,299,367
296,Syracuse,25,15,10,.600,7.60,3.32,,8,6,,9,5,,5,4,,1865,1758,,1010,691,1469,.470,155,433,.358,328,444,.739,254,884,372,190,135,293,345
297,Tarleton State,23,12,11,.522,-1.12,1.79,,6,5,,10,1,,1,9,,1637,1556,,920,574,1262,.455,105,312,.337,384,572,.671,233,748,282,210,63,282,461
298,TCU,24,17,7,.708,16.50,6.54,,6,5,,11,2,,2,5,,1838,1599,,965,672,1460,.460,123,429,.287,371,518,.716,276,868,389,210,118,292,381
299,Temple,25,14,11,.560,5.58,5.02,,8,4,,7,6,,6,3,,1733,1719,,1020,579,1378,.420,195,606,.322,380,496,.766,249,897,338,124,105,352,429
300,Tennessee,24,19,5,.792,23.29,6.33,,8,3,,11,1,,4,3,,1728,1321,,965,615,1425,.432,182,561,.324,316,433,.730,326,961,403,214,94,303,399
301,Tennessee State,25,14,11,.560,-10.14,-8.85,,6,6,,10,3,,3,7,,1931,1858,,1001,669,1491,.449,221,625,.354,372,530,.702,253,898,340,145,85,315,484
302,Tennessee Tech,25,11,14,.440,-9.68,-4.59,,7,5,,9,4,,2,10,,1810,1820,,1030,649,1490,.436,219,612,.358,293,413,.709,237,877,366,175,55,327,386
303,Tennessee-Martin,25,15,10,.600,-8.16,-6.78,,7,5,,12,1,,3,9,,2025,1863,,1015,719,1580,.455,202,609,.332,385,541,.712,276,992,353,207,86,301,457
304,Texas,23,19,4,.826,19.92,8.96,,8,3,,13,1,,4,3,,1826,1555,,930,667,1390,.480,161,487,.331,331,442,.749,233,806,381,183,92,279,415
305,Texas A&M,24,17,7,.708,13.30,4.93,,9,2,,12,1,,4,3,,1802,1601,,960,602,1346,.447,148,464,.319,450,606,.743,303,901,325,173,60,294,455
306,Texas A&M-Commerce,24,11,13,.458,-10.59,-7.12,,8,4,,7,2,,5,10,,1665,1697,,975,606,1375,.441,205,663,.309,248,361,.687,220,789,343,144,72,307,448
307,Texas A&M-Corpus Christi,24,15,9,.625,-2.84,-6.14,,8,3,,10,1,,4,7,,1935,1765,,965,678,1498,.453,197,542,.363,382,492,.776,294,885,378,223,37,320,467
308,Texas Southern,23,7,16,.304,-10.35,-2.17,,4,7,,5,6,,2,9,,1598,1699,,950,594,1405,.423,103,386,.267,307,477,.644,275,880,266,153,88,345,424
309,Texas State,25,11,14,.440,-3.04,-0.22,,4,8,,3,7,,6,6,,1611,1646,,1000,586,1373,.427,105,352,.298,334,475,.703,266,827,241,165,80,305,460
310,Texas Tech,24,12,12,.500,12.06,6.60,,1,10,,9,4,,1,6,,1775,1644,,970,625,1352,.462,173,512,.338,352,497,.708,250,834,324,189,72,336,373
311,Texas-Rio Grande Valley,24,12,12,.500,-6.51,-0.51,,3,8,,10,3,,2,9,,1878,1870,,965,638,1352,.472,161,455,.354,441,626,.704,250,906,368,118,85,405,469
312,The Citadel,26,9,17,.346,-11.70,-3.78,,4,9,,4,8,,4,8,,1790,1945,,1040,636,1469,.433,198,590,.336,320,421,.760,187,844,319,139,61,317,444
313,Toledo,25,19,6,.760,5.35,-1.82,,9,2,,10,1,,6,3,,2130,1943,,1000,760,1551,.490,212,550,.385,398,531,.750,263,876,380,176,73,260,411
314,Towson,25,17,8,.680,-0.33,-5.25,,9,3,,8,2,,7,4,,1764,1641,,1010,640,1450,.441,177,492,.360,307,432,.711,315,924,349,155,88,295,389
315,Troy,25,14,11,.560,1.06,-0.71,,6,6,,8,3,,5,7,,1816,1646,,1005,648,1467,.442,193,601,.321,327,460,.711,273,854,353,210,68,333,438
316,Tulane,23,16,7,.696,8.54,2.02,,9,3,,10,2,,4,2,,1891,1741,,940,653,1392,.469,175,524,.334,410,513,.799,152,768,365,211,90,258,370
317,Tulsa,23,5,18,.217,-5.38,3.97,,1,11,,4,7,,0,9,,1557,1772,,930,577,1368,.422,181,578,.313,222,340,.653,207,745,279,127,38,303,370
318,UAB,25,17,8,.680,9.18,0.73,,8,5,,13,2,,2,4,,2051,1791,,1020,714,1577,.453,166,480,.346,457,617,.741,353,1042,389,210,110,341,445
319,UC Davis,23,14,9,.609,1.15,-1.38,,7,4,,7,3,,4,6,,1739,1611,,925,603,1303,.463,160,452,.354,373,551,.677,278,854,304,159,64,349,432
320,UC Irvine,23,15,8,.652,5.95,0.18,,8,3,,7,3,,6,5,,1774,1545,,925,660,1387,.476,168,439,.383,286,403,.710,233,860,343,168,60,286,446
321,UC Riverside,24,15,9,.625,-0.07,-0.07,,8,4,,6,3,,6,6,,1722,1646,,975,630,1436,.439,199,552,.361,263,378,.696,270,903,316,116,41,302,442
322,UC San Diego,24,8,16,.333,-7.46,-0.28,,3,9,,3,8,,5,7,,1611,1728,,990,583,1375,.424,171,543,.315,274,380,.721,207,808,282,145,56,296,380
323,UC Santa Barbara,22,18,4,.818,3.52,-3.88,,9,2,,9,1,,7,3,,1550,1373,,885,570,1170,.487,121,359,.337,289,411,.703,203,750,304,152,59,277,350
324,UCLA,23,19,4,.826,22.45,8.06,,10,2,,13,0,,5,2,,1717,1386,,920,662,1425,.465,146,408,.358,247,345,.716,280,826,344,204,92,241,355
325,UNC Asheville,26,19,7,.731,-2.69,-4.97,,11,2,,11,0,,7,6,,1963,1814,,1060,681,1434,.475,212,546,.388,389,567,.686,223,905,339,174,107,375,434
326,UNC Greensboro,26,17,9,.654,2.25,-2.21,,11,2,,9,3,,7,4,,1846,1634,,1046,655,1476,.444,197,571,.345,339,477,.711,260,946,380,192,65,313,436
327,UNC Wilmington,26,19,7,.731,-1.31,-3.27,,9,4,,9,2,,7,5,,1795,1652,,1040,621,1395,.445,162,490,.331,391,541,.723,262,875,286,175,75,307,473
328,UT Arlington,23,8,15,.348,-4.97,2.23,,3,8,,5,7,,2,6,,1527,1532,,920,547,1336,.409,136,433,.314,297,455,.653,315,852,297,147,71,307,433
329,Utah,25,16,9,.640,13.22,3.30,,9,5,,12,3,,4,4,,1761,1544,,1005,633,1434,.441,182,526,.346,313,437,.716,275,982,373,138,108,299,379
330,Utah State,25,19,6,.760,13.55,6.22,,8,4,,11,2,,4,3,,1990,1776,,1005,681,1411,.483,251,607,.414,377,499,.756,217,884,430,121,91,302,414
331,Utah Tech,25,11,14,.440,-1.04,1.51,,3,9,,8,3,,2,11,,1887,1833,,1000,629,1383,.455,220,569,.387,409,594,.689,253,862,328,176,54,382,486
332,Utah Valley,25,19,6,.760,6.36,0.96,,10,2,,10,1,,8,4,,1907,1689,,1015,683,1493,.457,166,505,.329,375,513,.731,261,1000,393,171,160,329,445
333,UTEP,23,11,12,.478,-0.52,1.29,,4,8,,10,3,,1,9,,1576,1537,,950,576,1282,.449,109,397,.275,315,513,.614,259,825,280,208,60,357,417
334,UTSA,25,7,18,.280,-9.09,0.65,,1,13,,7,8,,0,10,,1679,1869,,1011,562,1417,.397,189,571,.331,366,494,.741,268,884,264,89,57,340,443
335,Valparaiso,26,10,16,.385,-7.92,-2.08,,4,11,,7,5,,2,10,,1798,1908,,1065,661,1512,.437,167,555,.301,309,429,.720,204,887,344,160,60,326,436
336,Vanderbilt,24,12,12,.500,7.13,8.26,,5,6,,9,5,,2,5,,1693,1720,,970,597,1428,.418,194,598,.324,305,425,.718,282,876,282,121,109,273,396
337,Vermont,24,14,10,.583,-0.07,-1.64,,8,2,,6,1,,7,6,,1690,1616,,972,616,1347,.457,198,581,.341,260,376,.691,167,762,318,143,60,239,370
338,Villanova,24,11,13,.458,9.18,7.39,,5,8,,7,3,,3,7,,1685,1642,,965,571,1297,.440,210,630,.333,333,403,.826,175,760,269,132,37,257,386
339,Virginia,22,18,4,.818,15.95,6.31,,10,3,,11,1,,5,3,,1540,1328,,880,532,1165,.457,168,442,.380,308,426,.723,182,714,359,147,97,201,311
340,Virginia Commonwealth,25,18,7,.720,8.16,1.36,,9,3,,12,3,,5,3,,1751,1581,,1000,603,1326,.455,149,447,.333,396,563,.703,231,817,309,232,106,358,399
341,VMI,26,6,20,.231,-14.94,-3.03,,1,12,,5,6,,1,12,,1811,1954,,1045,659,1544,.427,248,688,.360,245,322,.761,285,938,300,139,31,356,405
342,Virginia Tech,24,14,10,.583,11.25,5.38,,4,9,,11,3,,0,7,,1775,1634,,965,660,1402,.471,192,545,.352,263,358,.735,203,824,368,125,83,245,374
343,Wagner,21,12,9,.571,-10.86,-9.66,,5,5,,6,3,,6,6,,1364,1324,,845,506,1232,.411,147,453,.325,205,299,.686,266,755,273,145,34,253,430
344,Wake Forest,25,16,9,.640,10.05,5.29,,8,6,,11,2,,4,5,,1949,1830,,1010,672,1447,.464,229,620,.369,376,503,.748,207,869,322,155,65,290,406
345,Washington,25,13,12,.520,7.00,8.16,,5,9,,10,5,,1,7,,1743,1772,,1015,620,1431,.433,170,530,.321,333,444,.750,223,851,291,176,139,360,417
346,Washington State,25,10,15,.400,10.92,9.36,,5,9,,7,3,,2,8,,1684,1645,,1005,592,1408,.420,215,600,.358,285,398,.716,279,871,290,119,71,321,403
347,Weber State,23,12,11,.522,-4.41,-0.86,,7,4,,6,2,,5,8,,1539,1543,,930,530,1183,.448,159,459,.346,320,407,.786,144,713,252,135,32,309,414
348,West Virginia,24,15,9,.625,17.60,9.27,,4,7,,11,3,,2,5,,1860,1660,,965,629,1370,.459,174,492,.354,428,589,.727,262,821,322,153,77,301,460
349,Western Carolina,26,14,12,.538,-6.19,-4.41,,7,6,,7,5,,5,7,,1973,1836,,1060,676,1568,.431,235,691,.340,386,539,.716,269,971,338,156,71,284,449
350,Western Illinois,24,15,9,.625,-6.67,-4.53,,8,5,,11,2,,4,7,,1775,1723,,965,631,1380,.457,166,517,.321,347,491,.707,223,845,329,140,91,274,340
351,Western Kentucky,24,13,11,.542,-0.60,-0.41,,5,8,,7,4,,4,6,,1755,1675,,965,621,1401,.443,193,520,.371,320,443,.722,212,838,324,148,134,265,370
352,Western Michigan,24,6,18,.250,-9.19,-1.33,,2,9,,5,5,,1,12,,1711,1775,,960,622,1415,.440,191,565,.338,276,382,.723,304,910,316,111,50,310,412
353,Wichita State,24,12,12,.500,5.09,3.09,,5,7,,6,7,,5,3,,1649,1601,,970,595,1380,.431,153,524,.292,306,427,.717,239,872,284,142,99,289,353
354,William & Mary,25,9,16,.360,-9.87,-1.87,,4,8,,8,5,,1,11,,1707,1781,,1000,616,1392,.443,183,492,.372,292,440,.664,268,855,308,147,54,312,415
355,Winthrop,26,11,15,.423,-6.60,-2.56,,6,7,,8,3,,2,11,,1881,1909,,1040,630,1351,.466,228,616,.370,393,531,.740,215,811,310,146,86,381,440
356,Wisconsin,23,14,9,.609,10.63,8.76,,6,7,,7,4,,4,4,,1497,1454,,940,545,1294,.421,196,536,.366,211,325,.649,163,703,277,152,35,204,361
357,Wofford,26,13,13,.500,-4.72,-2.68,,5,8,,10,4,,3,9,,1937,1859,,1050,711,1507,.472,196,591,.332,319,430,.742,238,866,331,149,51,289,355
358,Wright State,26,15,11,.577,-1.29,-5.63,,8,7,,7,6,,6,4,,2114,1915,,1070,832,1663,.500,148,427,.347,302,411,.735,254,978,391,167,71,340,407
359,Wyoming,23,7,16,.304,1.44,4.94,,2,9,,6,6,,0,5,,1610,1654,,925,565,1256,.450,199,572,.348,281,406,.692,183,753,262,106,54,275,340
360,Xavier,24,19,5,.792,16.64,8.81,,11,2,,13,1,,5,2,,2012,1824,,965,745,1485,.502,182,450,.404,340,471,.722,247,904,504,169,89,306,388
361,Yale,22,16,6,.727,7.39,-2.41,,6,3,,8,1,,6,5,,1650,1342,,885,623,1303,.478,167,473,.353,237,349,.679,233,848,330,138,91,252,368
362,Youngstown State,25,19,6,.760,2.59,-5.76,,11,3,,11,2,,7,4,,2089,1817,,1025,761,1543,.493,212,546,.388,355,454,.782,266,893,397,188,70,292,392
