School,G,W,L,W-L%,SRS,SOS,W.1,L.1,W.2,L.2,W.3,L.3,Tm.,Opp.,MP,FG,FGA,FG%,3P,3PA,3P%,FT,FTA,FT%,ORB,TRB,AST,STL,BLK,TOV,PF,G,W,L,W-L%,SRS,SOS,W.1,L.1,W.2,L.2,W.3,L.3,Tm.,Opp.,Pace,ORtg,FTr,3PAr,TS%,TRB%,AST%,STL%,BLK%,eFG%,TOV%,ORB%,FT/FGA
Abilene Christian,15,9,6,0.6,-5.09,-2.36,1.0,1.0,7,0,2,3,1155,973,600,424,891,0.476,120,324,0.37,187,276,0.678,164,512,247,142,46,219,291,15,9,6,0.6,-5.09,-2.36,1.0,1.0,7,0,2,3,1155,973,71.7,107.4,0.31,0.364,0.565,52.2,58.3,13.2,9.1,0.543,17.6,31.7,0.21
Air Force,15,9,6,0.6,1.54,-4.46,0.0,2.0,8,3,1,3,1035,945,605,355,751,0.473,128,350,0.366,197,280,0.704,101,460,238,102,70,189,255,15,9,6,0.6,1.54,-4.46,0.0,2.0,8,3,1,3,1035,945,64.4,106.3,0.373,0.466,0.585,48.7,67.0,10.5,13.2,0.558,17.6,23.1,0.262
Akron,13,8,5,0.615,2.28,0.92,0.0,0.0,7,0,0,2,902,814,525,312,749,0.417,115,336,0.342,163,243,0.671,144,490,173,91,31,155,184,13,8,5,0.615,2.28,0.92,0.0,0.0,7,0,0,2,902,814,66.8,103.0,0.324,0.449,0.522,52.9,55.4,10.4,6.2,0.493,15.2,30.8,0.218
Alabama,13,11,2,0.846,19.72,8.18,1.0,0.0,6,0,3,0,1082,932,540,358,814,0.44,131,382,0.343,235,330,0.712,186,612,202,75,74,222,253,13,11,2,0.846,19.72,8.18,1.0,0.0,6,0,3,0,1082,932,74.4,107.8,0.405,0.469,0.557,56.3,56.4,7.5,12.3,0.52,18.6,36.3,0.289
Alabama A&M,13,4,9,0.308,-9.76,1.54,0.0,0.0,4,4,0,4,934,998,526,346,785,0.441,104,257,0.405,138,201,0.687,129,414,182,116,46,192,248,13,4,9,0.308,-9.76,1.54,0.0,0.0,4,4,0,4,934,998,71.5,99.4,0.256,0.327,0.53,44.8,52.6,12.3,11.0,0.507,17.9,28.0,0.176
Alabama State,13,2,11,0.154,-17.2,2.47,0.0,0.0,1,0,0,11,822,1046,520,295,829,0.356,80,240,0.333,152,221,0.688,170,484,135,69,38,162,244,13,2,11,0.154,-17.2,2.47,0.0,0.0,1,0,0,11,822,1046,71.2,88.8,0.267,0.29,0.44,47.7,45.8,7.5,7.6,0.404,14.8,30.6,0.183
Albany (NY),16,5,11,0.313,-14.46,-2.25,0.0,1.0,2,2,2,8,1049,1181,640,365,907,0.402,120,373,0.322,199,294,0.677,177,540,187,98,35,222,318,16,5,11,0.313,-14.46,-2.25,0.0,1.0,2,2,2,8,1049,1181,68.3,95.9,0.324,0.411,0.501,49.2,51.2,9.0,5.7,0.469,17.5,30.1,0.219
Alcorn State,12,3,9,0.25,-10.05,4.79,0.0,0.0,0,0,2,8,721,899,491,261,718,0.364,52,203,0.256,147,219,0.671,162,411,103,94,26,163,261,12,3,9,0.25,-10.05,4.79,0.0,0.0,0,0,2,8,721,899,67.0,87.6,0.305,0.283,0.439,47.2,39.5,11.4,7.0,0.4,16.5,33.7,0.205
American,12,9,3,0.75,-1.83,-7.08,1.0,0.0,3,1,6,2,810,747,480,297,597,0.497,88,239,0.368,128,180,0.711,92,375,171,93,39,171,176,12,9,3,0.75,-1.83,-7.08,1.0,0.0,3,1,6,2,810,747,63.5,106.3,0.302,0.4,0.593,52.0,57.6,12.2,9.9,0.571,20.0,27.7,0.214
Appalachian State,15,7,8,0.467,-3.83,0.08,0.0,2.0,5,3,2,4,1129,980,605,410,891,0.46,124,362,0.343,185,262,0.706,127,543,208,112,67,179,221,15,7,8,0.467,-3.83,0.08,0.0,2.0,5,3,2,4,1129,980,70.4,106.0,0.294,0.406,0.556,50.3,50.7,10.5,12.5,0.53,15.0,24.5,0.208
Arizona,14,13,1,0.929,22.26,6.33,2.0,1.0,8,0,1,1,1242,1019,560,434,831,0.522,111,307,0.362,263,354,0.743,144,586,286,84,55,201,245,14,13,1,0.929,22.26,6.33,2.0,1.0,8,0,1,1,1242,1019,75.7,117.2,0.426,0.369,0.622,57.0,65.9,7.9,9.6,0.589,16.7,32.6,0.316
Arizona State,14,11,3,0.786,11.37,4.01,2.0,1.0,6,1,2,2,1005,902,565,350,838,0.418,101,331,0.305,204,300,0.68,166,562,205,99,73,172,269,14,11,3,0.786,11.37,4.01,2.0,1.0,6,1,2,2,1005,902,69.9,101.8,0.358,0.395,0.512,50.8,58.6,10.0,14.2,0.478,14.9,31.0,0.243
Arkansas,13,11,2,0.846,19.2,3.27,0.0,1.0,8,0,0,1,1010,803,525,370,763,0.485,63,210,0.3,207,289,0.716,121,463,181,136,63,163,223,13,11,2,0.846,19.2,3.27,0.0,1.0,8,0,0,1,1010,803,72.0,106.8,0.379,0.275,0.561,53.1,48.9,14.4,13.2,0.526,15.3,28.3,0.271
Arkansas State,15,9,6,0.6,-10.03,-7.61,1.0,1.0,8,2,1,4,1028,977,600,383,828,0.463,89,262,0.34,173,265,0.653,158,521,227,115,55,186,249,15,9,6,0.6,-10.03,-7.61,1.0,1.0,8,2,1,4,1028,977,65.5,104.7,0.32,0.316,0.539,52.3,59.3,11.7,10.7,0.516,16.3,32.1,0.209
Arkansas-Pine Bluff,13,4,9,0.308,-12.13,8.99,0.0,0.0,4,0,0,9,833,905,520,308,797,0.386,96,315,0.305,121,177,0.684,140,464,175,109,41,203,240,13,4,9,0.308,-12.13,8.99,0.0,0.0,4,0,0,9,833,905,72.4,88.5,0.222,0.395,0.473,48.4,56.8,11.6,9.5,0.447,18.7,27.0,0.152
Army,14,7,7,0.5,-10.8,-8.47,1.0,0.0,5,1,2,3,1060,1012,565,382,802,0.476,121,348,0.348,175,251,0.697,125,505,195,66,33,183,231,14,7,7,0.5,-10.8,-8.47,1.0,0.0,5,1,2,3,1060,1012,69.3,108.3,0.313,0.434,0.575,53.5,51.0,6.7,6.9,0.552,16.6,28.0,0.218
Auburn,13,11,2,0.846,15.49,4.56,1.0,0.0,8,0,1,1,945,803,520,334,756,0.442,79,266,0.297,198,295,0.671,171,508,186,113,88,184,247,13,11,2,0.846,15.49,4.56,1.0,0.0,8,0,1,1,945,803,69.7,104.3,0.39,0.352,0.527,54.0,55.7,12.5,17.1,0.494,17.0,37.5,0.262
Austin Peay,15,6,9,0.4,-9.19,-0.03,0.0,2.0,4,2,1,6,1053,1069,605,372,886,0.42,112,324,0.346,197,261,0.755,172,505,208,97,42,182,256,15,6,9,0.4,-9.19,-0.03,0.0,2.0,4,2,1,6,1053,1069,67.7,102.8,0.295,0.366,0.521,49.5,55.9,9.5,7.9,0.483,15.3,31.6,0.222
Ball State,13,9,4,0.692,1.67,-3.24,0.0,0.0,5,0,2,2,994,856,520,338,695,0.486,91,239,0.381,227,336,0.676,138,461,175,86,61,164,208,13,9,4,0.692,1.67,-3.24,0.0,0.0,5,0,2,2,994,856,67.6,113.1,0.483,0.344,0.582,52.0,51.8,9.8,12.1,0.552,16.1,33.1,0.327
Baylor,13,10,3,0.769,16.6,3.6,0.0,1.0,7,0,0,2,1031,862,520,354,762,0.465,124,350,0.354,199,277,0.718,160,475,216,112,43,185,234,13,10,3,0.769,16.6,3.6,0.0,1.0,7,0,0,2,1031,862,70.3,112.8,0.364,0.459,0.577,54.1,61.0,12.3,9.8,0.546,17.2,37.0,0.261
Bellarmine,14,5,9,0.357,-7.57,2.97,0.0,1.0,4,2,1,7,937,900,560,335,730,0.459,128,335,0.382,139,186,0.747,97,415,209,81,21,164,228,14,5,9,0.357,-7.57,2.97,0.0,1.0,4,2,1,7,937,900,63.1,106.1,0.255,0.459,0.572,49.2,62.4,9.2,6.1,0.547,16.7,23.7,0.19
Belmont,15,9,6,0.6,-0.32,-0.96,2.0,2.0,5,1,2,4,1111,1072,610,396,866,0.457,150,375,0.4,169,243,0.695,118,458,224,114,47,181,248,15,9,6,0.6,-0.32,-0.96,2.0,2.0,5,1,2,4,1111,1072,68.4,106.5,0.281,0.433,0.566,45.8,56.6,10.9,8.4,0.544,15.6,23.9,0.195
Bethune-Cookman,13,4,9,0.308,-20.11,-2.48,0.0,0.0,3,1,0,7,863,1006,525,326,779,0.418,69,202,0.342,142,196,0.724,135,431,153,106,40,177,211,13,4,9,0.308,-20.11,-2.48,0.0,0.0,3,1,0,7,863,1006,69.7,94.3,0.252,0.259,0.495,47.4,46.9,11.6,9.6,0.463,16.9,28.4,0.182
Binghamton,14,4,10,0.286,-15.0,-5.5,0.0,1.0,3,4,1,6,981,1036,560,362,815,0.444,76,265,0.287,181,259,0.699,153,496,153,70,48,195,260,14,4,10,0.286,-15.0,-5.5,0.0,1.0,3,4,1,6,981,1036,69.9,100.3,0.318,0.325,0.523,51.7,42.3,7.2,9.5,0.491,17.2,31.3,0.222
Boise State,14,10,4,0.714,11.24,1.86,0.0,1.0,5,1,1,2,990,832,560,345,789,0.437,106,303,0.35,194,268,0.724,133,536,157,76,45,161,223,14,10,4,0.714,11.24,1.86,0.0,1.0,5,1,1,2,990,832,67.7,104.4,0.34,0.384,0.54,54.6,45.5,8.0,8.9,0.504,14.9,28.3,0.246
Boston College,14,7,7,0.5,-1.69,1.74,1.0,2.0,5,2,0,3,901,949,570,335,811,0.413,65,241,0.27,166,246,0.675,147,487,138,102,56,177,222,14,7,7,0.5,-1.69,1.74,1.0,2.0,5,2,0,3,901,949,67.1,94.1,0.303,0.297,0.486,49.2,41.2,10.7,11.4,0.453,16.0,28.5,0.205
Boston University,14,7,7,0.5,-7.09,-5.02,0.0,1.0,4,1,3,4,959,941,565,342,844,0.405,114,346,0.329,161,222,0.725,146,510,164,100,34,153,247,14,7,7,0.5,-7.09,-5.02,0.0,1.0,4,1,3,4,959,941,68.1,99.7,0.263,0.41,0.505,49.9,48.0,10.4,7.2,0.473,13.9,27.3,0.191
Bowling Green State,13,6,7,0.462,-8.34,-4.98,0.0,0.0,4,3,2,4,986,967,520,350,809,0.433,96,303,0.317,190,251,0.757,146,495,191,78,40,147,205,13,6,7,0.462,-8.34,-4.98,0.0,0.0,4,3,2,4,986,967,71.3,106.4,0.31,0.375,0.531,52.1,54.6,8.4,8.6,0.492,13.7,30.1,0.235
Bradley,15,10,5,0.667,9.89,1.04,3.0,1.0,8,0,2,3,1039,881,600,382,837,0.456,123,343,0.359,152,228,0.667,147,550,198,121,64,203,238,15,10,5,0.667,9.89,1.04,3.0,1.0,8,0,2,3,1039,881,66.8,103.8,0.272,0.41,0.55,53.4,51.8,12.1,13.0,0.53,17.7,29.4,0.182
Brigham Young,17,12,5,0.706,8.34,3.68,2.0,0.0,8,1,1,1,1289,1156,685,451,1024,0.44,154,462,0.333,233,335,0.696,209,695,269,125,78,271,333,17,12,5,0.706,8.34,3.68,2.0,0.0,8,1,1,1,1289,1156,72.5,103.9,0.327,0.451,0.545,56.0,59.6,10.1,13.2,0.516,18.6,33.5,0.228
Brown,13,7,6,0.538,-4.58,-5.04,0.0,0.0,3,2,4,4,829,823,521,305,715,0.427,100,300,0.333,119,211,0.564,115,453,185,93,38,180,204,13,7,6,0.538,-4.58,-5.04,0.0,0.0,3,2,4,4,829,823,67.6,94.2,0.295,0.42,0.508,51.4,60.7,10.6,8.5,0.497,18.1,25.2,0.166
Bryant,14,10,4,0.714,-2.46,-3.05,1.0,0.0,5,1,4,2,1197,1028,565,417,898,0.464,130,366,0.355,233,312,0.747,160,575,227,113,55,188,243,14,10,4,0.714,-2.46,-3.05,1.0,0.0,5,1,4,2,1197,1028,76.4,110.8,0.347,0.408,0.572,53.2,54.4,10.5,10.7,0.537,15.2,30.4,0.259
Bucknell,14,7,7,0.5,-6.5,-6.57,0.0,1.0,4,1,1,6,992,930,565,366,769,0.476,109,288,0.378,151,213,0.709,119,509,208,71,49,187,213,14,7,7,0.5,-6.5,-6.57,0.0,1.0,4,1,1,6,992,930,66.7,105.3,0.277,0.375,0.57,53.2,56.8,7.5,10.0,0.547,17.7,28.0,0.196
Buffalo,13,6,7,0.462,-2.31,5.42,0.0,0.0,5,1,0,3,1025,1005,520,375,804,0.466,89,279,0.319,186,261,0.713,127,471,190,116,46,196,246,13,6,7,0.462,-2.31,5.42,0.0,0.0,5,1,0,3,1025,1005,77.0,102.4,0.325,0.347,0.552,50.3,50.7,11.6,9.1,0.522,17.4,27.7,0.231
Butler,15,9,6,0.6,11.56,5.29,1.0,3.0,6,2,2,2,1059,965,600,402,849,0.473,102,295,0.346,153,211,0.725,102,483,205,107,72,175,186,15,9,6,0.6,11.56,5.29,1.0,3.0,6,2,2,2,1059,965,68.4,103.3,0.249,0.347,0.558,47.9,51.0,10.4,11.8,0.534,15.6,21.6,0.18
Cal Poly,14,7,7,0.5,-4.89,0.19,1.0,1.0,6,2,1,5,876,889,560,313,733,0.427,76,255,0.298,174,232,0.75,125,472,132,84,32,197,270,14,7,7,0.5,-4.89,0.19,1.0,1.0,6,2,1,5,876,889,65.8,95.1,0.317,0.348,0.519,51.8,42.2,9.1,7.5,0.479,18.9,27.7,0.237
Cal State Bakersfield,13,4,9,0.308,-8.53,-0.99,0.0,2.0,2,3,1,5,791,800,525,295,728,0.405,57,173,0.329,144,196,0.735,152,469,142,75,47,169,255,13,4,9,0.308,-8.53,-0.99,0.0,2.0,2,3,1,5,791,800,63.7,94.6,0.269,0.238,0.482,51.8,48.1,9.0,12.6,0.444,17.1,33.0,0.198
Cal State Fullerton,14,7,7,0.5,-2.61,1.05,1.0,1.0,6,1,1,4,954,925,580,332,800,0.415,112,305,0.367,178,268,0.664,158,498,157,83,34,175,248,14,7,7,0.5,-2.61,1.05,1.0,1.0,6,1,1,4,954,925,65.4,100.6,0.335,0.381,0.514,51.4,47.3,8.8,7.3,0.485,15.9,31.7,0.223
Cal State Northridge,13,3,10,0.231,-8.55,-1.74,0.0,2.0,3,2,0,6,878,859,520,319,754,0.423,80,247,0.324,160,224,0.714,146,477,139,78,37,148,254,13,3,10,0.231,-8.55,-1.74,0.0,2.0,3,2,0,6,878,859,66.4,101.7,0.297,0.328,0.51,51.6,43.6,9.0,9.1,0.476,14.7,30.9,0.212
California,15,2,13,0.133,-0.84,6.09,1.0,3.0,2,8,0,3,892,996,600,313,757,0.413,65,236,0.275,201,270,0.744,126,478,141,68,54,215,256,15,2,13,0.133,-0.84,6.09,1.0,3.0,2,8,0,3,892,996,64.5,92.2,0.357,0.312,0.504,49.2,45.0,7.0,10.4,0.456,19.5,26.4,0.266
California Baptist,15,8,7,0.533,-0.34,-1.48,0.0,2.0,6,2,2,3,999,962,610,352,860,0.409,122,377,0.324,173,271,0.638,172,570,202,65,59,180,259,15,8,7,0.533,-0.34,-1.48,0.0,2.0,6,2,2,3,999,962,65.3,100.3,0.315,0.438,0.505,52.9,57.4,6.5,10.7,0.48,15.4,30.7,0.201
Campbell,14,5,9,0.357,-7.56,-2.81,0.0,2.0,3,3,1,5,958,959,565,338,732,0.462,92,282,0.326,190,271,0.701,111,441,179,106,40,187,221,14,5,9,0.357,-7.56,-2.81,0.0,2.0,3,3,1,5,958,959,66.1,102.6,0.37,0.385,0.557,50.1,53.0,11.3,9.2,0.525,17.8,25.3,0.26
Canisius,12,2,10,0.167,-7.13,2.6,0.0,3.0,2,3,0,7,866,927,490,313,776,0.403,120,336,0.357,120,174,0.69,160,433,183,64,30,153,197,12,2,10,0.167,-7.13,2.6,0.0,3.0,2,3,0,7,866,927,70.0,101.1,0.224,0.433,0.504,48.9,58.5,7.5,5.8,0.481,15.1,32.7,0.155
Central Arkansas,14,5,9,0.357,-13.87,-1.87,0.0,1.0,4,1,0,7,1020,1125,565,375,917,0.409,123,385,0.319,147,198,0.742,176,535,166,84,45,206,244,14,5,9,0.357,-13.87,-1.87,0.0,1.0,4,1,0,7,1020,1125,73.7,98.0,0.216,0.42,0.504,50.0,44.3,8.1,7.8,0.476,16.9,31.2,0.16
Central Connecticut State,16,3,13,0.188,-12.26,-5.01,1.0,1.0,2,4,1,8,1033,1149,640,396,952,0.416,122,365,0.334,119,168,0.708,147,517,198,115,64,200,229,16,3,13,0.188,-12.26,-5.01,1.0,1.0,2,4,1,8,1033,1149,67.5,95.7,0.176,0.383,0.501,47.6,50.0,10.7,11.8,0.48,16.2,25.7,0.125
Central Florida,14,10,4,0.714,13.37,4.3,1.0,1.0,7,2,1,1,973,846,580,348,809,0.43,115,324,0.355,162,220,0.736,178,519,187,98,55,194,215,14,10,4,0.714,13.37,4.3,1.0,1.0,7,2,1,1,973,846,63.7,105.4,0.272,0.4,0.533,52.9,53.7,10.6,11.9,0.501,17.5,37.2,0.2
Central Michigan,13,5,8,0.385,-5.39,-0.03,0.0,0.0,3,2,1,5,897,910,520,325,761,0.427,80,280,0.286,167,234,0.714,149,482,156,77,49,199,258,13,5,8,0.385,-5.39,-0.03,0.0,0.0,3,2,1,5,897,910,71.2,96.9,0.307,0.368,0.514,50.4,48.0,8.3,11.4,0.48,18.6,31.5,0.219
Charleston Southern,13,5,8,0.385,-9.87,-1.69,1.0,1.0,4,2,1,6,990,990,520,357,806,0.443,113,332,0.34,163,219,0.744,170,491,170,60,42,158,213,13,5,8,0.385,-9.87,-1.69,1.0,1.0,4,2,1,6,990,990,68.9,110.5,0.272,0.412,0.544,52.9,47.6,6.7,8.7,0.513,14.8,35.4,0.202
Charlotte,14,11,3,0.786,6.2,-2.88,2.0,1.0,7,0,2,2,975,848,570,360,743,0.485,111,291,0.381,144,194,0.742,101,435,203,95,45,155,191,14,11,3,0.786,6.2,-2.88,2.0,1.0,7,0,2,2,975,848,62.7,109.2,0.261,0.392,0.584,51.5,56.4,10.6,10.3,0.559,15.7,25.0,0.194
Chattanooga,15,9,6,0.6,1.14,-1.11,1.0,1.0,5,2,4,4,1194,1020,605,405,876,0.462,185,474,0.39,199,280,0.711,160,579,253,91,68,189,209,15,9,6,0.6,1.14,-1.11,1.0,1.0,5,2,4,4,1194,1020,68.5,115.3,0.32,0.541,0.592,54.4,62.5,8.8,12.1,0.568,15.8,31.6,0.227
Chicago State,17,3,14,0.176,-10.33,-1.57,,,3,0,0,14,1101,1250,685,376,935,0.402,120,383,0.313,229,309,0.741,195,581,179,93,50,247,334,17,3,14,0.176,-10.33,-1.57,,,3,0,0,14,1101,1250,66.3,96.9,0.33,0.41,0.509,49.4,47.6,8.2,7.9,0.466,18.6,32.8,0.245
Cincinnati,15,10,5,0.667,9.11,1.03,1.0,1.0,9,1,0,2,1194,1038,600,442,952,0.464,129,370,0.349,181,263,0.688,163,550,230,104,65,159,232,15,10,5,0.667,9.11,1.03,1.0,1.0,9,1,0,2,1194,1038,71.5,111.4,0.276,0.389,0.554,51.7,52.0,9.7,11.1,0.532,12.9,30.4,0.19
Clemson,14,11,3,0.786,9.46,-0.18,3.0,0.0,8,0,1,1,1063,928,570,373,791,0.472,118,304,0.388,199,254,0.783,106,485,223,77,40,154,242,14,11,3,0.786,9.46,-0.18,3.0,0.0,8,0,1,1,1063,928,67.6,110.3,0.321,0.384,0.583,51.7,59.8,8.0,8.8,0.546,14.5,24.1,0.252
Cleveland State,16,9,7,0.563,-0.98,-1.82,3.0,1.0,6,2,3,5,1086,1027,645,412,937,0.44,82,280,0.293,180,263,0.684,195,565,206,111,50,176,271,16,9,7,0.563,-0.98,-1.82,3.0,1.0,6,2,3,5,1086,1027,64.7,104.1,0.281,0.299,0.511,49.6,50.0,10.6,9.2,0.483,14.2,34.2,0.192
Coastal Carolina,13,7,6,0.538,-8.1,-2.1,1.0,1.0,5,3,2,3,1006,886,520,368,796,0.462,83,264,0.314,187,238,0.786,152,502,175,93,58,167,194,13,7,6,0.538,-8.1,-2.1,1.0,1.0,5,3,2,3,1006,886,70.7,109.5,0.299,0.332,0.553,53.3,47.6,10.1,12.4,0.514,15.5,34.4,0.235
Colgate,14,7,7,0.5,0.34,-4.74,1.0,0.0,2,2,4,3,1131,1032,560,426,831,0.513,134,321,0.417,145,212,0.684,123,464,256,99,28,165,187,14,7,7,0.5,0.34,-4.74,1.0,0.0,2,2,4,3,1131,1032,69.9,115.6,0.255,0.386,0.607,51.7,60.1,10.1,5.3,0.593,15.0,28.1,0.174
College of Charleston,15,14,1,0.933,8.94,0.3,2.0,0.0,10,0,4,1,1207,1057,610,414,932,0.444,152,451,0.337,227,305,0.744,201,591,195,111,55,201,262,15,14,1,0.933,8.94,0.3,2.0,0.0,10,0,4,1,1207,1057,70.6,112.1,0.327,0.484,0.56,54.5,47.1,10.3,9.1,0.526,15.7,36.0,0.244
Colorado,15,9,6,0.6,10.88,4.68,1.0,3.0,6,1,1,3,1142,1049,600,423,922,0.459,103,317,0.325,193,296,0.652,175,574,210,124,62,198,252,15,9,6,0.6,10.88,4.68,1.0,3.0,6,1,1,3,1142,1049,72.5,105.1,0.321,0.344,0.537,53.2,49.6,11.4,11.0,0.515,15.7,32.1,0.209
Colorado State,15,8,7,0.533,5.74,2.88,0.0,2.0,6,2,1,3,1130,1047,600,411,831,0.495,120,327,0.367,188,261,0.72,79,462,265,102,34,153,232,15,8,7,0.533,5.74,2.88,0.0,2.0,6,2,1,3,1130,1047,68.6,109.8,0.314,0.394,0.592,47.2,64.5,9.9,7.3,0.567,13.8,17.1,0.226
Columbia,16,6,10,0.375,-12.92,-4.64,1.0,0.0,5,4,1,6,1087,1110,650,380,938,0.405,124,381,0.325,203,283,0.717,186,593,195,115,33,239,232,16,6,10,0.375,-12.92,-4.64,1.0,0.0,5,4,1,6,1087,1110,69.2,96.6,0.302,0.406,0.507,50.1,51.3,10.2,5.5,0.471,18.2,31.3,0.216
Connecticut,15,14,1,0.933,25.04,3.51,3.0,1.0,9,0,2,1,1234,911,600,432,908,0.476,148,405,0.365,222,297,0.747,177,585,286,116,72,190,275,15,14,1,0.933,25.04,3.51,3.0,1.0,9,0,2,1,1234,911,71.0,115.9,0.327,0.446,0.588,56.6,66.2,10.9,12.4,0.557,15.3,34.6,0.244
Coppin State,17,5,12,0.294,-10.62,2.09,0.0,0.0,3,0,2,12,1265,1481,700,437,989,0.442,146,437,0.334,245,342,0.716,112,524,182,138,40,250,333,17,5,12,0.294,-10.62,2.09,0.0,0.0,3,0,2,12,1265,1481,73.6,98.2,0.346,0.442,0.549,42.0,41.6,10.7,6.1,0.516,17.8,18.7,0.248
Cornell,14,11,3,0.786,1.34,-6.41,1.0,0.0,6,0,5,3,1176,1004,560,437,898,0.487,164,445,0.369,138,196,0.704,154,514,280,140,34,177,205,14,11,3,0.786,1.34,-6.41,1.0,0.0,6,0,5,3,1176,1004,72.8,115.4,0.218,0.496,0.593,51.7,64.1,13.7,6.3,0.578,15.2,31.6,0.154
Creighton,14,8,6,0.571,16.45,7.66,2.0,1.0,6,1,0,2,1074,951,560,391,833,0.469,129,359,0.359,163,231,0.706,114,524,229,80,61,166,173,14,8,6,0.571,16.45,7.66,2.0,1.0,6,1,0,2,1074,951,71.2,107.7,0.277,0.431,0.57,52.6,58.6,8.0,9.7,0.547,15.0,24.1,0.196
Dartmouth,15,4,11,0.267,-12.59,-4.59,0.0,1.0,3,3,1,6,1028,1019,605,373,876,0.426,122,391,0.312,160,236,0.678,133,548,197,88,66,234,234,15,4,11,0.267,-12.59,-4.59,0.0,1.0,3,3,1,6,1028,1019,71.5,95.0,0.269,0.446,0.52,49.9,52.8,8.1,10.6,0.495,19.1,24.8,0.183
Davidson,14,8,6,0.571,0.44,0.29,1.0,1.0,4,3,2,2,1002,977,575,345,782,0.441,93,283,0.329,219,305,0.718,115,483,191,77,23,161,215,14,8,6,0.571,0.44,0.29,1.0,1.0,4,3,2,2,1002,977,67.7,103.0,0.39,0.362,0.541,47.4,55.4,7.9,4.2,0.501,14.8,23.9,0.28
Dayton,15,10,5,0.667,9.54,0.94,2.0,0.0,8,0,1,2,1007,878,605,356,788,0.452,86,283,0.304,209,303,0.69,163,595,215,67,73,208,199,15,10,5,0.667,9.54,0.94,2.0,0.0,8,0,1,2,1007,878,64.8,102.8,0.385,0.359,0.54,56.4,60.4,6.8,13.9,0.506,18.2,34.0,0.265
Delaware,15,9,6,0.6,-4.35,-2.56,1.0,1.0,5,3,2,3,1060,1061,600,376,849,0.443,101,323,0.313,207,294,0.704,137,501,186,99,66,164,229,15,9,6,0.6,-4.35,-2.56,1.0,1.0,5,3,2,3,1060,1061,67.8,104.1,0.346,0.38,0.536,48.4,49.5,9.7,11.5,0.502,14.2,26.0,0.244
Delaware State,13,1,12,0.077,-16.97,2.21,0.0,0.0,1,3,0,9,798,978,520,307,747,0.411,74,219,0.338,110,166,0.663,136,435,154,84,32,208,237,13,1,12,0.077,-16.97,2.21,0.0,0.0,1,3,0,9,798,978,68.9,89.1,0.222,0.293,0.483,48.7,50.2,9.4,8.2,0.461,20.1,29.1,0.147
Denver,16,10,6,0.625,-6.24,-5.09,1.0,2.0,5,2,3,4,1210,1193,660,426,846,0.504,69,207,0.333,289,420,0.688,142,566,183,87,51,245,255,16,10,6,0.625,-6.24,-5.09,1.0,2.0,5,2,3,4,1210,1193,69.6,105.3,0.496,0.245,0.579,53.6,43.0,7.6,8.3,0.544,19.0,29.6,0.342
DePaul,15,7,8,0.467,-0.2,3.33,1.0,3.0,5,2,2,4,1078,1131,610,368,897,0.41,131,369,0.355,211,267,0.79,149,506,197,107,55,207,270,15,7,8,0.467,-0.2,3.33,1.0,3.0,5,2,2,4,1078,1131,70.9,99.8,0.298,0.411,0.526,46.6,53.5,9.9,9.5,0.483,16.8,26.9,0.235
Detroit Mercy,15,6,9,0.4,-3.27,0.45,2.0,2.0,4,1,2,7,1110,1134,605,379,910,0.416,152,406,0.374,200,269,0.743,196,552,171,86,32,184,233,15,6,9,0.4,-3.27,0.45,2.0,2.0,4,1,2,7,1110,1134,67.9,108.2,0.296,0.446,0.535,50.8,45.1,8.4,5.8,0.5,15.1,34.9,0.22
Drake,15,11,4,0.733,3.25,-1.46,2.0,2.0,7,0,0,4,1102,960,600,397,870,0.456,112,329,0.34,196,257,0.763,123,534,199,89,44,165,232,15,11,4,0.733,3.25,-1.46,2.0,2.0,7,0,0,4,1102,960,69.4,105.9,0.295,0.378,0.555,51.1,50.1,8.5,8.2,0.521,14.3,24.4,0.225
Drexel,14,8,6,0.571,0.54,-2.31,2.0,0.0,6,2,1,2,929,852,565,346,825,0.419,109,344,0.317,128,189,0.677,165,509,165,87,46,156,178,14,8,6,0.571,0.54,-2.31,2.0,0.0,6,2,1,2,929,852,64.2,102.4,0.229,0.417,0.508,52.3,47.7,9.6,8.6,0.485,14.6,32.7,0.155
Duke,14,11,3,0.786,17.25,4.25,2.0,1.0,8,0,0,1,1034,852,560,371,836,0.444,99,304,0.326,193,246,0.785,188,550,204,90,60,164,217,14,11,3,0.786,17.25,4.25,2.0,1.0,8,0,0,1,1034,852,66.4,111.3,0.294,0.364,0.543,56.8,55.0,9.7,11.9,0.503,14.7,38.7,0.231
Duquesne,15,11,4,0.733,4.44,-0.43,1.0,1.0,10,2,0,2,1124,1051,600,416,944,0.441,130,355,0.366,162,236,0.686,205,561,229,112,64,173,255,15,11,4,0.733,4.44,-0.43,1.0,1.0,10,2,0,2,1124,1051,68.2,109.9,0.25,0.376,0.532,50.9,55.0,10.9,11.1,0.51,14.1,36.3,0.172
East Carolina,15,10,5,0.667,-0.04,-3.97,1.0,1.0,6,2,1,2,1078,1019,600,361,860,0.42,120,369,0.325,236,348,0.678,189,572,206,99,39,190,280,15,10,5,0.667,-0.04,-3.97,1.0,1.0,6,2,1,2,1078,1019,68.7,104.7,0.405,0.429,0.526,53.4,57.1,9.6,6.8,0.49,15.6,35.2,0.274
East Tennessee State,15,6,9,0.4,-6.63,-6.09,2.0,0.0,3,4,2,4,1060,1017,600,402,877,0.458,94,303,0.31,162,248,0.653,175,538,203,101,46,207,233,15,6,9,0.4,-6.63,-6.09,2.0,0.0,3,4,2,4,1060,1017,68.3,103.4,0.283,0.345,0.533,52.3,50.5,9.9,9.7,0.512,17.2,33.7,0.185
Eastern Illinois,15,6,9,0.4,-10.59,-2.74,2.0,0.0,4,4,2,4,1041,1031,600,378,865,0.437,75,250,0.3,210,337,0.623,141,511,205,137,42,207,281,15,6,9,0.4,-10.59,-2.74,2.0,0.0,4,4,2,4,1041,1031,72.3,95.9,0.39,0.289,0.508,46.4,54.2,12.6,8.6,0.48,16.8,25.6,0.243
Eastern Kentucky,14,8,6,0.571,-5.73,1.45,1.0,0.0,6,1,1,4,1141,1036,560,420,957,0.439,144,392,0.367,157,252,0.623,194,563,233,139,68,184,241,14,8,6,0.571,-5.73,1.45,1.0,0.0,6,1,1,4,1141,1036,76.1,107.0,0.263,0.41,0.53,50.5,55.5,13.0,12.7,0.514,14.6,33.3,0.164
Eastern Michigan,13,3,10,0.231,-9.39,-1.39,0.0,0.0,2,2,1,5,963,1050,525,352,794,0.443,91,254,0.358,168,225,0.747,117,408,133,89,27,147,261,13,3,10,0.231,-9.39,-1.39,0.0,0.0,2,2,1,5,963,1050,71.0,103.3,0.283,0.32,0.534,46.3,37.8,9.5,6.1,0.501,14.0,25.2,0.212
Eastern Washington,15,8,7,0.533,-1.98,-0.34,2.0,0.0,3,1,3,5,1099,1046,600,397,868,0.457,123,370,0.332,182,245,0.743,156,568,216,87,51,222,262,15,8,7,0.533,-1.98,-0.34,2.0,0.0,3,1,3,5,1099,1046,70.1,104.5,0.282,0.426,0.558,54.5,54.4,8.3,10.3,0.528,18.4,31.0,0.21
Elon,15,2,13,0.133,-14.21,-2.36,0.0,2.0,2,3,0,8,998,1095,600,354,852,0.415,106,358,0.296,184,264,0.697,131,497,187,105,25,189,253,15,2,13,0.133,-14.21,-2.36,0.0,2.0,2,3,0,8,998,1095,69.2,96.1,0.31,0.42,0.511,47.1,52.8,10.1,4.9,0.478,16.2,24.4,0.216
Evansville,15,4,11,0.267,-11.3,-0.97,0.0,4.0,2,3,1,6,930,1085,600,339,877,0.387,87,295,0.295,165,254,0.65,142,516,154,91,32,178,246,15,4,11,0.267,-11.3,-0.97,0.0,4.0,2,3,1,6,930,1085,68.8,90.1,0.29,0.336,0.466,48.3,45.4,8.8,6.7,0.436,15.1,24.3,0.188
Fairfield,14,6,8,0.429,-7.11,-4.41,2.0,2.0,4,2,0,5,907,901,560,304,758,0.401,90,314,0.287,209,296,0.706,146,492,138,78,52,170,218,14,6,8,0.429,-7.11,-4.41,2.0,2.0,4,2,0,5,907,901,65.9,98.4,0.391,0.414,0.505,50.3,45.4,8.5,9.7,0.46,15.9,29.3,0.276
Fairleigh Dickinson,16,8,8,0.5,-11.92,-7.06,1.0,0.0,5,1,2,6,1246,1225,650,461,1036,0.445,129,405,0.319,195,267,0.73,197,559,233,140,32,198,305,16,8,8,0.5,-11.92,-7.06,1.0,0.0,5,1,2,6,1246,1225,71.6,107.1,0.258,0.391,0.536,49.7,50.5,12.0,6.1,0.507,14.5,32.5,0.188
Florida,13,7,6,0.538,13.17,4.78,0.0,1.0,4,2,1,1,976,867,520,346,768,0.451,87,255,0.341,197,263,0.749,112,470,158,85,77,150,220,13,7,6,0.538,13.17,4.78,0.0,1.0,4,2,1,1,976,867,71.3,105.3,0.342,0.332,0.547,50.7,45.7,9.2,14.8,0.507,14.4,24.9,0.257
Florida A&M,11,2,9,0.182,-18.6,7.62,0.0,0.0,2,0,0,9,611,831,445,223,613,0.364,53,182,0.291,112,168,0.667,121,351,96,77,35,186,200,11,2,9,0.182,-18.6,7.62,0.0,0.0,2,0,0,9,611,831,67.9,80.9,0.274,0.297,0.441,44.3,43.0,10.2,8.7,0.407,21.2,29.1,0.183
Florida Atlantic,13,12,1,0.923,14.96,-0.32,2.0,0.0,8,0,4,1,1021,795,520,382,794,0.481,124,333,0.372,133,198,0.672,143,520,210,95,30,160,201,13,12,1,0.923,14.96,-0.32,2.0,0.0,8,0,4,1,1021,795,69.6,112.8,0.249,0.419,0.575,54.9,55.0,10.5,5.9,0.559,15.3,31.6,0.168
Florida Gulf Coast,14,11,3,0.786,4.47,1.32,1.0,0.0,5,0,3,3,1015,930,560,350,798,0.439,129,366,0.352,186,246,0.756,153,508,179,92,53,165,225,14,11,3,0.786,4.47,1.32,1.0,0.0,5,0,3,3,1015,930,66.3,109.4,0.308,0.459,0.555,51.5,51.1,9.9,11.1,0.519,15.3,31.8,0.233
Florida International,13,6,7,0.462,-7.75,-2.93,0.0,2.0,6,2,0,5,954,981,520,366,769,0.476,84,281,0.299,138,216,0.639,114,433,175,121,50,213,211,13,6,7,0.462,-7.75,-2.93,0.0,2.0,6,2,0,5,954,981,74.4,98.7,0.281,0.365,0.547,47.3,47.8,12.5,11.1,0.531,19.6,25.7,0.179
Florida State,15,4,11,0.267,-0.08,5.38,2.0,2.0,4,4,0,3,1029,1111,600,363,855,0.425,92,270,0.341,211,286,0.738,139,483,196,95,61,192,259,15,4,11,0.267,-0.08,5.38,2.0,2.0,4,4,0,3,1029,1111,69.3,98.9,0.335,0.316,0.519,46.5,54.0,9.1,10.8,0.478,16.2,27.1,0.247
Fordham,14,12,2,0.857,-0.06,-6.7,0.0,1.0,11,1,1,1,1029,936,565,339,778,0.436,116,344,0.337,235,309,0.761,129,517,186,99,85,204,242,14,12,2,0.857,-0.06,-6.7,0.0,1.0,11,1,1,1,1029,936,70.9,102.7,0.397,0.442,0.556,52.3,54.9,9.9,14.9,0.51,18.1,27.4,0.302
Fresno State,13,5,8,0.385,1.1,3.02,1.0,1.0,3,2,2,3,789,799,520,289,690,0.419,75,276,0.272,136,185,0.735,105,408,144,80,45,162,216,13,5,8,0.385,1.1,3.02,1.0,1.0,3,2,2,3,789,799,63.9,94.9,0.268,0.4,0.507,47.9,49.8,9.6,11.1,0.473,17.2,24.8,0.197
Furman,15,10,5,0.667,0.57,-3.26,1.0,1.0,7,1,1,2,1226,1089,600,454,913,0.497,147,422,0.348,171,237,0.722,137,519,292,124,52,197,237,15,10,5,0.667,0.57,-3.26,1.0,1.0,7,1,1,2,1226,1089,72.3,113.1,0.26,0.462,0.598,52.2,64.3,11.4,9.5,0.578,16.1,27.8,0.187
Gardner-Webb,14,7,7,0.5,-0.72,-1.14,2.0,0.0,4,1,2,6,1033,891,560,391,825,0.474,89,273,0.326,162,246,0.659,159,532,192,107,82,194,271,14,7,7,0.5,-0.72,-1.14,2.0,0.0,4,1,2,6,1033,891,70.1,105.3,0.298,0.331,0.548,54.7,49.1,10.9,17.2,0.528,17.1,33.5,0.196
George Mason,14,9,5,0.643,4.97,0.4,1.0,0.0,8,0,0,2,992,928,565,357,763,0.468,117,319,0.367,161,257,0.626,136,525,208,57,55,198,245,14,9,5,0.643,4.97,0.4,1.0,0.0,8,0,0,2,992,928,67.7,103.8,0.337,0.418,0.56,53.5,58.3,6.0,10.3,0.545,18.3,30.0,0.211
George Washington,14,7,7,0.5,-1.3,-3.3,1.0,0.0,6,2,1,2,1064,1011,560,376,777,0.484,106,325,0.326,206,279,0.738,117,467,181,77,49,176,220,14,7,7,0.5,-1.3,-3.3,1.0,0.0,6,2,1,2,1064,1011,69.1,110.0,0.359,0.418,0.585,49.6,48.1,8.0,9.6,0.552,16.2,27.0,0.265
Georgetown,15,5,10,0.333,-1.4,2.8,0.0,4.0,4,5,0,4,1102,1165,610,407,926,0.44,89,273,0.326,199,280,0.711,177,559,178,91,69,186,227,15,5,10,0.333,-1.4,2.8,0.0,4.0,4,5,0,4,1102,1165,69.9,103.4,0.302,0.295,0.52,50.0,43.7,8.5,12.8,0.488,14.9,31.3,0.215
Georgia,13,10,3,0.769,3.81,-3.49,0.0,0.0,8,0,0,2,927,832,520,322,737,0.437,92,271,0.339,191,259,0.737,157,499,166,90,45,187,183,13,10,3,0.769,3.81,-3.49,0.0,0.0,8,0,0,2,927,832,68.2,104.4,0.351,0.368,0.539,55.0,51.6,10.1,9.2,0.499,17.9,35.4,0.259
Georgia Southern,15,9,6,0.6,-4.67,-3.59,2.0,0.0,6,2,2,4,1021,941,600,394,887,0.444,87,311,0.28,146,217,0.673,158,542,159,125,48,175,241,15,9,6,0.6,-4.67,-3.59,2.0,0.0,6,2,2,4,1021,941,67.4,101.0,0.245,0.351,0.516,52.3,40.4,12.4,9.9,0.493,15.0,29.8,0.165
Georgia State,14,8,6,0.571,-2.2,-0.56,1.0,1.0,8,4,0,2,946,882,565,347,840,0.413,71,256,0.277,181,245,0.739,171,508,153,80,55,172,230,14,8,6,0.571,-2.2,-0.56,1.0,1.0,8,4,0,2,946,882,67.3,99.5,0.292,0.305,0.495,52.8,44.1,8.4,10.7,0.455,15.2,34.8,0.215
Georgia Tech,13,7,6,0.538,3.86,3.53,0.0,3.0,6,2,1,2,926,892,520,345,791,0.436,84,258,0.326,152,217,0.7,139,469,167,88,62,144,211,13,7,6,0.538,3.86,3.53,0.0,3.0,6,2,1,2,926,892,69.2,103.0,0.274,0.326,0.518,48.8,48.4,9.8,11.5,0.489,13.9,29.9,0.192
Gonzaga,15,12,3,0.8,18.25,8.54,1.0,0.0,8,0,0,1,1303,1089,600,491,933,0.526,113,297,0.38,208,294,0.707,152,574,253,121,45,188,255,15,12,3,0.8,18.25,8.54,1.0,0.0,8,0,0,1,1303,1089,74.3,116.9,0.315,0.318,0.607,55.2,51.5,10.9,8.0,0.587,14.9,31.0,0.223
Grambling,12,7,5,0.583,-2.36,-0.06,0.0,0.0,4,0,2,4,812,751,480,302,691,0.437,63,186,0.339,145,229,0.633,143,457,159,101,45,179,230,12,7,5,0.583,-2.36,-0.06,0.0,0.0,4,0,2,4,812,751,69.6,97.1,0.331,0.269,0.508,52.0,52.6,12.1,12.6,0.483,18.3,33.1,0.21
Grand Canyon,14,10,4,0.714,5.82,1.49,1.0,0.0,8,1,1,1,1003,843,565,356,824,0.432,113,341,0.331,178,252,0.706,166,562,180,78,38,151,218,14,10,4,0.714,5.82,1.49,1.0,0.0,8,1,1,1,1003,843,65.9,107.7,0.306,0.414,0.531,54.0,50.6,8.4,7.1,0.501,13.8,33.5,0.216
Green Bay,15,2,13,0.133,-19.04,-1.84,1.0,3.0,2,2,0,9,873,1131,600,304,759,0.401,74,288,0.257,191,267,0.715,109,417,156,77,39,224,247,15,2,13,0.133,-19.04,-1.84,1.0,3.0,2,2,0,9,873,1131,66.8,87.1,0.352,0.379,0.493,44.0,51.3,7.7,7.2,0.449,20.2,22.1,0.252
Hampton,14,3,11,0.214,-14.98,-1.21,0.0,2.0,3,1,0,7,965,1115,560,320,838,0.382,110,326,0.337,215,326,0.66,153,499,164,59,49,173,263,14,3,11,0.214,-14.98,-1.21,0.0,2.0,3,1,0,7,965,1115,71.9,95.8,0.389,0.389,0.486,47.2,51.3,5.9,9.4,0.447,14.8,27.3,0.257
Hartford,16,4,12,0.25,-24.99,-7.37,,,4,5,0,5,1007,1091,640,367,882,0.416,103,337,0.306,170,249,0.683,149,539,201,107,64,229,219,16,4,12,0.25,-24.99,-7.37,,,4,5,0,5,1007,1091,67.6,93.2,0.282,0.382,0.503,48.7,54.8,9.9,11.6,0.474,18.6,26.9,0.193
Harvard,15,9,6,0.6,-0.74,-2.13,0.0,1.0,3,2,5,3,1007,967,605,375,849,0.442,91,322,0.283,166,263,0.631,164,554,198,118,63,215,211,15,9,6,0.6,-0.74,-2.13,0.0,1.0,3,2,5,3,1007,967,67.9,98.0,0.31,0.379,0.517,53.0,52.8,11.5,11.2,0.495,18.1,31.7,0.196
Hawaii,14,11,3,0.786,5.96,-1.5,2.0,0.0,8,2,0,0,957,836,565,343,768,0.447,92,276,0.333,179,250,0.716,139,490,167,75,59,168,219,14,11,3,0.786,5.96,-1.5,2.0,0.0,8,2,0,0,957,836,65.3,103.7,0.326,0.359,0.54,52.9,48.7,8.1,10.3,0.507,15.9,31.0,0.233
High Point,14,8,6,0.571,-3.26,-2.09,0.0,2.0,5,2,1,4,1131,1090,561,395,891,0.443,106,321,0.33,235,364,0.646,178,577,169,91,63,194,259,14,8,6,0.571,-3.26,-2.09,0.0,2.0,5,2,1,4,1131,1090,76.4,105.5,0.409,0.36,0.532,49.7,42.8,8.5,11.0,0.503,15.4,31.9,0.264
Hofstra,15,8,7,0.533,1.18,3.46,1.0,1.0,3,1,3,4,1106,1090,605,407,876,0.465,131,362,0.362,161,215,0.749,102,476,206,86,53,175,212,15,8,7,0.533,1.18,3.46,1.0,1.0,3,1,3,4,1106,1090,69.5,105.2,0.245,0.413,0.565,46.0,50.6,8.2,8.7,0.539,15.2,20.9,0.184
Holy Cross,14,4,10,0.286,-15.27,-4.6,1.0,0.0,4,3,0,5,923,1003,560,354,819,0.432,90,260,0.346,125,195,0.641,120,463,165,104,36,182,231,14,4,10,0.286,-15.27,-4.6,1.0,0.0,4,3,0,5,923,1003,69.5,94.9,0.238,0.317,0.506,46.6,46.6,10.7,6.8,0.487,16.6,23.9,0.153
Houston,15,14,1,0.933,27.43,3.29,2.0,0.0,9,1,3,0,1125,763,600,428,909,0.471,109,318,0.343,160,225,0.711,203,599,219,130,78,154,223,15,14,1,0.933,27.43,3.29,2.0,0.0,9,1,3,0,1125,763,64.3,116.6,0.248,0.35,0.554,55.7,51.2,13.5,18.8,0.531,13.2,39.0,0.176
Houston Christian,14,4,10,0.286,-19.28,-1.83,1.0,0.0,4,4,0,6,1130,1201,565,421,882,0.477,119,319,0.373,169,249,0.679,156,487,224,97,42,234,243,14,4,10,0.286,-19.28,-1.83,1.0,0.0,4,4,0,6,1130,1201,76.2,104.9,0.282,0.362,0.565,50.9,53.2,9.0,7.3,0.545,19.0,31.5,0.192
Howard,16,7,9,0.438,-10.5,-0.71,0.0,0.0,4,2,2,5,1106,1178,640,401,919,0.436,103,316,0.326,201,280,0.718,168,538,205,120,51,256,265,16,7,9,0.438,-10.5,-0.71,0.0,0.0,4,2,2,5,1106,1178,71.1,97.2,0.305,0.344,0.526,50.0,51.1,10.5,9.6,0.492,19.6,30.5,0.219
Idaho,15,6,9,0.4,-6.26,-4.49,0.0,2.0,4,3,2,6,1150,1025,601,406,834,0.487,122,335,0.364,216,288,0.75,122,489,201,88,23,175,251,15,6,9,0.4,-6.26,-4.49,0.0,2.0,4,3,2,6,1150,1025,67.9,112.7,0.345,0.402,0.592,50.8,49.5,8.6,4.1,0.56,15.3,26.0,0.259
Idaho State,15,5,10,0.333,-5.49,-2.87,2.0,0.0,4,3,1,6,1054,1039,615,369,856,0.431,131,381,0.344,185,247,0.749,124,497,184,97,45,186,256,15,5,10,0.333,-5.49,-2.87,2.0,0.0,4,3,1,6,1054,1039,67.6,101.3,0.289,0.445,0.541,47.9,49.9,9.3,7.7,0.508,16.0,23.9,0.216
Illinois,13,9,4,0.692,16.42,2.03,0.0,2.0,7,1,0,1,1015,828,525,363,780,0.465,118,358,0.33,171,260,0.658,163,516,186,107,77,198,213,13,9,4,0.692,16.42,2.03,0.0,2.0,7,1,0,1,1015,828,71.6,108.0,0.333,0.459,0.562,54.8,51.2,11.4,15.1,0.541,18.0,35.7,0.219
Illinois State,15,6,9,0.4,-5.82,-3.76,1.0,3.0,4,3,2,2,993,1024,605,341,802,0.425,110,334,0.329,201,254,0.791,141,516,162,83,61,221,282,15,6,9,0.4,-5.82,-3.76,1.0,3.0,4,3,2,2,993,1024,66.2,99.1,0.317,0.416,0.538,52.3,47.5,8.3,10.9,0.494,19.3,29.9,0.251
Illinois-Chicago,15,9,6,0.6,-7.41,-4.27,1.0,3.0,5,2,2,4,1003,1013,600,342,828,0.413,112,353,0.317,207,310,0.668,127,494,184,108,74,200,258,15,9,6,0.6,-7.41,-4.27,1.0,3.0,5,2,2,4,1003,1013,70.0,95.5,0.374,0.426,0.514,45.4,53.8,10.3,12.6,0.481,17.0,23.3,0.25
Incarnate Word,14,6,8,0.429,-16.2,-5.48,0.0,1.0,4,1,0,7,973,997,565,352,816,0.431,88,253,0.348,181,248,0.73,141,472,177,122,27,201,236,14,6,8,0.429,-16.2,-5.48,0.0,1.0,4,1,0,7,973,997,70.3,98.1,0.304,0.31,0.521,49.4,50.3,12.3,5.6,0.485,17.7,28.8,0.222
Indiana,13,10,3,0.769,16.08,1.31,1.0,1.0,8,0,1,2,1041,849,520,392,773,0.507,92,252,0.365,165,237,0.696,120,483,225,94,74,162,217,13,10,3,0.769,16.08,1.31,1.0,1.0,8,0,1,2,1041,849,71.4,112.1,0.307,0.326,0.588,53.4,57.4,10.1,15.6,0.567,15.5,28.8,0.213
Indiana State,15,11,4,0.733,4.44,-4.85,4.0,0.0,6,1,3,2,1218,1051,605,437,918,0.476,147,436,0.337,197,262,0.752,114,529,241,114,28,185,255,15,11,4,0.733,4.44,-4.85,4.0,0.0,6,1,3,2,1218,1051,73.5,109.5,0.285,0.475,0.584,50.4,55.1,10.3,4.8,0.556,15.1,22.6,0.215
Iona,14,10,4,0.714,12.33,1.19,3.0,0.0,5,0,0,2,1084,928,560,410,880,0.466,97,284,0.342,167,222,0.752,148,492,220,107,84,155,250,14,10,4,0.714,12.33,1.19,3.0,0.0,5,0,0,2,1084,928,70.8,109.4,0.252,0.323,0.55,49.5,53.7,10.8,15.9,0.521,13.6,29.7,0.19
Iowa,14,8,6,0.571,13.33,3.62,0.0,3.0,6,2,1,2,1135,999,565,401,899,0.446,106,334,0.317,227,317,0.716,176,553,237,93,51,139,194,14,8,6,0.571,13.33,3.62,0.0,3.0,6,2,1,2,1135,999,71.7,112.0,0.353,0.372,0.541,51.9,59.1,9.2,8.6,0.505,11.7,32.0,0.253
Iowa State,12,10,2,0.833,15.56,1.48,1.0,0.0,8,0,0,1,857,688,485,326,702,0.464,80,238,0.336,125,182,0.687,134,394,199,130,28,156,221,12,10,2,0.833,15.56,1.48,1.0,0.0,8,0,0,1,857,688,66.8,105.7,0.259,0.339,0.543,50.0,61.0,16.0,9.3,0.521,16.5,32.9,0.178
IUPUI,14,3,11,0.214,-21.74,-6.41,0.0,3.0,2,2,0,6,839,987,560,320,741,0.432,60,221,0.271,139,198,0.702,119,425,135,81,37,228,231,14,3,11,0.214,-21.74,-6.41,0.0,3.0,2,2,0,6,839,987,67.2,89.2,0.267,0.298,0.502,47.1,42.2,8.6,7.7,0.472,21.4,26.2,0.188
Jackson State,13,1,12,0.077,-12.17,4.29,0.0,0.0,0,0,1,10,859,1073,523,328,799,0.411,88,275,0.32,115,177,0.65,167,471,173,96,26,232,246,13,1,12,0.077,-12.17,4.29,0.0,0.0,0,0,1,10,859,1073,72.2,91.0,0.222,0.344,0.486,52.2,52.7,10.2,6.2,0.466,20.8,33.8,0.144
Jacksonville,12,7,5,0.583,-3.34,1.66,0.0,1.0,4,0,3,5,791,720,480,295,645,0.457,91,255,0.357,110,151,0.728,101,429,182,75,33,150,156,12,7,5,0.583,-3.34,1.66,0.0,1.0,4,0,3,5,791,720,64.1,102.9,0.234,0.395,0.552,53.1,61.7,9.8,8.8,0.528,17.3,27.7,0.171
Jacksonville State,14,7,7,0.5,-8.36,-1.63,0.0,1.0,5,1,1,5,1031,1003,565,362,811,0.446,133,334,0.398,174,251,0.693,152,507,185,88,39,179,235,14,7,7,0.5,-8.36,-1.63,0.0,1.0,5,1,1,5,1031,1003,67.9,107.5,0.309,0.412,0.554,51.4,51.1,9.2,8.5,0.528,16.1,31.1,0.215
James Madison,15,11,4,0.733,10.84,-3.57,2.0,0.0,5,0,4,3,1346,979,615,488,976,0.5,129,340,0.379,241,347,0.695,195,608,222,174,37,210,267,15,11,4,0.733,10.84,-3.57,2.0,0.0,5,0,4,3,1346,979,75.2,116.4,0.356,0.348,0.59,55.2,45.5,15.1,7.2,0.566,15.5,36.2,0.247
Kansas,13,12,1,0.923,21.13,7.59,1.0,0.0,8,0,1,0,1015,839,525,387,804,0.481,101,274,0.369,140,203,0.69,143,496,236,125,54,161,209,13,12,1,0.923,21.13,7.59,1.0,0.0,8,0,1,0,1015,839,70.3,110.1,0.252,0.341,0.564,52.7,61.0,13.6,11.9,0.544,15.2,31.8,0.174
Kansas City,16,6,10,0.375,-4.53,0.33,2.0,1.0,3,3,1,6,1055,1067,655,368,924,0.398,95,332,0.286,224,314,0.713,220,622,158,111,66,245,278,16,6,10,0.375,-4.53,0.33,2.0,1.0,3,3,1,6,1055,1067,66.5,96.9,0.34,0.359,0.492,53.3,42.9,10.2,12.2,0.45,18.6,37.7,0.242
Kansas State,13,12,1,0.923,14.94,1.32,1.0,0.0,8,0,1,1,983,806,530,356,765,0.465,84,253,0.332,187,266,0.703,147,462,240,108,38,174,216,13,12,1,0.923,14.94,1.32,1.0,0.0,8,0,1,1,983,806,68.9,107.7,0.348,0.331,0.551,52.3,67.4,11.8,8.3,0.52,16.3,33.4,0.244
Kennesaw State,14,9,5,0.643,-4.22,-0.77,1.0,0.0,5,0,3,4,1014,926,560,353,807,0.437,128,340,0.376,180,286,0.629,138,486,199,130,42,184,256,14,9,5,0.643,-4.22,-0.77,1.0,0.0,5,0,3,4,1014,926,70.9,102.1,0.354,0.421,0.538,49.3,56.4,13.1,8.6,0.517,16.3,27.1,0.223
Kent State,13,10,3,0.769,12.99,2.99,0.0,0.0,6,0,3,3,972,791,520,354,798,0.444,108,318,0.34,156,205,0.761,122,455,165,136,41,160,247,13,10,3,0.769,12.99,2.99,0.0,0.0,6,0,3,3,972,791,71.3,104.9,0.257,0.398,0.543,48.2,46.6,14.7,9.5,0.511,15.2,26.4,0.195
Kentucky,13,9,4,0.692,14.23,1.38,0.0,1.0,8,0,0,2,1027,860,530,379,806,0.47,105,269,0.39,164,249,0.659,182,521,232,100,58,161,203,13,9,4,0.692,14.23,1.38,0.0,1.0,8,0,0,2,1027,860,68.2,113.6,0.309,0.334,0.556,55.8,61.2,11.1,11.6,0.535,14.8,39.0,0.203
La Salle,14,6,8,0.429,-6.6,-1.53,0.0,1.0,4,3,2,3,954,1025,570,348,841,0.414,99,302,0.328,159,231,0.688,141,483,166,107,39,185,247,14,6,8,0.429,-6.6,-1.53,0.0,1.0,4,3,2,3,954,1025,69.6,96.3,0.275,0.359,0.502,48.4,47.7,10.8,7.4,0.473,16.3,27.0,0.189
Lafayette,14,2,12,0.143,-6.94,-0.44,0.0,1.0,0,3,1,9,851,942,569,305,753,0.405,135,404,0.334,106,161,0.658,104,417,214,79,39,171,223,14,2,12,0.143,-6.94,-0.44,0.0,1.0,0,3,1,9,851,942,63.0,94.9,0.214,0.537,0.513,45.7,70.2,8.8,9.2,0.495,17.1,22.1,0.141
Lamar,14,4,10,0.286,-18.97,-3.15,0.0,1.0,3,4,0,5,954,1062,565,361,848,0.426,74,279,0.265,158,239,0.661,179,511,210,106,44,197,191,14,4,10,0.286,-18.97,-3.15,0.0,1.0,3,4,0,5,954,1062,69.6,97.1,0.282,0.329,0.496,49.6,58.2,10.8,10.0,0.469,17.0,33.9,0.186
Lehigh,12,5,7,0.417,-14.76,-3.76,0.0,1.0,4,1,1,6,861,874,480,315,718,0.439,101,275,0.367,130,186,0.699,98,430,169,85,35,161,204,12,5,7,0.417,-14.76,-3.76,0.0,1.0,4,1,1,6,861,874,72.4,99.1,0.259,0.383,0.534,49.6,53.7,9.8,7.4,0.509,16.6,23.1,0.181
Liberty,14,10,4,0.714,7.64,2.0,1.0,0.0,7,1,1,2,1066,848,560,376,783,0.48,172,424,0.406,142,192,0.74,109,463,263,100,34,159,217,14,10,4,0.714,7.64,2.0,1.0,0.0,7,1,1,2,1066,848,66.1,115.2,0.245,0.542,0.61,51.8,69.9,10.8,7.3,0.59,15.4,25.1,0.181
Lindenwood,15,6,9,0.4,-13.11,-2.19,1.0,1.0,5,0,1,7,1045,1067,610,388,918,0.423,109,329,0.331,160,227,0.705,154,558,188,109,38,207,230,15,6,9,0.4,-13.11,-2.19,1.0,1.0,5,0,1,7,1045,1067,71.0,96.6,0.247,0.358,0.509,49.3,48.5,10.1,7.5,0.482,16.8,26.8,0.174
Lipscomb,14,8,6,0.571,-4.47,-3.56,0.0,1.0,6,1,2,5,1091,985,565,416,866,0.48,110,335,0.328,149,210,0.71,149,525,200,81,46,172,203,14,8,6,0.571,-4.47,-3.56,0.0,1.0,6,1,2,5,1091,985,70.3,109.9,0.242,0.387,0.565,52.9,48.1,8.2,8.7,0.544,15.1,30.8,0.172
Little Rock,15,5,10,0.333,-14.35,-4.27,1.0,1.0,5,0,0,10,1101,1192,600,386,905,0.427,95,302,0.315,234,332,0.705,169,533,199,106,33,214,297,15,5,10,0.333,-14.35,-4.27,1.0,1.0,5,0,0,10,1101,1192,73.6,99.7,0.367,0.334,0.518,48.5,51.6,9.6,5.9,0.479,16.8,30.1,0.259
Long Beach State,14,6,8,0.429,-0.81,1.94,0.0,2.0,3,3,1,4,1056,1015,565,414,900,0.46,64,207,0.309,164,258,0.636,177,569,207,115,38,194,244,14,6,8,0.429,-0.81,1.94,0.0,2.0,3,3,1,4,1056,1015,73.7,101.4,0.287,0.23,0.516,53.4,50.0,11.0,8.1,0.496,15.9,33.8,0.182
Long Island University,14,2,12,0.143,-23.85,1.32,0.0,2.0,2,4,0,6,951,1155,560,349,825,0.423,76,233,0.326,177,285,0.621,141,483,191,94,50,237,233,14,2,12,0.143,-23.85,1.32,0.0,2.0,2,4,0,6,951,1155,75.5,89.9,0.345,0.282,0.495,46.1,54.7,8.9,8.6,0.469,19.8,26.1,0.215
Longwood,15,10,5,0.667,2.05,-4.88,2.0,0.0,6,1,4,4,1182,1008,600,419,899,0.466,126,334,0.377,218,293,0.744,177,548,212,104,35,180,246,15,10,5,0.667,2.05,-4.88,2.0,0.0,6,1,4,4,1182,1008,69.4,113.5,0.326,0.372,0.569,53.1,50.6,10.0,7.6,0.536,14.8,34.2,0.242
Louisiana,14,10,4,0.714,-0.99,-1.81,0.0,2.0,5,0,3,4,1143,1014,565,419,861,0.487,114,297,0.384,191,269,0.71,158,526,228,97,58,179,235,14,10,4,0.714,-0.99,-1.81,0.0,2.0,5,0,3,4,1143,1014,71.9,112.6,0.312,0.345,0.578,53.9,54.4,9.6,9.9,0.553,15.3,33.7,0.222
Louisiana State,13,12,1,0.923,7.21,-1.4,1.0,0.0,9,0,0,0,936,824,520,338,738,0.458,96,274,0.35,164,238,0.689,130,462,179,110,40,165,212,13,12,1,0.923,7.21,-1.4,1.0,0.0,9,0,0,0,936,824,68.4,105.3,0.322,0.371,0.55,51.7,53.0,12.4,8.9,0.523,16.2,30.0,0.222
Louisiana Tech,14,8,6,0.571,-0.3,-1.76,1.0,2.0,5,1,2,5,1088,955,565,390,846,0.461,129,369,0.35,179,248,0.722,157,499,208,129,30,206,260,14,8,6,0.571,-0.3,-1.76,1.0,2.0,5,1,2,5,1088,955,71.8,107.3,0.293,0.436,0.564,53.3,53.3,12.7,7.2,0.537,17.6,32.8,0.212
Louisiana-Monroe,15,6,9,0.4,-12.86,-2.28,2.0,0.0,4,2,2,5,1074,1045,600,380,875,0.434,108,308,0.351,206,296,0.696,181,535,223,128,58,213,231,15,6,9,0.4,-12.86,-2.28,2.0,0.0,4,2,2,5,1074,1045,69.5,103.0,0.338,0.352,0.529,50.8,58.7,12.3,11.0,0.496,17.3,34.2,0.235
Louisville,14,2,12,0.143,-9.17,3.68,0.0,3.0,2,6,0,3,861,1041,560,292,721,0.405,77,248,0.31,200,271,0.738,113,443,118,76,41,232,223,14,2,12,0.143,-9.17,3.68,0.0,3.0,2,6,0,3,861,1041,69.1,88.9,0.376,0.344,0.507,47.7,40.4,7.9,7.8,0.458,21.4,24.8,0.277
Loyola (IL),13,6,7,0.462,-3.59,-2.82,0.0,1.0,4,2,1,1,898,908,530,332,693,0.479,96,285,0.337,138,197,0.701,114,432,179,78,37,214,259,13,6,7,0.462,-3.59,-2.82,0.0,1.0,4,2,1,1,898,908,66.7,101.6,0.284,0.411,0.571,51.5,53.9,8.8,8.3,0.548,21.4,28.9,0.199
Loyola (MD),14,5,9,0.357,-14.61,-4.44,0.0,1.0,3,3,1,5,936,984,560,347,778,0.446,111,312,0.356,131,207,0.633,131,440,209,109,35,209,209,14,5,9,0.357,-14.61,-4.44,0.0,1.0,3,3,1,5,936,984,68.3,97.9,0.266,0.401,0.534,48.5,60.2,11.4,6.9,0.517,19.3,27.7,0.168
Loyola Marymount,16,11,5,0.688,5.97,1.97,1.0,1.0,7,1,2,3,1230,1120,650,446,981,0.455,154,437,0.352,184,279,0.659,171,603,206,98,39,200,317,16,11,5,0.688,5.97,1.97,1.0,1.0,7,1,2,3,1230,1120,70.1,108.0,0.284,0.445,0.552,53.2,46.2,8.6,6.5,0.533,15.2,30.3,0.188
Maine,13,6,7,0.462,-7.46,-2.55,0.0,0.0,3,1,3,5,917,890,525,358,764,0.469,89,268,0.332,112,157,0.713,111,421,186,126,32,166,185,13,6,7,0.462,-7.46,-2.55,0.0,0.0,3,1,3,5,917,890,67.9,102.9,0.205,0.351,0.547,49.1,52.0,14.1,6.9,0.527,16.5,25.9,0.147
Manhattan,13,4,9,0.308,-15.1,-6.68,2.0,2.0,2,4,1,4,905,959,530,331,752,0.44,103,297,0.347,140,214,0.654,111,407,164,101,51,186,223,13,4,9,0.308,-15.1,-6.68,2.0,2.0,2,4,1,4,905,959,69.9,97.6,0.285,0.395,0.53,45.7,49.5,10.9,10.9,0.509,17.9,25.0,0.186
Marist,12,4,8,0.333,-11.88,-8.13,0.0,3.0,2,4,1,4,754,799,485,270,686,0.394,101,315,0.321,113,172,0.657,112,423,133,83,54,153,182,12,4,8,0.333,-11.88,-8.13,0.0,3.0,2,4,1,4,754,799,66.6,93.4,0.251,0.459,0.491,49.1,49.3,10.3,13.4,0.467,16.6,25.5,0.165
Marquette,15,11,4,0.733,16.34,4.81,3.0,1.0,8,1,2,2,1222,1049,615,458,924,0.496,131,382,0.343,175,254,0.689,132,496,268,135,54,169,247,15,11,4,0.733,16.34,4.81,3.0,1.0,8,1,2,2,1222,1049,70.2,113.1,0.275,0.413,0.585,47.9,58.5,12.5,10.3,0.567,13.9,25.8,0.189
Marshall,15,12,3,0.8,9.58,-3.13,1.0,1.0,9,1,3,2,1232,1028,600,492,1053,0.467,121,369,0.328,127,204,0.623,228,654,289,137,88,181,238,15,12,3,0.8,9.58,-3.13,1.0,1.0,9,1,3,2,1232,1028,73.5,111.7,0.194,0.35,0.536,53.9,58.7,12.4,14.7,0.525,13.6,37.9,0.121
Maryland,14,10,4,0.714,12.31,2.74,1.0,2.0,7,1,1,2,1019,885,560,358,795,0.45,100,325,0.308,203,288,0.705,137,512,155,73,60,167,233,14,10,4,0.714,12.31,2.74,1.0,2.0,7,1,1,2,1019,885,68.4,106.4,0.362,0.409,0.547,51.4,43.3,7.6,10.6,0.513,15.2,29.3,0.255
Maryland-Baltimore County,15,9,6,0.6,-4.64,-5.14,0.0,1.0,6,2,3,4,1134,1100,600,405,927,0.437,145,403,0.36,179,234,0.765,155,528,222,85,35,162,217,15,9,6,0.6,-4.64,-5.14,0.0,1.0,6,2,3,4,1134,1100,69.5,108.7,0.252,0.435,0.546,50.8,54.8,8.1,6.5,0.515,13.5,28.7,0.193
Maryland-Eastern Shore,13,6,7,0.462,-8.85,1.51,0.0,0.0,4,0,2,7,868,895,525,317,766,0.414,102,295,0.346,132,181,0.729,128,420,172,126,21,182,208,13,6,7,0.462,-8.85,1.51,0.0,0.0,4,0,2,7,868,895,69.0,95.8,0.236,0.385,0.509,47.9,54.3,13.9,4.9,0.48,17.6,27.9,0.172
Massachusetts,13,9,4,0.692,1.47,-1.07,0.0,1.0,3,2,2,1,904,871,520,325,777,0.418,73,222,0.329,181,268,0.675,168,504,183,94,49,188,225,13,9,4,0.692,1.47,-1.07,0.0,1.0,3,2,2,1,904,871,70.7,98.4,0.345,0.286,0.5,52.4,56.3,10.2,11.1,0.465,17.2,34.1,0.233
Massachusetts-Lowell,15,13,2,0.867,1.69,-8.54,1.0,0.0,7,0,6,2,1197,947,605,457,912,0.501,103,267,0.386,180,265,0.679,186,625,236,122,80,233,251,15,13,2,0.867,1.69,-8.54,1.0,0.0,7,0,6,2,1197,947,72.2,109.6,0.291,0.293,0.577,56.8,51.6,11.2,13.4,0.558,18.3,37.2,0.197
McNeese State,14,4,10,0.286,-13.04,1.89,1.0,0.0,2,3,2,7,900,1038,560,339,808,0.42,114,348,0.328,108,194,0.557,171,489,155,124,24,231,278,14,4,10,0.286,-13.04,1.89,1.0,0.0,2,3,2,7,900,1038,68.3,94.0,0.24,0.431,0.5,49.4,45.7,13.0,5.8,0.49,20.4,32.9,0.134
Memphis,15,11,4,0.733,11.97,4.3,1.0,1.0,7,0,1,3,1180,1065,600,433,921,0.47,82,252,0.325,232,322,0.72,171,550,244,145,80,205,286,15,11,4,0.733,11.97,4.3,1.0,1.0,7,0,1,3,1180,1065,73.9,106.5,0.35,0.274,0.549,50.4,56.4,13.1,15.3,0.515,16.0,32.6,0.252
Mercer,15,7,8,0.467,-4.09,-2.4,0.0,2.0,4,2,1,5,1123,1053,605,418,852,0.491,100,267,0.375,187,262,0.714,142,514,248,86,28,179,265,15,7,8,0.467,-4.09,-2.4,0.0,2.0,4,2,1,5,1123,1053,67.1,110.6,0.308,0.313,0.575,52.3,59.3,8.5,5.1,0.549,15.5,30.7,0.219
Merrimack,16,3,13,0.188,-15.75,-0.75,1.0,1.0,2,3,1,8,904,1039,640,304,796,0.382,107,389,0.275,189,264,0.716,90,420,168,167,57,245,226,16,3,13,0.188,-15.75,-0.75,1.0,1.0,2,3,1,8,904,1039,67.0,84.2,0.332,0.489,0.491,39.9,55.3,15.6,10.4,0.449,21.0,17.2,0.237
Miami (FL),14,13,1,0.929,11.94,1.87,4.0,0.0,9,0,3,0,1090,949,560,405,839,0.483,101,301,0.336,179,237,0.755,154,486,212,112,57,159,205,14,13,1,0.929,11.94,1.87,4.0,0.0,9,0,3,0,1090,949,68.5,113.7,0.282,0.359,0.573,51.4,52.3,11.7,11.3,0.543,14.3,33.3,0.213
Miami (OH),13,6,7,0.462,-10.2,-0.7,0.0,0.0,5,4,1,2,994,971,520,341,766,0.445,122,339,0.36,190,234,0.812,129,425,188,98,47,186,213,13,6,7,0.462,-10.2,-0.7,0.0,0.0,5,4,1,2,994,971,71.6,106.8,0.305,0.443,0.567,49.3,55.1,10.5,10.3,0.525,17.5,29.2,0.248
Michigan,13,8,5,0.615,10.59,3.67,2.0,0.0,5,2,1,0,992,902,525,353,781,0.452,100,286,0.35,186,273,0.681,114,482,170,72,66,125,193,13,8,5,0.615,10.59,3.67,2.0,0.0,5,2,1,0,992,902,70.2,107.7,0.35,0.366,0.545,49.3,48.2,7.8,12.7,0.516,12.1,24.5,0.238
Michigan State,13,9,4,0.692,10.69,6.22,1.0,1.0,5,1,2,1,923,865,530,340,765,0.444,97,255,0.38,146,198,0.737,125,488,213,63,42,144,207,13,9,4,0.692,10.69,6.22,1.0,1.0,5,1,2,1,923,865,66.5,104.8,0.259,0.333,0.537,52.6,62.6,7.2,9.4,0.508,14.4,28.0,0.191
Middle Tennessee,14,9,5,0.643,1.93,-0.24,2.0,1.0,5,1,1,4,996,920,565,371,817,0.454,89,293,0.304,165,248,0.665,165,488,163,114,67,188,254,14,9,5,0.643,1.93,-0.24,2.0,1.0,5,1,1,4,996,920,68.0,103.8,0.304,0.359,0.533,54.3,43.9,11.9,14.7,0.509,16.7,35.0,0.202
Milwaukee,14,9,5,0.643,-4.36,-2.99,3.0,1.0,7,1,2,4,1098,954,560,392,822,0.477,114,303,0.376,200,269,0.743,156,537,199,108,78,210,261,14,9,5,0.643,-4.36,-2.99,3.0,1.0,7,1,2,4,1098,954,71.9,109.1,0.327,0.369,0.578,53.3,50.8,10.7,16.3,0.546,18.1,33.5,0.243
Minnesota,12,6,6,0.5,-2.42,0.91,0.0,2.0,5,3,0,2,761,801,485,274,643,0.426,82,249,0.329,131,223,0.587,119,422,172,59,53,161,178,12,6,6,0.5,-2.42,0.91,0.0,2.0,5,3,0,2,761,801,65.1,96.5,0.347,0.387,0.508,48.3,62.8,7.5,11.0,0.49,17.7,28.5,0.204
Mississippi,13,8,5,0.615,9.7,4.0,0.0,1.0,6,3,0,1,899,825,521,332,753,0.441,77,245,0.314,158,233,0.678,167,490,165,106,62,174,200,13,8,5,0.615,9.7,4.0,0.0,1.0,6,3,0,1,899,825,66.9,103.1,0.309,0.325,0.52,53.3,49.7,12.2,12.2,0.492,16.8,36.8,0.21
Mississippi State,13,11,2,0.846,12.51,-1.1,0.0,1.0,6,1,1,0,886,709,520,320,758,0.422,88,283,0.311,158,244,0.648,179,522,201,131,56,165,178,13,11,2,0.846,12.51,-1.1,0.0,1.0,6,1,1,0,886,709,65.9,103.4,0.322,0.373,0.507,54.6,62.8,15.3,14.1,0.48,15.9,37.0,0.208
Mississippi Valley State,14,1,13,0.071,-20.05,4.38,0.0,0.0,1,0,0,11,739,1081,560,263,712,0.369,61,181,0.337,152,244,0.623,138,440,118,86,30,244,242,14,1,13,0.071,-20.05,4.38,0.0,0.0,1,0,0,11,739,1081,66.7,79.1,0.343,0.254,0.446,45.9,44.9,9.2,6.9,0.412,22.8,27.9,0.213
Missouri,13,12,1,0.923,13.86,-0.22,1.0,0.0,9,1,1,0,1154,971,525,426,833,0.511,130,350,0.371,172,229,0.751,137,428,258,162,44,160,239,13,12,1,0.923,13.86,-0.22,1.0,0.0,9,1,1,0,1154,971,73.7,119.3,0.275,0.42,0.613,47.9,60.6,16.8,10.2,0.589,14.5,31.3,0.206
Missouri State,14,7,7,0.5,4.65,2.88,3.0,1.0,4,2,2,3,915,857,560,342,776,0.441,116,345,0.336,115,195,0.59,140,482,165,98,55,171,216,14,7,7,0.5,4.65,2.88,3.0,1.0,4,2,2,3,915,857,64.4,101.4,0.251,0.445,0.527,51.6,48.2,10.9,11.5,0.515,16.4,30.0,0.148
Monmouth,14,1,13,0.071,-19.67,2.33,0.0,1.0,0,5,1,8,831,1139,560,304,777,0.391,63,227,0.278,160,257,0.623,155,441,161,112,30,236,279,14,1,13,0.071,-19.67,2.33,0.0,1.0,0,5,1,8,831,1139,69.8,85.1,0.331,0.292,0.462,46.2,53.0,11.5,6.8,0.432,20.8,30.0,0.206
Montana,14,7,7,0.5,-0.39,0.61,1.0,1.0,5,2,1,5,968,969,560,337,745,0.452,105,299,0.351,189,244,0.775,106,436,163,68,39,162,277,14,7,7,0.5,-0.39,0.61,1.0,1.0,5,2,1,5,968,969,65.5,105.6,0.328,0.401,0.562,50.2,48.4,7.4,8.5,0.523,15.8,24.6,0.254
Montana State,15,8,7,0.533,0.65,0.96,1.0,1.0,5,1,3,3,1149,1026,600,410,865,0.474,118,343,0.344,211,292,0.723,139,534,216,101,45,192,280,15,8,7,0.533,0.65,0.96,1.0,1.0,5,1,3,3,1149,1026,70.6,108.5,0.338,0.397,0.572,53.0,52.7,9.5,8.7,0.542,16.1,28.4,0.244
Morehead State,15,8,7,0.533,-11.65,-0.02,1.0,1.0,6,1,2,6,1064,1023,600,362,855,0.423,106,340,0.312,234,315,0.743,156,564,201,91,53,195,250,15,8,7,0.533,-11.65,-0.02,1.0,1.0,6,1,2,6,1064,1023,69.8,101.6,0.368,0.398,0.53,53.2,55.5,8.7,8.9,0.485,16.3,29.3,0.274
Morgan State,13,5,8,0.385,-7.64,1.76,0.0,0.0,3,0,1,7,1019,921,530,393,841,0.467,88,235,0.374,145,212,0.684,166,461,214,160,53,211,296,13,5,8,0.385,-7.64,1.76,0.0,0.0,3,0,1,7,1019,921,74.5,103.2,0.252,0.279,0.541,48.7,54.5,16.2,11.4,0.52,18.3,34.5,0.172
Mount St. Mary's,14,5,9,0.357,-6.61,-3.53,1.0,2.0,2,3,3,6,897,915,560,327,788,0.415,93,269,0.346,150,209,0.718,152,493,192,86,40,192,233,14,5,9,0.357,-6.61,-3.53,1.0,2.0,2,3,3,6,897,915,66.4,96.6,0.265,0.341,0.505,50.2,58.7,9.3,8.0,0.474,17.8,30.8,0.19
Murray State,14,8,6,0.571,-2.95,-3.03,3.0,1.0,4,1,2,4,999,961,570,357,795,0.449,88,279,0.315,197,276,0.714,135,517,176,75,40,159,211,14,8,6,0.571,-2.95,-3.03,3.0,1.0,4,1,2,4,999,961,67.1,104.5,0.347,0.351,0.539,51.2,49.3,7.8,7.7,0.504,14.7,28.1,0.248
Navy,13,8,5,0.615,-1.82,-2.66,1.0,0.0,5,0,3,5,953,904,530,361,751,0.481,123,303,0.406,108,152,0.711,125,445,202,78,29,167,209,13,8,5,0.615,-1.82,-2.66,1.0,0.0,5,0,3,5,953,904,65.5,109.9,0.202,0.403,0.579,51.4,56.0,9.0,6.6,0.563,16.9,30.7,0.144
NC State,15,11,4,0.733,12.19,0.92,1.0,3.0,8,1,0,2,1193,1024,600,432,953,0.453,136,388,0.351,193,271,0.712,175,571,222,134,65,166,255,15,11,4,0.733,12.19,0.92,1.0,3.0,8,1,0,2,1193,1024,71.7,111.0,0.284,0.407,0.551,52.7,51.4,12.5,11.3,0.525,13.3,31.6,0.203
Nebraska,14,8,6,0.571,9.04,5.76,1.0,2.0,6,1,1,3,953,907,565,359,813,0.442,92,305,0.302,143,218,0.656,157,542,193,84,36,186,183,14,8,6,0.571,9.04,5.76,1.0,2.0,6,1,1,3,953,907,67.5,100.0,0.268,0.375,0.52,52.8,53.8,8.8,7.3,0.498,16.9,32.0,0.176
Nevada,15,12,3,0.8,9.56,3.99,2.0,0.0,7,0,3,2,1098,976,605,349,805,0.434,118,337,0.35,282,356,0.792,114,526,210,83,53,158,281,15,12,3,0.8,9.56,3.99,2.0,0.0,7,0,3,2,1098,976,67.5,107.5,0.442,0.419,0.564,49.9,60.2,8.1,10.1,0.507,14.0,23.0,0.35
Nevada-Las Vegas,14,11,3,0.786,10.7,2.86,0.0,2.0,6,2,1,1,1077,903,565,379,856,0.443,116,338,0.343,203,288,0.705,164,508,202,149,52,178,218,14,11,3,0.786,10.7,2.86,0.0,2.0,6,2,1,1,1077,903,71.6,106.5,0.336,0.395,0.542,49.2,53.3,14.7,12.7,0.511,15.2,31.4,0.237
New Hampshire,13,6,7,0.462,-9.53,-6.34,1.0,0.0,4,2,2,5,872,832,525,309,782,0.395,116,322,0.36,138,189,0.73,148,500,161,72,31,136,196,13,6,7,0.462,-9.53,-6.34,1.0,0.0,4,2,2,5,872,832,65.8,100.9,0.242,0.412,0.5,50.9,52.1,8.3,6.7,0.469,13.5,29.3,0.176
New Mexico,14,14,0,1.0,14.56,0.56,2.0,0.0,10,0,3,0,1178,957,560,410,838,0.489,86,237,0.363,272,371,0.733,145,558,227,104,67,161,240,14,14,0,1.0,14.56,0.56,2.0,0.0,10,0,3,0,1178,957,73.8,114.0,0.443,0.283,0.581,54.4,55.4,10.1,12.8,0.541,13.7,30.5,0.325
New Mexico State,14,7,7,0.5,4.92,5.01,0.0,2.0,4,2,1,3,1081,949,560,389,852,0.457,117,330,0.355,186,269,0.691,149,526,189,108,37,172,246,14,7,7,0.5,4.92,5.01,0.0,2.0,4,2,1,3,1081,949,71.8,107.6,0.316,0.387,0.552,53.1,48.6,10.7,8.3,0.525,14.9,30.5,0.218
New Orleans,12,3,9,0.25,-18.19,-0.49,0.0,1.0,3,3,0,6,824,991,485,294,677,0.434,76,194,0.392,160,230,0.696,107,356,175,80,20,221,228,12,3,9,0.25,-18.19,-0.49,0.0,1.0,3,3,0,6,824,991,73.8,92.1,0.34,0.287,0.524,45.8,59.5,8.9,4.7,0.49,21.9,25.8,0.236
Niagara,12,7,5,0.583,-6.77,-3.4,2.0,1.0,4,0,1,5,779,778,480,287,645,0.445,78,217,0.359,127,176,0.722,100,390,144,56,34,142,183,12,7,5,0.583,-6.77,-3.4,2.0,1.0,4,0,1,5,779,778,64.3,100.9,0.273,0.336,0.535,50.3,50.2,7.3,7.3,0.505,16.3,27.1,0.197
Nicholls State,13,6,7,0.462,-4.15,8.63,1.0,0.0,5,0,0,6,1012,953,520,380,837,0.454,101,303,0.333,151,233,0.648,145,458,199,138,35,197,300,13,6,7,0.462,-4.15,8.63,1.0,0.0,5,0,0,6,1012,953,76.9,101.3,0.278,0.362,0.534,48.5,52.4,13.8,8.2,0.514,17.2,29.4,0.18
NJIT,14,3,11,0.214,-12.24,-4.7,0.0,1.0,2,4,1,7,895,965,560,315,767,0.411,92,280,0.329,173,266,0.65,125,473,175,86,44,168,225,14,3,11,0.214,-12.24,-4.7,0.0,1.0,2,4,1,7,895,965,66.6,96.0,0.347,0.365,0.501,47.1,55.6,9.2,8.3,0.471,15.8,25.2,0.226
Norfolk State,14,9,5,0.643,-5.1,0.9,0.0,0.0,4,0,2,5,1042,980,560,386,823,0.469,101,309,0.327,169,238,0.71,151,488,195,93,51,168,242,14,9,5,0.643,-5.1,0.9,0.0,0.0,4,0,2,5,1042,980,68.4,108.9,0.289,0.375,0.557,51.5,50.5,9.7,11.9,0.53,15.2,32.9,0.205
North Alabama,14,9,5,0.643,-9.25,-3.8,1.0,0.0,4,0,4,5,1062,987,560,388,831,0.467,104,272,0.382,182,271,0.672,135,516,179,90,47,173,240,14,9,5,0.643,-9.25,-3.8,1.0,0.0,4,0,4,5,1062,987,71.2,106.5,0.326,0.327,0.553,51.8,46.1,9.0,8.5,0.529,15.3,28.0,0.219
North Carolina,14,9,5,0.643,15.19,8.9,1.0,2.0,6,0,0,3,1133,1045,585,387,846,0.457,90,292,0.308,269,364,0.739,149,563,183,83,58,163,233,14,9,5,0.643,15.19,8.9,1.0,2.0,6,0,0,3,1133,1045,70.7,109.6,0.43,0.345,0.556,53.0,47.3,8.0,10.0,0.511,13.8,29.6,0.318
North Carolina A&T,15,6,9,0.4,-8.56,3.11,1.0,1.0,4,0,1,6,1076,1098,605,385,897,0.429,137,392,0.349,169,241,0.701,131,508,182,113,45,185,266,15,6,9,0.4,-8.56,3.11,1.0,1.0,4,0,1,6,1076,1098,70.3,101.1,0.269,0.437,0.532,47.8,47.3,10.6,7.7,0.506,15.5,24.9,0.188
North Carolina Central,13,6,7,0.462,-0.68,2.72,0.0,0.0,6,0,0,7,1021,893,525,380,776,0.49,107,257,0.416,154,220,0.7,122,438,208,109,28,177,248,13,6,7,0.462,-0.68,2.72,0.0,0.0,6,0,0,7,1021,893,71.0,109.5,0.284,0.331,0.58,51.3,54.7,11.7,6.6,0.559,16.7,29.0,0.198
North Dakota,15,6,9,0.4,-10.24,-1.08,0.0,2.0,4,4,2,5,1036,1073,605,379,843,0.45,120,339,0.354,158,242,0.653,148,515,189,71,42,207,244,15,6,9,0.4,-10.24,-1.08,0.0,2.0,4,4,2,5,1036,1073,67.2,102.0,0.287,0.402,0.541,50.6,49.9,7.0,7.2,0.521,17.8,29.4,0.187
North Dakota State,15,4,11,0.267,-8.27,1.74,1.0,2.0,2,2,2,7,1060,1124,600,378,874,0.432,120,377,0.318,184,271,0.679,132,538,163,60,39,189,246,15,4,11,0.267,-8.27,1.74,1.0,2.0,2,2,2,7,1060,1124,70.6,100.1,0.31,0.431,0.529,50.8,43.1,5.7,6.3,0.501,15.9,24.8,0.211
North Florida,13,6,7,0.462,-8.4,0.88,1.0,0.0,5,0,1,7,986,1008,525,347,786,0.441,125,381,0.328,167,244,0.684,121,474,182,71,47,178,199,13,6,7,0.462,-8.4,0.88,1.0,0.0,5,0,1,7,986,1008,72.7,103.4,0.31,0.485,0.547,47.6,52.4,7.4,7.1,0.521,16.5,25.4,0.212
North Texas,14,11,3,0.786,9.64,1.39,2.0,1.0,5,1,2,1,864,729,560,295,744,0.397,99,316,0.313,175,246,0.711,181,508,144,92,36,152,238,14,11,3,0.786,9.64,1.39,2.0,1.0,5,1,2,1,864,729,59.6,103.5,0.331,0.425,0.502,54.4,48.8,11.0,8.7,0.463,15.0,37.4,0.235
Northeastern,13,5,8,0.385,-7.78,-3.47,1.0,1.0,3,2,1,5,851,907,525,316,767,0.412,96,299,0.321,123,197,0.624,150,481,169,75,55,187,218,13,5,8,0.385,-7.78,-3.47,1.0,1.0,3,2,1,5,851,907,68.1,95.3,0.257,0.39,0.494,51.5,53.5,8.4,10.0,0.475,17.9,31.9,0.16
Northern Arizona,15,4,11,0.267,-8.07,2.93,0.0,2.0,3,2,1,8,1082,1138,610,395,939,0.421,126,371,0.34,166,239,0.695,168,534,236,91,27,185,296,15,4,11,0.267,-8.07,2.93,0.0,2.0,3,2,1,8,1082,1138,70.1,101.2,0.255,0.395,0.514,49.6,59.7,8.5,5.2,0.488,14.9,28.8,0.177
Northern Colorado,14,5,9,0.357,-5.99,2.86,0.0,2.0,1,3,2,6,1011,1127,570,337,787,0.428,125,350,0.357,212,273,0.777,106,451,162,59,20,181,249,14,5,9,0.357,-5.99,2.86,0.0,2.0,1,3,2,6,1011,1127,69.4,102.1,0.347,0.445,0.551,46.7,48.1,6.0,3.4,0.508,16.5,22.5,0.269
Northern Illinois,13,4,9,0.308,-10.33,-0.23,0.0,0.0,1,2,2,6,900,991,520,332,752,0.441,89,277,0.321,147,216,0.681,120,443,143,83,37,206,244,13,4,9,0.308,-10.33,-0.23,0.0,0.0,1,2,2,6,900,991,72.5,95.4,0.287,0.368,0.527,47.8,43.1,8.8,7.5,0.501,19.4,25.9,0.195
Northern Iowa,14,6,8,0.429,-0.85,-0.47,2.0,2.0,4,4,1,2,975,924,560,353,776,0.455,100,303,0.33,169,254,0.665,120,469,158,100,23,181,206,14,6,8,0.429,-0.85,-0.47,2.0,2.0,4,4,1,2,975,924,68.4,101.8,0.327,0.39,0.544,50.1,44.8,10.4,5.5,0.519,16.8,25.6,0.218
Northern Kentucky,15,9,6,0.6,-2.42,0.43,4.0,0.0,8,1,1,2,995,952,620,361,850,0.425,108,320,0.338,165,258,0.64,172,501,199,141,38,190,228,15,9,6,0.6,-2.42,0.43,4.0,0.0,8,1,1,2,995,952,64.1,100.2,0.304,0.376,0.512,49.4,55.1,14.2,7.9,0.488,16.3,32.2,0.194
Northwestern,13,10,3,0.769,12.17,1.86,1.0,1.0,7,2,2,0,875,741,520,298,777,0.384,105,340,0.309,174,232,0.75,156,510,179,108,65,149,204,13,10,3,0.769,12.17,1.86,1.0,1.0,7,2,2,0,875,741,67.5,99.8,0.299,0.438,0.493,52.4,60.1,12.3,16.9,0.451,14.4,31.3,0.224
Northwestern State,14,8,6,0.571,-4.02,-0.18,0.0,1.0,3,2,4,4,981,1020,565,357,911,0.392,127,370,0.343,140,207,0.676,193,470,150,124,32,155,265,14,8,6,0.571,-4.02,-0.18,0.0,1.0,3,2,4,4,981,1020,68.7,101.1,0.227,0.406,0.486,45.4,42.0,12.8,6.3,0.462,13.3,32.4,0.154
Notre Dame,14,8,6,0.571,3.15,1.43,0.0,3.0,8,3,0,1,982,958,560,358,772,0.464,123,324,0.38,143,179,0.799,89,432,169,60,47,135,166,14,8,6,0.571,3.15,1.43,0.0,3.0,8,3,0,1,982,958,64.5,108.7,0.232,0.42,0.573,48.5,47.2,6.6,8.7,0.543,13.6,20.3,0.185
Oakland,15,4,11,0.267,-8.58,0.92,2.0,2.0,4,2,0,6,1097,1165,610,395,916,0.431,119,384,0.31,188,259,0.726,127,471,187,100,38,157,205,15,4,11,0.267,-8.58,0.92,2.0,2.0,4,2,0,6,1097,1165,70.1,102.7,0.283,0.419,0.528,44.2,47.3,9.4,6.7,0.496,13.1,23.2,0.205
Ohio,13,8,5,0.615,0.88,-1.29,0.0,0.0,6,0,2,4,1007,912,525,378,817,0.463,108,300,0.36,143,200,0.715,159,510,190,89,36,150,210,13,8,5,0.615,0.88,-1.29,0.0,0.0,6,0,2,4,1007,912,69.1,111.1,0.245,0.367,0.552,52.9,50.3,9.8,7.5,0.529,14.1,34.0,0.175
Ohio State,13,10,3,0.769,20.5,3.96,2.0,0.0,7,0,1,1,1053,838,525,393,799,0.492,99,264,0.375,168,230,0.73,164,532,188,62,55,151,192,13,10,3,0.769,20.5,3.96,2.0,0.0,7,0,1,1,1053,838,68.4,117.3,0.288,0.33,0.58,56.4,47.8,6.9,10.6,0.554,14.3,37.2,0.21
Oklahoma,13,9,4,0.692,13.29,5.67,0.0,1.0,5,2,0,1,897,798,520,333,662,0.503,93,236,0.394,138,193,0.715,79,411,184,74,37,164,182,13,9,4,0.692,13.29,5.67,0.0,1.0,5,2,0,1,897,798,64.5,106.9,0.292,0.356,0.595,52.0,55.3,8.8,7.7,0.573,17.9,22.1,0.208
Oklahoma State,13,8,5,0.615,13.87,4.64,0.0,1.0,5,1,1,2,927,807,525,331,736,0.45,96,284,0.338,169,233,0.725,149,506,183,85,68,194,212,13,8,5,0.615,13.87,4.64,0.0,1.0,5,1,1,2,927,807,68.2,103.5,0.317,0.386,0.547,55.1,55.3,9.5,15.5,0.515,18.6,34.6,0.23
Old Dominion,14,9,5,0.643,1.74,-0.42,1.0,1.0,8,1,0,2,949,907,560,348,807,0.431,70,202,0.347,183,293,0.625,179,534,156,88,53,149,228,14,9,5,0.643,1.74,-0.42,1.0,1.0,8,1,0,2,949,907,65.6,103.3,0.363,0.25,0.501,53.2,44.8,9.6,12.2,0.475,13.6,34.4,0.227
Omaha,15,5,10,0.333,-7.68,3.32,1.0,2.0,3,3,0,7,1033,1155,600,376,844,0.445,87,260,0.335,194,245,0.792,121,462,193,96,55,205,253,15,5,10,0.333,-7.68,3.32,1.0,2.0,3,3,0,7,1033,1155,69.4,99.2,0.29,0.308,0.538,46.7,51.3,9.2,10.5,0.497,17.6,24.4,0.23
Oral Roberts,15,12,3,0.8,10.45,2.9,3.0,0.0,8,0,4,3,1275,1088,600,462,987,0.468,169,452,0.374,182,238,0.765,142,564,239,109,92,155,200,15,12,3,0.8,10.45,2.9,3.0,0.0,8,0,4,3,1275,1088,74.2,114.7,0.241,0.458,0.58,49.8,51.7,9.8,15.9,0.554,12.4,25.7,0.184
Oregon,14,8,6,0.571,13.22,8.15,2.0,1.0,7,3,0,1,982,911,560,354,782,0.453,94,310,0.303,180,272,0.662,166,532,186,78,74,185,209,14,8,6,0.571,13.22,8.15,2.0,1.0,7,3,0,1,982,911,66.7,105.1,0.348,0.396,0.539,55.1,52.5,8.4,14.8,0.513,16.9,35.2,0.23
Oregon State,14,7,7,0.5,-0.44,1.02,1.0,2.0,7,1,0,3,917,919,560,315,712,0.442,81,251,0.323,206,272,0.757,96,437,166,71,56,186,256,14,7,7,0.5,-0.44,1.02,1.0,2.0,7,1,0,3,917,919,66.5,98.5,0.382,0.353,0.545,49.4,52.7,7.6,11.5,0.499,18.1,23.5,0.289
Pacific,17,8,9,0.471,-2.38,-2.25,1.0,1.0,4,7,4,2,1260,1244,690,441,985,0.448,148,386,0.383,230,328,0.701,150,549,200,98,49,213,333,17,8,9,0.471,-2.38,-2.25,1.0,1.0,4,7,4,2,1260,1244,69.6,105.0,0.333,0.392,0.552,47.1,45.4,8.2,8.3,0.523,15.7,25.6,0.234
Penn State,14,11,3,0.786,11.77,1.77,2.0,1.0,8,1,1,1,1064,924,570,388,834,0.465,154,397,0.388,134,172,0.779,85,483,219,74,34,123,210,14,11,3,0.786,11.77,1.77,2.0,1.0,8,1,1,1,1064,924,66.8,111.8,0.206,0.476,0.581,48.5,56.4,7.8,6.7,0.558,11.8,18.3,0.161
Pennsylvania,14,7,7,0.5,-0.67,0.72,0.0,0.0,5,3,2,4,1037,1023,575,376,827,0.455,122,348,0.351,163,220,0.741,148,527,224,78,45,181,258,14,7,7,0.5,-0.67,0.72,0.0,0.0,5,3,2,4,1037,1023,66.9,107.8,0.266,0.421,0.557,52.9,59.6,8.1,9.8,0.528,16.3,30.9,0.197
Pepperdine,15,7,8,0.467,4.11,4.34,0.0,1.0,6,2,0,5,1178,1144,610,437,929,0.47,133,349,0.381,171,246,0.695,135,570,230,87,73,220,257,15,7,8,0.467,4.11,4.34,0.0,1.0,6,2,0,5,1178,1144,74.3,104.0,0.265,0.376,0.563,50.8,52.6,7.7,11.0,0.542,17.4,25.9,0.184
Pittsburgh,14,10,4,0.714,9.01,1.15,3.0,0.0,7,1,3,1,1061,951,560,371,820,0.452,123,360,0.342,196,270,0.726,163,559,208,80,57,188,226,14,10,4,0.714,9.01,1.15,3.0,0.0,7,1,3,1,1061,951,70.0,108.3,0.329,0.439,0.559,54.1,56.1,8.2,11.0,0.527,16.5,33.3,0.239
Portland,17,8,9,0.471,3.1,1.43,0.0,2.0,6,4,1,4,1319,1246,680,440,960,0.458,162,430,0.377,277,390,0.71,139,583,270,90,42,220,309,17,8,9,0.471,3.1,1.43,0.0,2.0,6,4,1,4,1319,1246,72.4,107.1,0.406,0.448,0.576,49.4,61.4,7.3,7.0,0.543,16.1,24.2,0.289
Portland State,14,6,8,0.429,-2.67,3.92,0.0,1.0,3,1,2,5,1102,1025,560,382,857,0.446,112,335,0.334,226,301,0.751,153,469,204,116,40,184,325,14,6,8,0.429,-2.67,3.92,0.0,1.0,3,1,2,5,1102,1025,73.6,107.0,0.351,0.391,0.551,48.6,53.4,11.3,8.6,0.511,15.5,30.2,0.264
Prairie View,13,4,9,0.308,-7.09,1.73,0.0,0.0,3,0,1,8,912,967,520,334,813,0.411,77,261,0.295,167,231,0.723,156,441,145,106,37,166,265,13,4,9,0.308,-7.09,1.73,0.0,0.0,3,0,1,8,912,967,71.4,98.3,0.284,0.321,0.494,50.1,43.4,11.4,8.8,0.458,15.2,31.9,0.205
Presbyterian,15,5,10,0.333,-12.21,-3.75,1.0,1.0,5,1,0,7,970,1026,604,350,824,0.425,87,294,0.296,183,292,0.627,169,513,170,81,48,193,272,15,5,10,0.333,-12.21,-3.75,1.0,1.0,5,1,0,7,970,1026,65.4,98.2,0.354,0.357,0.504,50.9,48.6,8.2,9.1,0.478,16.7,32.6,0.222
Princeton,14,10,4,0.714,3.62,-4.55,1.0,0.0,5,2,3,1,1061,911,560,392,820,0.478,122,338,0.361,155,223,0.695,134,554,207,78,46,186,209,14,10,4,0.714,3.62,-4.55,1.0,0.0,5,2,3,1,1061,911,69.9,108.4,0.272,0.412,0.573,56.4,52.8,8.0,8.2,0.552,16.7,29.4,0.189
Providence,15,12,3,0.8,11.49,-0.98,4.0,0.0,8,0,4,1,1203,1016,610,422,888,0.475,91,268,0.34,268,368,0.728,193,602,226,121,76,200,222,15,12,3,0.8,11.49,-0.98,4.0,0.0,8,0,4,1,1203,1016,70.0,112.6,0.414,0.302,0.566,57.1,53.6,11.3,12.3,0.526,15.8,38.4,0.302
Purdue,13,13,0,1.0,18.74,2.05,2.0,0.0,7,0,2,0,1004,787,525,342,745,0.459,91,298,0.305,229,303,0.756,169,543,201,62,58,132,182,13,13,0,1.0,18.74,2.05,2.0,0.0,7,0,2,0,1004,787,65.6,116.6,0.407,0.4,0.565,59.0,58.8,7.2,12.2,0.52,12.9,39.1,0.307
Purdue-Fort Wayne,15,10,5,0.667,2.18,-0.59,2.0,2.0,6,1,3,3,1151,970,606,413,923,0.447,157,447,0.351,168,246,0.683,156,584,222,120,36,209,208,15,10,5,0.667,2.18,-0.59,2.0,2.0,6,1,3,3,1151,970,71.8,105.8,0.267,0.484,0.553,53.1,53.8,11.0,6.8,0.533,16.7,28.3,0.182
Queens (NC),15,11,4,0.733,-2.65,-4.56,1.0,1.0,5,0,4,4,1206,1085,600,418,913,0.458,138,398,0.347,232,325,0.714,195,614,223,96,37,208,234,15,11,4,0.733,-2.65,-4.56,1.0,1.0,5,0,4,4,1206,1085,71.7,112.2,0.356,0.436,0.565,55.0,53.3,8.9,6.1,0.533,16.3,35.7,0.254
Quinnipiac,15,10,5,0.667,-1.64,-6.0,1.0,3.0,3,2,5,2,1101,1022,600,397,896,0.443,121,334,0.362,186,296,0.628,184,590,204,102,39,195,246,15,10,5,0.667,-1.64,-6.0,1.0,3.0,3,2,5,2,1101,1022,70.0,104.9,0.33,0.373,0.531,54.1,51.4,9.7,7.2,0.511,15.8,33.9,0.208
Radford,15,7,8,0.467,-1.56,-2.49,1.0,1.0,5,0,1,8,1090,982,600,401,863,0.465,109,292,0.373,179,269,0.665,149,504,194,114,56,182,258,15,7,8,0.467,-1.56,-2.49,1.0,1.0,5,0,1,8,1090,982,68.0,106.9,0.312,0.338,0.55,50.5,48.4,11.2,10.8,0.528,15.5,29.7,0.207
Rhode Island,13,4,9,0.308,-3.31,-0.54,0.0,1.0,3,4,0,3,853,889,525,296,744,0.398,67,226,0.296,194,264,0.735,165,501,163,75,48,191,235,13,4,9,0.308,-3.31,-0.54,0.0,1.0,3,4,0,3,853,889,67.9,95.7,0.355,0.304,0.491,52.7,55.1,8.4,9.6,0.443,18.0,34.6,0.261
Rice,14,11,3,0.786,-0.73,-2.46,2.0,1.0,8,0,3,3,1156,1017,570,408,835,0.489,130,365,0.356,210,285,0.737,125,536,254,87,27,198,215,14,11,3,0.786,-0.73,-2.46,2.0,1.0,8,0,3,3,1156,1017,73.3,110.6,0.341,0.437,0.596,53.8,62.3,8.3,4.9,0.566,16.9,26.7,0.251
Richmond,14,7,7,0.5,4.48,-0.44,0.0,1.0,6,1,0,4,974,905,570,346,779,0.444,130,357,0.364,152,219,0.694,105,484,186,84,37,170,205,14,7,7,0.5,4.48,-0.44,0.0,1.0,6,1,0,4,974,905,66.3,103.1,0.281,0.458,0.552,50.4,53.8,8.9,7.8,0.528,16.1,22.9,0.195
Rider,12,6,6,0.5,-4.54,-4.08,3.0,0.0,3,1,3,3,859,827,480,319,734,0.435,67,205,0.327,154,202,0.762,152,463,145,64,31,134,227,12,6,6,0.5,-4.54,-4.08,3.0,0.0,3,1,3,3,859,827,67.1,106.6,0.275,0.279,0.518,52.9,45.5,7.9,8.2,0.48,13.9,35.0,0.21
Robert Morris,15,7,8,0.467,-3.53,-0.53,2.0,2.0,4,2,3,3,1029,978,600,389,870,0.447,111,300,0.37,140,218,0.642,143,519,201,99,56,199,233,15,7,8,0.467,-3.53,-0.53,2.0,2.0,4,2,3,3,1029,978,68.5,100.2,0.251,0.345,0.528,49.7,51.7,9.6,9.6,0.511,17.0,27.4,0.161
Rutgers,13,9,4,0.692,19.49,0.95,1.0,1.0,9,1,0,2,950,709,520,348,785,0.443,73,238,0.307,181,250,0.724,164,519,208,133,53,161,205,13,9,4,0.692,19.49,0.95,1.0,1.0,9,1,0,2,950,709,69.2,105.7,0.318,0.303,0.526,54.4,59.8,14.8,12.8,0.49,15.1,34.7,0.231
Sacramento State,14,8,6,0.571,-1.81,1.19,1.0,0.0,5,0,3,3,947,947,575,342,769,0.445,106,290,0.366,157,227,0.692,152,510,188,73,40,207,220,14,8,6,0.571,-1.81,1.19,1.0,0.0,5,0,3,3,947,947,64.9,101.6,0.295,0.377,0.54,53.5,55.0,7.8,6.6,0.514,19.1,32.5,0.204
Sacred Heart,16,7,9,0.438,-12.79,-7.79,1.0,1.0,3,3,4,6,1134,1168,640,414,990,0.418,125,397,0.315,181,259,0.699,162,577,221,132,53,219,247,16,7,9,0.438,-12.79,-7.79,1.0,1.0,3,3,4,6,1134,1168,72.7,97.5,0.262,0.401,0.509,48.3,53.4,11.3,8.8,0.481,16.4,26.6,0.183
Saint Francis (PA),15,5,10,0.333,-12.53,-1.83,2.0,0.0,5,3,0,7,1103,1145,600,400,877,0.456,121,316,0.383,182,260,0.7,133,500,212,73,24,189,246,15,5,10,0.333,-12.53,-1.83,2.0,0.0,5,3,0,7,1103,1145,70.3,104.6,0.296,0.36,0.551,49.2,53.0,6.9,4.0,0.525,15.9,26.1,0.208
Saint Joseph's,13,6,7,0.462,-2.3,-1.45,0.0,1.0,5,3,1,1,932,943,525,314,741,0.424,115,341,0.337,189,276,0.685,130,443,164,87,34,176,236,13,6,7,0.462,-2.3,-1.45,0.0,1.0,5,3,1,1,932,943,69.9,101.5,0.372,0.46,0.534,48.0,52.2,9.5,8.3,0.501,16.8,27.8,0.255
Saint Louis,14,9,5,0.643,6.79,4.41,1.0,0.0,7,2,1,2,1075,1001,560,389,874,0.445,95,296,0.321,202,266,0.759,171,580,236,63,54,165,237,14,9,5,0.643,6.79,4.41,1.0,0.0,7,2,1,2,1075,1001,71.0,108.1,0.304,0.339,0.537,54.4,60.7,6.3,9.9,0.499,14.2,33.8,0.231
Saint Mary's (CA),16,12,4,0.75,18.73,7.04,2.0,0.0,8,2,1,0,1113,926,645,408,896,0.455,122,330,0.37,175,274,0.639,176,589,201,120,54,180,252,16,12,4,0.75,18.73,7.04,2.0,0.0,8,2,1,0,1113,926,64.2,107.5,0.306,0.368,0.542,56.0,49.3,11.6,9.4,0.523,14.9,33.4,0.195
Saint Peter's,14,7,7,0.5,-10.83,-5.21,2.0,3.0,6,1,1,6,890,916,560,323,833,0.388,93,304,0.306,151,223,0.677,200,537,158,83,53,180,323,14,7,7,0.5,-10.83,-5.21,2.0,3.0,6,1,1,6,890,916,65.7,96.8,0.268,0.365,0.474,53.6,48.9,9.0,12.2,0.444,16.1,36.7,0.181
Sam Houston State,14,11,3,0.786,10.05,2.65,1.0,1.0,4,0,5,3,1105,774,560,422,894,0.472,132,340,0.388,129,191,0.675,195,557,216,144,27,181,234,14,11,3,0.786,10.05,2.65,1.0,1.0,4,0,5,3,1105,774,69.1,114.3,0.214,0.38,0.561,57.2,51.2,14.9,7.4,0.546,15.5,39.2,0.144
Samford,15,8,7,0.533,-1.02,-4.11,2.0,0.0,6,2,2,5,1181,1054,610,389,880,0.442,123,375,0.328,280,374,0.749,182,574,183,115,41,215,287,15,8,7,0.533,-1.02,-4.11,2.0,0.0,6,2,2,5,1181,1054,71.3,108.5,0.425,0.426,0.558,53.3,47.0,10.6,8.2,0.512,16.9,33.6,0.318
San Diego,16,8,8,0.5,1.02,3.02,1.0,1.0,6,3,2,3,1249,1226,650,434,971,0.447,129,345,0.374,252,330,0.764,176,554,219,115,32,185,279,16,8,8,0.5,1.02,3.02,1.0,1.0,6,3,2,3,1249,1226,70.1,109.6,0.34,0.355,0.554,50.2,50.5,10.1,5.9,0.513,14.1,30.8,0.26
San Diego State,14,11,3,0.786,16.55,8.25,2.0,0.0,8,0,2,0,1053,907,565,369,810,0.456,107,298,0.359,208,287,0.725,140,499,190,124,44,187,229,14,11,3,0.786,16.55,8.25,2.0,0.0,8,0,2,0,1053,907,70.4,105.9,0.354,0.368,0.556,53.0,51.5,12.5,9.5,0.522,16.5,30.1,0.257
San Francisco,17,11,6,0.647,5.73,-0.14,0.0,2.0,7,2,2,2,1269,1158,680,437,1000,0.437,166,499,0.333,229,313,0.732,176,625,233,124,38,244,305,17,11,6,0.647,5.73,-0.14,0.0,2.0,7,2,2,2,1269,1158,71.4,104.6,0.313,0.499,0.552,52.8,53.3,10.2,5.6,0.52,17.5,29.9,0.229
San Jose State,15,11,4,0.733,3.37,0.37,2.0,0.0,6,1,3,2,1047,983,605,381,831,0.458,117,331,0.353,168,251,0.669,168,590,203,49,62,187,230,15,11,4,0.733,3.37,0.37,2.0,0.0,6,1,3,2,1047,983,64.2,107.8,0.302,0.398,0.551,58.0,53.3,5.0,11.4,0.529,16.4,35.0,0.202
Santa Clara,17,13,4,0.765,9.29,5.17,1.0,1.0,10,2,0,1,1247,1168,685,438,1018,0.43,140,397,0.353,231,314,0.736,193,673,239,100,67,228,238,17,13,4,0.765,9.29,5.17,1.0,1.0,10,2,0,1,1247,1168,70.4,103.4,0.308,0.39,0.534,54.5,54.6,8.3,10.5,0.499,16.3,31.8,0.227
Seattle,14,10,4,0.714,1.92,0.25,1.0,0.0,6,0,3,2,1072,965,565,368,877,0.42,133,405,0.328,203,294,0.69,174,548,187,84,41,178,268,14,10,4,0.714,1.92,0.25,1.0,0.0,6,0,3,2,1072,965,72.1,105.3,0.335,0.462,0.527,54.0,50.8,8.3,8.2,0.495,14.9,32.8,0.231
Seton Hall,15,8,7,0.533,10.75,6.32,1.0,3.0,6,2,1,3,1049,960,600,354,800,0.443,87,287,0.303,254,378,0.672,170,558,186,117,75,229,277,15,8,7,0.533,10.75,6.32,1.0,3.0,6,2,1,3,1049,960,69.1,101.2,0.473,0.359,0.535,52.4,52.5,11.3,13.2,0.497,18.9,33.0,0.318
Siena,14,9,5,0.643,-1.05,-3.12,3.0,0.0,3,1,4,3,1004,975,565,353,763,0.463,96,254,0.378,202,266,0.759,130,471,175,77,65,199,248,14,9,5,0.643,-1.05,-3.12,3.0,0.0,3,1,4,3,1004,975,67.7,104.9,0.349,0.333,0.564,52.2,49.6,8.0,11.3,0.526,18.3,30.0,0.265
South Alabama,14,6,8,0.429,-0.72,2.78,0.0,2.0,3,1,1,6,974,949,560,381,851,0.448,102,323,0.316,110,165,0.667,104,459,161,81,53,142,193,14,6,8,0.429,-0.72,2.78,0.0,2.0,3,1,1,6,974,949,68.9,100.9,0.194,0.38,0.524,46.2,42.3,8.4,8.9,0.508,13.3,20.9,0.129
South Carolina,13,7,6,0.538,-6.48,-2.25,0.0,0.0,6,0,1,2,843,898,525,312,773,0.404,101,311,0.325,118,196,0.602,173,481,149,57,41,165,197,13,7,6,0.538,-6.48,-2.25,0.0,0.0,6,0,1,2,843,898,65.3,98.4,0.254,0.402,0.487,52.8,47.8,6.7,8.6,0.469,16.0,35.8,0.153
South Carolina State,16,3,13,0.188,-17.47,-0.54,0.0,0.0,2,1,1,12,1181,1382,645,443,1060,0.418,99,326,0.304,196,283,0.693,212,564,210,119,53,214,329,16,3,13,0.188,-17.47,-0.54,0.0,0.0,2,1,1,12,1181,1382,73.6,99.6,0.267,0.308,0.494,47.1,47.4,10.0,9.3,0.465,15.2,32.2,0.185
South Carolina Upstate,13,6,7,0.462,-12.45,-3.27,1.0,1.0,5,0,1,7,921,940,525,336,722,0.465,80,226,0.354,169,262,0.645,120,408,151,100,51,170,260,13,6,7,0.462,-12.45,-3.27,1.0,1.0,5,0,1,7,921,940,68.4,102.6,0.363,0.313,0.544,46.2,44.9,11.1,10.9,0.521,16.7,28.2,0.234
South Dakota,15,7,8,0.467,-8.96,-0.65,2.0,1.0,5,2,0,5,1042,1093,600,358,836,0.428,142,348,0.408,184,241,0.763,149,522,187,71,26,202,251,15,7,8,0.467,-8.96,-0.65,2.0,1.0,5,2,0,5,1042,1093,67.2,103.4,0.288,0.416,0.548,50.3,52.2,7.0,4.6,0.513,17.5,29.4,0.22
South Dakota State,15,7,8,0.467,-3.13,4.44,2.0,1.0,4,1,1,6,1006,1083,605,348,817,0.426,105,330,0.318,205,253,0.81,94,483,158,76,40,223,211,15,7,8,0.467,-3.13,4.44,2.0,1.0,4,1,1,6,1006,1083,70.4,94.5,0.31,0.404,0.537,47.7,45.4,7.1,7.6,0.49,19.2,19.1,0.251
South Florida,14,7,7,0.5,0.7,-2.08,0.0,1.0,5,4,1,2,994,955,560,374,846,0.442,100,300,0.333,146,233,0.627,174,515,188,99,35,175,248,14,7,7,0.5,0.7,-2.08,0.0,1.0,5,4,1,2,994,955,68.8,103.2,0.275,0.355,0.52,51.8,50.3,10.3,7.7,0.501,15.5,33.7,0.173
Southeast Missouri State,15,6,9,0.4,-5.55,0.22,1.0,1.0,3,2,2,6,1087,1087,600,376,894,0.421,125,371,0.337,210,301,0.698,140,527,206,102,49,210,317,15,6,9,0.4,-5.55,0.22,1.0,1.0,3,2,2,6,1087,1087,73.8,98.3,0.337,0.415,0.524,49.1,54.8,9.2,9.7,0.49,16.8,25.9,0.235
Southeastern Louisiana,14,6,8,0.429,-7.25,1.66,0.0,1.0,4,1,1,6,1066,1076,560,385,859,0.448,116,321,0.361,180,249,0.723,142,479,186,106,21,175,259,14,6,8,0.429,-7.25,1.66,0.0,1.0,4,1,1,6,1066,1076,71.9,105.9,0.29,0.374,0.545,48.2,48.3,10.5,5.0,0.516,15.2,28.0,0.21
Southern,13,4,9,0.308,-5.37,4.81,0.0,0.0,2,0,1,8,953,983,520,350,800,0.438,108,310,0.348,145,211,0.687,108,407,202,125,26,200,287,13,4,9,0.308,-5.37,4.81,0.0,0.0,2,0,1,8,953,983,76.2,96.3,0.264,0.388,0.529,45.2,57.7,12.6,6.5,0.505,18.2,22.5,0.181
Southern California,15,11,4,0.733,9.42,3.75,3.0,1.0,7,1,2,1,1085,1000,605,391,850,0.46,87,269,0.323,214,300,0.713,152,545,212,108,85,212,254,15,11,4,0.733,9.42,3.75,3.0,1.0,7,1,2,1,1085,1000,69.1,103.7,0.353,0.316,0.547,50.2,54.2,10.3,15.2,0.511,17.6,30.2,0.252
Southern Illinois,15,11,4,0.733,3.13,-2.38,3.0,1.0,6,1,4,2,1022,908,605,368,788,0.467,125,385,0.325,161,220,0.732,98,484,220,119,29,206,245,15,11,4,0.733,3.13,-2.38,3.0,1.0,6,1,4,2,1022,908,66.3,101.9,0.279,0.489,0.573,50.2,59.8,11.9,5.4,0.546,18.8,22.1,0.204
SIU Edwardsville,15,10,5,0.667,-0.04,-1.37,1.0,1.0,5,1,3,4,1129,1035,600,389,868,0.448,104,306,0.34,247,339,0.729,178,550,185,114,71,190,242,15,10,5,0.667,-0.04,-1.37,1.0,1.0,5,1,3,4,1129,1035,69.8,107.8,0.391,0.353,0.549,51.5,47.6,10.9,12.8,0.508,15.6,34.1,0.285
Southern Indiana,15,8,7,0.533,-6.54,-3.13,1.0,1.0,6,0,1,7,1155,1091,605,404,903,0.447,151,376,0.402,196,290,0.676,176,560,217,138,36,223,279,15,8,7,0.533,-6.54,-3.13,1.0,1.0,6,0,1,7,1155,1091,71.9,106.3,0.321,0.416,0.555,52.8,53.7,12.7,7.5,0.531,17.6,32.5,0.217
Southern Methodist,14,6,8,0.429,2.17,2.31,1.0,0.0,4,4,0,3,979,981,565,361,837,0.431,90,274,0.328,167,237,0.705,132,509,175,79,56,173,240,14,6,8,0.429,2.17,2.31,1.0,0.0,4,4,0,3,979,981,69.8,99.3,0.283,0.327,0.515,49.7,48.5,8.0,10.2,0.485,15.4,26.7,0.2
Southern Mississippi,15,13,2,0.867,8.65,-3.1,2.0,0.0,8,0,3,2,1168,919,600,436,921,0.473,107,332,0.322,189,280,0.675,186,577,232,142,45,178,247,15,13,2,0.867,8.65,-3.1,2.0,0.0,8,0,3,2,1168,919,69.7,111.7,0.304,0.36,0.554,54.1,53.2,13.6,9.4,0.531,14.4,35.0,0.205
Southern Utah,15,10,5,0.667,1.59,1.77,2.0,0.0,6,1,2,3,1343,1110,620,469,984,0.477,123,376,0.327,282,388,0.727,182,621,215,144,54,201,287,15,10,5,0.667,1.59,1.77,2.0,0.0,6,1,2,3,1343,1110,76.3,113.6,0.394,0.382,0.575,54.0,45.8,12.2,9.2,0.539,14.7,31.9,0.287
St. Bonaventure,14,7,7,0.5,0.61,-1.39,1.0,0.0,6,1,0,4,955,927,565,348,805,0.432,102,292,0.349,157,227,0.692,149,476,167,98,54,184,254,14,7,7,0.5,0.61,-1.39,1.0,0.0,6,1,0,4,955,927,66.9,101.2,0.282,0.363,0.523,50.1,48.0,10.4,11.3,0.496,16.8,30.9,0.195
St. Francis (NY),13,6,7,0.462,-14.75,-7.12,0.0,1.0,5,1,1,6,846,869,520,302,768,0.393,78,257,0.304,164,227,0.722,156,452,163,107,63,166,197,13,6,7,0.462,-14.75,-7.12,0.0,1.0,5,1,1,6,846,869,68.1,95.6,0.296,0.335,0.483,47.9,54.0,12.1,11.5,0.444,15.9,31.5,0.214
St. John's (NY),15,11,4,0.733,7.5,-0.36,1.0,3.0,8,1,0,3,1179,1061,605,455,999,0.455,91,294,0.31,178,258,0.69,203,622,242,135,63,201,235,15,11,4,0.733,7.5,-0.36,1.0,3.0,8,1,0,3,1179,1061,73.8,105.6,0.258,0.294,0.526,53.9,53.2,12.1,10.9,0.501,15.2,34.7,0.178
St. Thomas,17,11,6,0.647,-2.21,-4.41,2.0,2.0,7,0,2,6,1304,1188,680,455,954,0.477,154,399,0.386,240,310,0.774,133,540,219,101,37,178,272,17,11,6,0.647,-2.21,-4.41,2.0,2.0,7,0,2,6,1304,1188,66.9,114.7,0.325,0.418,0.592,49.4,48.1,8.9,6.2,0.558,13.9,25.0,0.252
Stanford,14,5,9,0.357,10.43,7.22,0.0,4.0,3,4,0,1,954,909,560,339,780,0.435,99,321,0.308,177,246,0.72,142,485,186,96,56,196,241,14,5,9,0.357,10.43,7.22,0.0,4.0,3,4,0,1,954,909,68.0,100.2,0.315,0.412,0.532,52.4,54.9,10.1,11.6,0.498,17.9,29.6,0.227
Stephen F. Austin,15,10,5,0.667,-1.55,-3.47,2.0,0.0,6,2,3,0,1167,996,605,417,859,0.485,101,259,0.39,232,315,0.737,170,517,250,141,36,244,300,15,10,5,0.667,-1.55,-3.47,2.0,0.0,6,2,3,0,1167,996,71.4,108.1,0.367,0.302,0.579,52.4,60.0,13.1,7.3,0.544,19.5,34.9,0.27
Stetson,12,6,6,0.5,-4.34,1.36,1.0,0.0,2,0,3,5,905,864,490,337,734,0.459,120,321,0.374,111,153,0.725,142,422,177,72,42,128,183,12,6,6,0.5,-4.34,1.36,1.0,0.0,2,0,3,5,905,864,64.9,113.8,0.208,0.437,0.561,50.3,52.5,9.1,9.1,0.541,13.7,34.3,0.151
Stonehill,16,5,11,0.313,-11.89,-2.95,1.0,1.0,1,2,3,8,1125,1212,640,391,879,0.445,133,371,0.358,210,274,0.766,93,484,192,121,48,216,260,16,5,11,0.313,-11.89,-2.95,1.0,1.0,1,2,3,8,1125,1212,71.1,98.9,0.312,0.422,0.557,44.7,49.1,10.6,8.5,0.52,17.6,18.0,0.239
Stony Brook,14,5,9,0.357,-13.65,-2.07,1.0,0.0,4,1,1,7,892,969,560,298,726,0.41,114,351,0.325,182,251,0.725,106,483,163,71,34,182,192,14,5,9,0.357,-13.65,-2.07,1.0,0.0,4,1,1,7,892,969,65.9,96.7,0.346,0.483,0.528,49.7,54.7,7.7,8.0,0.489,17.7,22.9,0.251
Syracuse,14,9,5,0.643,5.49,-1.01,2.0,1.0,7,3,1,1,1058,967,570,397,856,0.464,84,248,0.339,180,243,0.741,154,517,207,113,83,160,188,14,9,5,0.643,5.49,-1.01,2.0,1.0,7,3,1,1,1058,967,68.4,108.5,0.284,0.29,0.545,49.3,52.1,11.6,18.0,0.513,14.1,31.4,0.21
Tarleton State,14,7,7,0.5,-1.26,3.29,1.0,1.0,5,0,0,6,1041,944,560,362,773,0.468,68,197,0.345,249,372,0.669,144,443,190,156,35,183,295,14,7,7,0.5,-1.26,3.29,1.0,1.0,5,0,0,6,1041,944,70.7,105.2,0.481,0.255,0.548,48.5,52.5,15.8,8.4,0.512,16.2,30.3,0.322
TCU,13,12,1,0.923,13.93,-2.91,1.0,0.0,8,1,0,0,1015,796,520,368,813,0.453,73,250,0.292,206,292,0.705,174,517,220,117,65,150,195,13,12,1,0.923,13.93,-2.91,1.0,0.0,8,1,0,0,1015,796,71.9,108.6,0.359,0.308,0.533,53.5,59.8,12.5,13.1,0.498,13.6,36.3,0.253
Temple,15,8,7,0.533,3.38,2.71,2.0,0.0,5,3,2,2,1033,1023,610,353,826,0.427,117,350,0.334,210,277,0.758,142,522,199,71,61,205,259,15,8,7,0.533,3.38,2.71,2.0,0.0,5,3,2,2,1033,1023,66.8,101.5,0.335,0.424,0.539,49.4,56.4,7.0,9.9,0.498,17.6,28.1,0.254
Tennessee,13,11,2,0.846,24.49,3.96,1.0,0.0,6,0,1,1,959,692,525,321,767,0.419,102,315,0.324,215,301,0.714,193,539,222,139,54,180,213,13,11,2,0.846,24.49,3.96,1.0,0.0,6,0,1,1,959,692,68.6,106.6,0.392,0.411,0.527,55.7,69.2,15.4,13.5,0.485,16.5,39.5,0.28
Tennessee State,15,9,6,0.6,-7.33,-7.15,1.0,1.0,8,2,0,3,1212,1114,601,424,901,0.471,130,367,0.354,234,326,0.718,146,529,214,91,53,185,279,15,9,6,0.6,-7.33,-7.15,1.0,1.0,8,2,0,3,1212,1114,72.7,111.1,0.362,0.407,0.574,50.8,50.5,8.3,10.1,0.543,14.9,28.1,0.26
Tennessee Tech,15,4,11,0.267,-12.29,0.21,0.0,2.0,4,3,0,8,1056,1104,615,392,931,0.421,120,365,0.329,152,217,0.7,168,549,211,107,31,200,227,15,4,11,0.267,-12.29,0.21,0.0,2.0,4,3,0,8,1056,1104,69.4,99.0,0.233,0.392,0.511,49.5,53.8,10.0,5.9,0.485,16.2,29.4,0.163
Tennessee-Martin,15,9,6,0.6,-9.95,-5.32,1.0,1.0,8,0,1,6,1242,1102,605,447,975,0.458,134,382,0.351,214,304,0.704,182,605,232,130,55,178,285,15,9,6,0.6,-9.95,-5.32,1.0,1.0,8,0,1,6,1242,1102,74.0,110.9,0.312,0.392,0.555,52.0,51.9,11.6,9.5,0.527,13.7,32.0,0.219
Texas,13,12,1,0.923,20.96,0.96,1.0,0.0,9,0,1,0,1075,815,530,408,824,0.495,99,293,0.338,160,225,0.711,148,491,238,106,54,151,217,13,12,1,0.923,20.96,0.96,1.0,0.0,9,0,1,0,1075,815,70.4,115.2,0.273,0.356,0.577,52.6,58.3,11.4,11.8,0.555,14.0,32.0,0.194
Texas A&M,13,8,5,0.615,6.85,-0.23,0.0,0.0,6,1,1,1,984,892,520,322,719,0.448,86,265,0.325,254,343,0.741,156,466,180,108,36,167,257,13,8,5,0.615,6.85,-0.23,0.0,0.0,6,1,1,1,984,892,69.0,109.7,0.477,0.369,0.558,53.0,55.9,12.0,9.5,0.508,15.9,35.8,0.353
Texas A&M-Commerce,15,5,10,0.333,-9.48,-2.4,1.0,0.0,2,0,2,8,1045,1089,610,390,888,0.439,119,422,0.282,146,212,0.689,146,506,203,95,46,199,288,15,5,10,0.333,-9.48,-2.4,1.0,0.0,2,0,2,8,1045,1089,68.1,100.6,0.239,0.475,0.528,49.9,52.1,9.1,9.1,0.506,16.8,28.0,0.164
Texas A&M-Corpus Christi,14,8,6,0.571,-3.0,-0.7,1.0,0.0,6,0,1,5,1093,1012,560,392,897,0.437,105,327,0.321,204,267,0.764,172,523,215,138,27,187,255,14,8,6,0.571,-3.0,-0.7,1.0,0.0,6,0,1,5,1093,1012,73.9,105.6,0.298,0.365,0.534,51.0,54.8,13.3,6.3,0.496,15.4,32.6,0.227
Texas Southern,13,4,9,0.308,-6.29,7.98,0.0,0.0,3,1,0,7,875,946,530,339,832,0.407,61,233,0.262,136,223,0.61,173,502,152,87,46,176,214,13,4,9,0.308,-6.29,7.98,0.0,0.0,3,1,0,7,875,946,71.0,93.1,0.268,0.28,0.466,50.5,44.8,9.3,9.6,0.444,15.8,32.6,0.163
Texas State,15,7,8,0.467,-3.71,-1.8,0.0,2.0,2,5,3,2,986,982,600,357,838,0.426,68,243,0.28,204,291,0.701,160,497,149,107,62,186,271,15,7,8,0.467,-3.71,-1.8,0.0,2.0,2,5,3,2,986,982,66.8,98.4,0.347,0.29,0.505,50.7,41.7,10.7,12.1,0.467,16.0,31.1,0.243
Texas Tech,13,10,3,0.769,15.43,-1.95,0.0,1.0,8,0,0,1,1041,815,520,365,724,0.504,98,267,0.367,213,300,0.71,128,470,205,122,43,190,198,13,10,3,0.769,15.43,-1.95,0.0,1.0,8,0,0,1,1041,815,71.7,111.7,0.414,0.369,0.601,54.6,56.2,13.1,9.7,0.572,18.0,32.2,0.294
Texas-Rio Grande Valley,14,8,6,0.571,-10.95,-2.85,0.0,2.0,7,0,1,6,1165,1120,565,408,822,0.496,89,256,0.348,260,378,0.688,151,538,222,75,55,235,275,14,8,6,0.571,-10.95,-2.85,0.0,2.0,7,0,1,6,1165,1120,76.6,107.7,0.46,0.311,0.582,52.8,54.4,6.9,10.1,0.55,19.0,31.4,0.316
The Citadel,14,6,8,0.429,-8.51,-1.66,1.0,1.0,3,3,2,4,990,1036,560,352,820,0.429,110,336,0.327,176,225,0.782,113,487,178,72,33,173,254,14,6,8,0.429,-8.51,-1.66,1.0,1.0,3,3,2,4,990,1036,70.4,100.4,0.274,0.41,0.534,47.3,50.6,7.3,6.8,0.496,15.7,23.0,0.215
Toledo,13,9,4,0.692,4.34,-0.41,0.0,0.0,5,0,2,2,1105,1033,520,403,832,0.484,105,280,0.375,194,257,0.755,150,475,199,94,41,147,209,13,9,4,0.692,4.34,-0.41,0.0,0.0,5,0,2,2,1105,1033,73.5,115.6,0.309,0.337,0.579,51.7,49.4,9.8,7.9,0.547,13.4,33.0,0.233
Towson,14,8,6,0.571,-1.81,-3.45,0.0,1.0,2,2,4,2,971,948,570,348,792,0.439,85,256,0.332,190,272,0.699,176,515,196,94,49,190,222,14,8,6,0.571,-1.81,-3.45,0.0,1.0,2,2,4,2,971,948,65.4,104.2,0.343,0.323,0.527,53.5,56.3,10.1,10.9,0.493,17.1,36.3,0.24
Troy,15,9,6,0.6,2.88,-0.12,1.0,1.0,4,1,4,4,1148,981,600,416,916,0.454,123,372,0.331,193,274,0.704,171,514,218,135,43,191,268,15,9,6,0.6,2.88,-0.12,1.0,1.0,4,1,4,4,1148,981,70.5,108.6,0.299,0.406,0.549,50.9,52.4,12.8,8.4,0.521,15.4,32.4,0.211
Tulane,13,8,5,0.615,4.52,-2.63,1.0,1.0,6,1,0,1,1038,945,520,359,786,0.457,96,300,0.32,224,277,0.809,92,429,202,108,53,135,216,13,8,5,0.615,4.52,-2.63,1.0,1.0,6,1,0,1,1038,945,73.9,108.0,0.352,0.382,0.566,46.4,56.3,11.2,11.1,0.518,12.8,20.4,0.285
Tulsa,13,4,9,0.308,-5.75,1.4,0.0,2.0,3,3,0,4,876,969,520,323,771,0.419,104,321,0.324,126,189,0.667,125,427,154,87,24,171,204,13,4,9,0.308,-5.75,1.4,0.0,2.0,3,3,0,4,876,969,70.0,96.3,0.245,0.416,0.509,45.7,47.7,9.6,4.7,0.486,16.6,26.4,0.163
UAB,14,12,2,0.857,12.43,-1.88,3.0,0.0,10,0,0,1,1212,969,570,422,892,0.473,102,288,0.354,266,354,0.751,193,588,236,120,70,188,237,14,12,2,0.857,12.43,-1.88,3.0,0.0,10,0,0,1,1212,969,73.8,115.2,0.397,0.323,0.572,54.7,55.9,11.4,12.5,0.53,15.1,37.6,0.298
UC Davis,13,7,6,0.538,-0.88,0.12,0.0,1.0,3,1,1,5,1003,939,525,349,767,0.455,92,259,0.355,213,329,0.647,165,532,175,84,43,206,260,13,7,6,0.538,-0.88,0.12,0.0,1.0,3,1,1,5,1003,939,73.8,103.6,0.429,0.338,0.543,55.1,50.1,8.7,7.7,0.515,18.2,35.3,0.278
UC Irvine,13,8,5,0.615,7.07,2.98,1.0,0.0,3,2,3,3,1011,858,520,374,793,0.472,98,242,0.405,165,244,0.676,144,513,198,94,40,168,248,13,8,5,0.615,7.07,2.98,1.0,0.0,3,2,3,3,1011,858,71.8,108.2,0.308,0.305,0.556,55.4,52.9,10.1,8.5,0.533,15.6,31.6,0.208
UC Riverside,14,9,5,0.643,0.71,1.71,2.0,0.0,3,1,3,4,1027,964,565,381,853,0.447,114,334,0.341,151,211,0.716,144,527,187,69,22,169,257,14,9,5,0.643,0.71,1.71,2.0,0.0,3,1,3,4,1027,964,69.0,105.3,0.247,0.392,0.539,52.8,49.1,7.1,3.9,0.513,15.1,29.1,0.177
UC San Diego,14,6,8,0.429,-7.63,1.63,1.0,1.0,3,2,3,5,932,1002,570,334,813,0.411,100,331,0.302,164,227,0.722,142,509,168,87,29,178,227,14,6,8,0.429,-7.63,1.63,1.0,1.0,3,2,3,5,932,1002,67.2,97.3,0.279,0.407,0.506,50.0,50.3,9.1,5.5,0.472,16.2,27.5,0.202
UC Santa Barbara,13,11,2,0.846,3.84,-3.8,2.0,0.0,6,0,3,2,943,830,525,347,718,0.483,72,212,0.34,177,250,0.708,133,475,191,101,36,175,211,13,11,2,0.846,3.84,-3.8,2.0,0.0,6,0,3,2,943,830,67.3,106.8,0.348,0.295,0.563,54.8,55.0,11.4,7.5,0.533,17.3,31.9,0.247
UCLA,15,13,2,0.867,23.45,5.45,4.0,0.0,8,0,4,0,1185,915,600,466,954,0.488,93,250,0.372,160,215,0.744,161,527,232,132,55,145,231,15,13,2,0.867,23.45,5.45,4.0,0.0,8,0,4,0,1185,915,69.0,114.4,0.225,0.262,0.561,51.8,49.8,12.7,11.3,0.537,12.1,32.0,0.168
UNC Asheville,15,9,6,0.6,-4.97,-2.27,1.0,1.0,5,0,3,5,1155,1090,610,417,853,0.489,124,319,0.389,197,295,0.668,137,527,201,104,68,235,227,15,9,6,0.6,-4.97,-2.27,1.0,1.0,5,0,3,5,1155,1090,71.7,105.6,0.346,0.374,0.581,50.4,48.2,9.5,10.8,0.562,19.1,27.8,0.231
UNC Greensboro,15,8,7,0.533,-1.53,-0.53,2.0,0.0,4,1,3,4,1058,966,600,373,876,0.426,121,352,0.344,191,261,0.732,159,564,229,99,39,195,255,15,8,7,0.533,-1.53,-0.53,2.0,0.0,4,1,3,4,1058,966,69.4,101.6,0.298,0.402,0.529,51.7,61.4,9.5,7.6,0.495,16.3,29.8,0.218
UNC Wilmington,15,12,3,0.8,3.28,0.67,2.0,0.0,6,0,3,3,1072,942,600,376,823,0.457,100,287,0.348,220,312,0.705,156,509,169,104,48,167,276,15,12,3,0.8,3.28,0.67,2.0,0.0,6,0,3,3,1072,942,65.4,109.3,0.379,0.349,0.552,51.0,44.9,10.6,9.5,0.518,14.7,31.5,0.267
UT Arlington,15,5,10,0.333,-5.44,3.06,0.0,2.0,3,3,1,4,999,960,600,354,883,0.401,81,294,0.276,210,310,0.677,216,587,177,102,56,203,273,15,5,10,0.333,-5.44,3.06,0.0,2.0,3,3,1,4,999,960,67.7,98.3,0.351,0.333,0.485,53.8,50.0,10.0,10.9,0.447,16.5,37.8,0.238
Utah,15,11,4,0.733,14.62,2.15,4.0,0.0,7,1,3,1,1102,915,605,397,856,0.464,105,291,0.361,203,291,0.698,158,626,221,72,79,199,240,15,11,4,0.733,14.62,2.15,4.0,0.0,7,1,3,1,1102,915,68.5,106.4,0.34,0.34,0.554,54.8,55.7,6.9,13.5,0.525,16.7,31.3,0.237
Utah State,14,12,2,0.857,16.44,4.75,1.0,0.0,7,1,1,0,1173,983,565,402,813,0.494,154,357,0.431,215,291,0.739,116,513,258,69,52,172,249,14,12,2,0.857,16.44,4.75,1.0,0.0,7,1,1,0,1173,983,71.6,115.9,0.358,0.439,0.617,53.9,64.2,6.8,9.6,0.589,15.3,26.1,0.264
Utah Tech,15,9,6,0.6,0.36,0.53,1.0,1.0,6,0,2,6,1156,1048,600,389,859,0.453,127,343,0.37,251,356,0.705,166,546,215,117,35,210,274,15,9,6,0.6,0.36,0.53,1.0,1.0,6,0,2,6,1156,1048,71.6,107.6,0.414,0.399,0.562,54.5,55.3,10.9,7.0,0.527,17.0,32.2,0.292
Utah Valley,15,11,4,0.733,6.14,1.97,2.0,0.0,7,0,3,3,1158,1009,615,402,902,0.446,113,353,0.32,241,327,0.737,157,599,248,115,97,195,270,15,11,4,0.733,6.14,1.97,2.0,0.0,7,0,3,3,1158,1009,71.1,105.9,0.363,0.391,0.548,51.5,61.7,10.5,15.4,0.508,15.6,29.0,0.267
UTEP,14,8,6,0.571,-0.76,2.07,1.0,2.0,8,2,0,4,984,941,590,352,778,0.452,65,244,0.266,215,358,0.601,153,525,185,128,42,232,254,14,8,6,0.571,-0.76,2.07,1.0,2.0,8,2,0,4,984,941,70.0,95.3,0.46,0.314,0.519,51.2,52.6,12.4,8.5,0.494,19.7,30.5,0.276
UTSA,14,6,8,0.429,-10.34,-1.18,0.0,3.0,6,3,0,5,964,1040,566,319,792,0.403,116,329,0.353,210,288,0.729,148,497,169,56,40,197,255,14,6,8,0.429,-10.34,-1.18,0.0,3.0,6,3,0,5,964,1040,69.2,98.5,0.364,0.415,0.519,48.3,53.0,5.7,7.1,0.476,17.5,28.7,0.265
Valparaiso,15,6,9,0.4,-10.67,-2.74,0.0,4.0,5,2,0,6,1025,1100,610,388,899,0.432,87,300,0.29,162,229,0.707,133,527,188,89,33,196,257,15,6,9,0.4,-10.67,-2.74,0.0,4.0,5,2,0,6,1025,1100,69.9,96.2,0.255,0.334,0.509,49.2,48.5,8.3,5.6,0.48,16.3,24.4,0.18
Vanderbilt,13,7,6,0.538,6.67,2.75,0.0,0.0,5,3,1,1,908,857,525,329,763,0.431,109,327,0.333,141,207,0.681,147,487,166,67,73,164,217,13,7,6,0.538,6.67,2.75,0.0,0.0,5,3,1,1,908,857,67.0,103.2,0.271,0.429,0.527,52.3,50.5,7.6,15.1,0.503,16.0,31.2,0.185
Vermont,15,7,8,0.467,-2.18,1.25,1.0,0.0,2,1,4,4,1025,1035,612,379,837,0.453,121,351,0.345,146,214,0.682,105,484,188,79,31,181,248,15,7,8,0.467,-2.18,1.25,1.0,0.0,2,1,4,4,1025,1035,66.2,101.3,0.256,0.419,0.546,49.2,49.6,7.8,5.8,0.525,16.2,21.2,0.174
Villanova,14,7,7,0.5,8.85,5.71,1.0,2.0,5,1,1,3,991,947,565,331,757,0.437,127,377,0.337,202,240,0.842,105,451,168,71,23,142,217,14,7,7,0.5,8.85,5.71,1.0,2.0,5,1,1,3,991,947,64.5,108.8,0.317,0.498,0.569,49.3,50.8,7.8,5.3,0.521,14.0,23.8,0.267
Virginia,12,10,2,0.833,16.33,4.49,2.0,1.0,6,1,2,1,842,700,480,280,611,0.458,84,229,0.367,198,281,0.705,102,397,190,82,58,117,171,12,10,2,0.833,16.33,4.49,2.0,1.0,6,1,2,1,842,700,63.2,110.9,0.46,0.375,0.565,51.3,67.9,10.8,14.9,0.527,13.6,27.6,0.324
Virginia Commonwealth,14,10,4,0.714,4.66,-1.34,1.0,0.0,9,1,0,2,972,888,560,317,720,0.44,84,264,0.318,254,360,0.706,123,462,170,134,70,219,228,14,10,4,0.714,4.66,-1.34,1.0,0.0,9,1,0,2,972,888,70.4,98.6,0.5,0.367,0.545,49.1,53.6,13.6,13.4,0.499,19.7,27.2,0.353
VMI,15,5,10,0.333,-13.96,-2.38,0.0,2.0,5,1,0,7,1111,1119,605,402,917,0.438,157,417,0.376,150,197,0.761,159,555,191,87,20,198,236,15,5,10,0.333,-13.96,-2.38,0.0,2.0,5,1,0,7,1111,1119,69.5,105.7,0.215,0.455,0.55,52.1,47.5,8.3,4.4,0.524,16.4,30.1,0.164
Virginia Tech,14,11,3,0.786,12.36,0.94,1.0,2.0,8,0,0,3,1055,895,565,399,832,0.48,110,317,0.347,147,200,0.735,130,510,203,70,52,137,211,14,11,3,0.786,12.36,0.94,1.0,2.0,8,0,0,3,1055,895,66.4,112.6,0.24,0.381,0.569,51.8,50.9,7.5,9.5,0.546,12.9,28.6,0.177
Wagner,13,8,5,0.615,-11.9,-8.45,1.0,1.0,4,1,4,4,846,820,525,310,790,0.392,99,307,0.322,127,200,0.635,175,479,167,97,23,146,278,13,8,5,0.615,-11.9,-8.45,1.0,1.0,4,1,4,4,846,820,65.1,98.9,0.253,0.389,0.478,53.0,53.9,11.3,6.1,0.455,14.2,34.2,0.161
Wake Forest,14,10,4,0.714,7.66,3.09,2.0,1.0,8,0,1,2,1059,995,570,368,806,0.457,119,334,0.356,204,270,0.756,127,499,177,93,35,188,223,14,10,4,0.714,7.66,3.09,2.0,1.0,8,0,1,2,1059,995,70.3,105.7,0.335,0.414,0.567,51.4,48.1,9.3,7.5,0.53,16.8,26.7,0.253
Washington,15,9,6,0.6,6.42,5.15,1.0,3.0,7,4,0,2,1032,1013,605,365,851,0.429,91,300,0.303,211,280,0.754,133,500,165,108,91,201,243,15,9,6,0.6,6.42,5.15,1.0,3.0,7,4,0,2,1032,1013,69.0,98.9,0.329,0.353,0.524,48.2,45.2,10.3,16.5,0.482,17.0,26.7,0.248
Washington State,15,6,9,0.4,10.46,6.79,1.0,3.0,4,2,1,3,1040,985,605,367,834,0.44,128,352,0.364,178,246,0.724,166,525,174,73,40,204,250,15,6,9,0.4,10.46,6.79,1.0,3.0,4,2,1,3,1040,985,65.1,105.7,0.295,0.422,0.547,53.6,47.4,7.4,7.0,0.517,17.7,33.4,0.213
Weber State,15,7,8,0.467,-2.79,0.6,2.0,0.0,4,1,2,5,1021,1025,600,349,782,0.446,106,313,0.339,217,268,0.81,98,457,171,83,26,202,255,15,7,8,0.467,-2.79,0.6,2.0,0.0,4,1,2,5,1021,1025,67.6,100.8,0.343,0.4,0.561,49.1,49.0,8.2,5.2,0.514,18.2,21.2,0.277
West Virginia,13,10,3,0.769,16.98,3.52,0.0,1.0,7,0,1,2,1052,877,525,371,764,0.486,97,261,0.372,213,299,0.712,146,464,193,96,35,166,253,13,10,3,0.769,16.98,3.52,0.0,1.0,7,0,1,2,1052,877,70.6,113.5,0.391,0.342,0.581,53.3,52.0,10.4,7.6,0.549,15.5,34.5,0.279
Western Carolina,15,8,7,0.533,-9.91,-4.99,1.0,1.0,4,3,2,4,1155,1036,610,392,919,0.427,148,416,0.356,223,310,0.719,175,592,208,92,37,183,257,15,8,7,0.533,-9.91,-4.99,1.0,1.0,4,3,2,4,1155,1036,70.4,107.5,0.337,0.453,0.542,53.7,53.1,8.6,5.7,0.507,14.6,31.4,0.243
Western Illinois,14,8,6,0.571,-8.31,-4.5,1.0,2.0,6,1,2,5,1060,1005,560,376,813,0.462,95,300,0.317,213,296,0.72,122,492,203,90,55,167,200,14,8,6,0.571,-8.31,-4.5,1.0,2.0,6,1,2,5,1060,1005,71.5,105.9,0.364,0.369,0.556,50.1,54.0,9.0,9.6,0.521,14.9,25.4,0.262
Western Kentucky,13,8,5,0.615,-3.68,-4.59,0.0,2.0,4,1,2,3,971,877,520,356,768,0.464,111,285,0.389,148,222,0.667,114,464,199,82,76,148,199,13,8,5,0.615,-3.68,-4.59,0.0,2.0,4,1,2,3,971,877,69.9,106.9,0.289,0.371,0.556,49.0,55.9,9.0,16.0,0.536,14.5,25.4,0.193
Western Michigan,13,4,9,0.308,-10.85,-0.95,0.0,0.0,3,2,1,6,889,887,520,339,767,0.442,106,315,0.337,105,154,0.682,166,505,169,61,30,176,193,13,4,9,0.308,-10.85,-0.95,0.0,0.0,3,2,1,6,889,887,65.3,104.7,0.201,0.411,0.529,57.1,49.9,7.2,7.0,0.511,17.3,37.1,0.137
Wichita State,14,7,7,0.5,5.33,1.61,0.0,2.0,5,3,1,2,907,855,565,335,792,0.423,93,318,0.292,144,210,0.686,134,514,144,78,58,169,207,14,7,7,0.5,5.33,1.61,0.0,2.0,5,3,1,2,907,855,65.7,97.7,0.265,0.402,0.509,50.7,43.0,8.4,11.5,0.482,15.9,28.3,0.182
William & Mary,14,5,9,0.357,-7.54,1.21,0.0,1.0,5,2,0,7,963,958,560,344,794,0.433,104,286,0.364,171,255,0.671,166,488,183,102,30,165,226,14,5,9,0.357,-7.54,1.21,0.0,1.0,5,2,0,7,963,958,65.1,105.6,0.321,0.36,0.526,51.2,53.2,11.2,6.2,0.499,15.3,33.7,0.215
Winthrop,15,6,9,0.4,-8.03,-0.49,1.0,1.0,5,1,0,7,1098,1127,600,375,814,0.461,123,354,0.347,225,303,0.743,135,500,173,85,55,225,248,15,6,9,0.4,-8.03,-0.49,1.0,1.0,5,1,0,7,1098,1127,69.8,104.9,0.372,0.435,0.573,48.4,46.1,8.1,9.7,0.536,19.0,28.2,0.276
Wisconsin,12,10,2,0.833,11.55,3.88,2.0,0.0,5,1,2,0,827,735,495,295,685,0.431,107,281,0.381,130,187,0.695,95,400,159,90,22,117,187,12,10,2,0.833,11.55,3.88,2.0,0.0,5,1,2,0,827,735,64.1,104.3,0.273,0.41,0.534,48.9,53.9,11.3,5.6,0.509,13.1,22.9,0.19
Wofford,15,8,7,0.533,-2.98,-1.81,0.0,2.0,7,2,1,5,1130,1019,600,412,885,0.466,117,365,0.321,189,249,0.759,152,522,190,87,27,170,195,15,8,7,0.533,-2.98,-1.81,0.0,2.0,7,2,1,5,1130,1019,67.9,110.9,0.281,0.412,0.563,55.0,46.1,8.5,5.1,0.532,14.5,32.4,0.214
Wright State,14,7,7,0.5,-4.6,-3.27,0.0,3.0,3,3,2,3,1091,1012,570,443,886,0.5,77,218,0.353,128,184,0.696,127,494,223,101,38,183,205,14,7,7,0.5,-4.6,-3.27,0.0,3.0,3,3,2,3,1091,1012,72.4,105.7,0.208,0.246,0.56,51.8,50.3,9.8,7.6,0.543,15.8,27.1,0.144
Wyoming,14,5,9,0.357,1.69,2.23,0.0,2.0,4,3,0,1,992,966,565,343,762,0.45,125,368,0.34,181,262,0.691,117,468,168,70,29,167,206,14,5,9,0.357,1.69,2.23,0.0,2.0,4,3,0,1,992,966,66.4,105.8,0.344,0.483,0.56,50.6,49.0,7.5,6.1,0.532,15.9,25.7,0.238
Xavier,15,12,3,0.8,16.87,7.0,4.0,0.0,8,1,3,0,1257,1109,600,458,901,0.508,111,275,0.404,230,317,0.726,146,564,315,113,64,210,254,15,12,3,0.8,16.87,7.0,4.0,0.0,8,1,3,0,1257,1109,74.5,112.5,0.352,0.305,0.598,54.0,68.8,10.1,10.3,0.57,16.6,30.4,0.255
Yale,14,10,4,0.714,8.38,-3.79,0.0,1.0,4,0,4,4,1055,797,565,405,848,0.478,110,331,0.332,135,194,0.696,162,565,214,89,61,165,239,14,10,4,0.714,8.38,-3.79,0.0,1.0,4,0,4,4,1055,797,66.4,112.5,0.229,0.39,0.561,57.0,52.8,9.5,12.3,0.542,14.9,34.8,0.159
Youngstown State,15,10,5,0.667,2.59,-3.65,2.0,2.0,5,2,4,3,1261,1100,610,462,937,0.493,118,313,0.377,219,279,0.785,172,551,216,112,43,195,237,15,10,5,0.667,2.59,-3.65,2.0,2.0,5,2,4,3,1261,1100,71.2,116.2,0.298,0.334,0.59,53.3,46.8,10.3,7.1,0.556,15.4,34.1,0.234
